tournament_id,match_id,game_id
2283,542205,233427
2283,542195,233398
2283,542195,233397
2283,542207,233431
2283,542196,233401
2283,542196,233402
2283,542205,233428
2283,542196,233400
2283,542207,233430
2283,542212,233445
2283,542212,233446
2283,542200,233412
2283,542211,233443
2283,542201,233415
2283,542200,233413
2283,542211,233442
2283,542201,233416
2283,542197,233403
2283,542197,233404
2283,542208,233433
2283,542197,233405
2283,542213,233449
2283,542213,233448
2283,542208,233434
2283,542208,233435
2283,542202,233419
2283,542202,233418
2283,542202,233420
2283,542209,233437
2283,542209,233436
2283,542198,233406
2283,542209,233438
2283,542198,233407
2283,542203,233421
2283,542203,233423
2283,542203,233422
2283,542198,233408
2283,542214,233452
2283,542210,233439
2283,542199,233409
2283,542199,233410
2283,542210,233440
2283,542215,233454
2283,542215,233455
2283,542204,233424
2283,542204,233425
2283,542214,233451
2283,542265,233460
2283,542265,233461
2283,542265,233462
2283,542267,233467
2283,542267,233466
2283,542264,233457
2283,542264,233458
2283,542273,233483
2283,542264,233459
2283,542274,233487
2283,542266,233463
2283,542273,233484
2283,542266,233464
2283,542273,233485
2283,542274,233486
2283,542274,233488
2283,542269,233472
2283,542268,233469
2283,542269,233473
2283,542268,233471
2283,542268,233470
2283,542269,233474
2283,542277,233492
2283,542277,233493
2283,542277,233494
2283,542276,233489
2283,542276,233490
2283,542276,233491
2283,542278,233496
2283,542278,233495
2283,542270,233475
2283,542279,233498
2283,542270,233476
2283,542279,233500
2590,538566,232748
2283,542279,233499
2590,538566,232749
2590,538565,232745
2283,542279,233501
2590,538565,232747
2590,538567,232751
2590,538565,232746
2590,538567,232752
2590,538568,232754
2590,538568,232755
2590,538568,232756
2590,538569,232757
2283,542272,233478
2283,542272,233479
2283,542272,233480
2590,538569,232758
2283,542272,233481
2283,542272,233482
2590,538570,232761
2590,538570,232760
2590,538572,232767
2590,538571,232765
2590,538569,232759
2590,538570,232762
2590,538572,232766
2590,538571,232763
2590,538571,232764
2590,538573,232769
2590,538573,232771
2590,538573,232770
2590,538572,232768
2590,538574,232773
2590,538574,232772
2590,538576,232780
2590,538574,232774
2590,538576,232781
2590,538575,232776
2590,538576,232782
2590,538575,232775
2501,509801,224713
2501,509801,224714
2590,538575,232777
2501,509802,224716
2501,509802,224717
2501,509802,224718
2501,509803,224720
2501,509803,224719
2501,509803,224721
2501,509804,224724
2501,509804,224722
2501,509804,224723
2501,509805,224725
2501,509805,224726
2501,509806,224728
2501,509806,224730
2501,509807,224731
2501,509807,224732
2501,509806,224729
2501,509808,224734
2501,509809,224737
2501,509809,224738
2501,509808,224735
2501,509810,224740
2501,509810,224741
2501,509811,224743
2501,509811,224744
2501,509812,224746
2501,509812,224747
2501,509815,224755
2501,509816,224758
2501,509813,224751
2501,509813,224749
2501,509813,224750
2501,509815,224756
2501,509817,224761
2501,509816,224759
2501,509814,224752
2501,509814,224753
2501,509814,224754
2501,509817,224762
2501,509818,224764
2501,509817,224763
2501,509818,224765
2501,509818,224766
2501,509819,224768
2501,509820,224770
2501,509819,224767
2501,509821,224773
2501,509821,224774
2501,509820,224771
2501,509822,224778
2501,509823,224780
2501,509822,224776
2501,509822,224777
2501,509823,224779
2501,509824,224782
2501,509824,224783
2501,509824,224784
2501,509825,224786
2501,509825,224785
2501,509825,224787
2501,509826,224788
2501,509827,224791
2501,509826,224790
2501,509827,224792
2501,509826,224789
2501,509829,224795
2501,509829,224794
2501,509829,224796
2501,509830,224797
2501,509831,224801
2501,509830,224798
2501,509831,224800
2501,530902,231348
2501,530902,231349
2501,530903,231351
2501,530902,231350
2501,530903,231352
2501,530904,231355
2501,530906,231361
2501,530906,231362
2501,530905,231358
2501,530906,231360
2501,530905,231357
2501,530904,231356
2501,530907,231365
2501,530904,231354
2501,530907,231363
2501,530907,231364
2501,530908,231366
2501,530908,231367
2501,530909,231369
2501,530909,231370
2501,530910,231373
2501,530910,231372
2501,530911,233203
2501,530911,231376
2501,530911,231377
2501,530912,231378
2501,530912,231379
2498,511543,226424
2501,530913,231383
2501,530912,231380
2498,511543,226425
2501,530912,231381
2501,530913,231385
2501,530913,231384
2498,511543,226426
2498,511544,226428
2498,511544,226427
2498,511545,226430
2498,511546,226434
2498,511546,226435
2498,511546,226433
2498,511545,226431
2498,511547,226436
2498,511547,226437
2498,511547,226438
2498,511545,226432
2498,511548,226439
2498,511548,226441
2498,511548,226440
2498,511549,226442
2498,511549,226444
2498,511549,226443
2498,511550,226445
2498,511550,226446
2498,511550,226447
2498,511551,226449
2498,511551,226448
2498,511552,226453
2498,511552,226452
2498,511552,226451
2498,511554,226458
2498,511553,226454
2498,511554,226457
2498,511553,226455
2498,511563,226463
2498,511562,226460
2498,511562,226462
2498,511564,226466
2498,511562,226461
2498,511563,226464
2498,511564,226467
2498,511564,226468
2498,511565,226471
2498,511565,226469
2498,511565,226470
2498,511566,230237
2498,511566,226473
2498,511567,226475
2498,511567,226476
2498,511566,226474
2498,511568,226478
2498,511568,226479
2498,511569,226481
2498,511569,226482
2498,511569,226483
2498,511570,226484
2498,511570,226485
2498,511570,226486
2498,511571,226487
2498,511571,226488
2498,511572,226490
2498,511572,226491
2498,511572,226492
2498,511575,226496
2498,511575,226497
2498,511573,226494
2498,511575,226498
2498,511573,226493
2498,511576,226499
2498,511577,226502
2498,511576,226500
2498,511577,226503
2498,511579,226506
2498,511579,226507
2498,511579,226505
2498,511581,226512
2498,511581,226513
2498,511580,226509
2498,511580,226508
2498,511581,226511
2498,530925,231392
2498,530925,231393
2498,530925,231391
2498,530928,231401
2498,530928,231400
2498,530924,231390
2498,530929,231404
2498,530929,231405
2498,530924,231388
2498,530924,231389
2498,530926,231394
2498,530929,231403
2498,530927,231397
2498,530927,231398
2498,530926,231395
2498,530926,232628
2498,530930,231406
2498,530931,231409
2498,530930,231407
2498,530931,231410
2498,530933,231416
2498,530932,231412
2498,530933,231417
2498,530932,231413
2498,530933,231415
2498,530932,231414
2498,530934,231418
2498,530934,233349
2498,530934,231419
2498,530935,231423
2500,508815,223654
2498,530935,231424
2498,530935,231425
2500,508815,223655
2500,508816,223657
2500,508816,223659
2500,508816,223658
2500,508818,227727
2500,508817,223660
2500,508818,223664
2500,508819,227752
2500,508817,223661
2500,508819,223667
2500,508820,223669
2500,508820,223670
2500,508822,223673
2500,508821,227984
2500,508821,223672
2500,508821,227985
2500,508820,223671
2500,508825,223683
2500,508822,223674
2500,508825,223682
2500,508824,228042
2500,508826,228313
2500,508824,223680
2500,508826,223686
2500,508823,223677
2500,508823,223678
2500,508823,223676
2500,508826,223687
2500,508829,223692
2500,508829,229069
2500,508828,223688
2500,508829,223693
2500,508828,223689
2500,508830,223694
2500,508830,223695
2500,508831,223697
2500,508828,223690
2500,508832,229399
2500,508832,223701
2500,508831,223698
2500,508831,223699
2500,508833,223703
2500,508833,223704
2500,508834,223706
2500,508834,223707
2500,508836,223712
2500,508835,223710
2500,508835,223709
2500,508836,223713
2500,508837,223715
2500,508837,223716
2500,508838,223719
2500,508838,223718
2500,508839,223722
2500,508840,223724
2500,508839,223721
2500,508840,223725
2500,508841,223727
2500,508842,223730
2500,508842,223731
2500,508841,223728
2500,508843,223733
2500,508843,223735
2500,508845,223739
2500,508843,223734
2500,508845,223740
2500,508844,223736
2500,530354,231305
2500,530354,231306
2500,508844,223737
2500,530355,231309
2500,508844,223738
2500,530355,231308
2500,530355,231310
2500,530357,231314
2500,530356,231312
2500,530356,231311
2500,530356,231313
2500,530357,231315
2500,530358,231317
2500,530360,231894
2500,530359,231320
2500,530359,231321
2500,530358,231318
2500,530360,231324
2500,530359,231322
2500,530361,231327
2500,530361,231326
2500,530362,231329
2500,530362,231330
2500,530363,232077
2500,530363,231334
2500,530363,231333
2500,530364,231335
2500,530365,233353
2500,530364,231337
2500,530364,231338
2500,530364,231336
2499,506930,223139
2499,506930,223138
2500,530365,231341
2500,530365,231342
2499,506931,223141
2499,506931,223142
2500,530364,231339
2499,506932,223144
2500,530365,231343
2499,506933,223147
2499,506932,223145
2499,506932,223146
2499,506933,223148
2499,506934,223150
2282,490307,217250
2282,490307,217252
2282,490307,217251
2282,490308,217253
2282,490309,217256
2282,490306,217247
2282,490308,217254
2282,490306,217248
2282,490313,217268
2282,490309,217257
2282,490310,217260
2282,490310,217259
2282,490312,217265
2282,490311,217262
2282,490312,217266
2282,490311,217264
2282,490311,217263
2282,490315,217275
2282,490315,221383
2282,490313,217269
2282,498622,221151
2282,498622,221150
2282,490314,217272
2282,490314,217271
2282,490314,217273
2282,498621,221148
2282,498623,221153
2282,498629,221173
2282,498621,221147
2282,498629,221174
2282,498623,221154
2282,498630,221176
2282,498630,221177
2282,498630,221178
2282,498624,221157
2282,498624,221158
2282,498624,221156
2282,498626,221163
2282,498626,221162
2282,498625,221159
2282,498631,221179
2282,498625,221160
2282,498631,221180
2282,498631,221181
2282,498632,221182
2282,498627,221165
2282,498632,221184
2282,498633,221186
2282,498633,221185
2282,498627,221166
2282,498634,221188
2282,498634,221189
2282,498634,221191
2282,498634,221190
2282,498632,221183
2380,459827,207152
2380,459826,207147
2380,459827,207151
2282,498628,221171
2282,498628,221169
2282,498628,221168
2282,498628,221170
2380,459826,207148
2380,459827,207150
2380,459829,207156
2380,459828,207153
2380,459828,207155
2380,459828,207154
2380,459829,207157
2380,459832,207165
2380,459830,207159
2380,459830,207160
2380,459831,207163
2380,459831,207164
2380,459831,207162
2380,459832,207166
2380,459832,207167
2380,459833,207169
2380,459833,207168
2380,459833,207170
2380,459834,207171
2380,459834,207172
2380,459834,207173
2380,459835,207174
2380,459835,207175
2380,459835,207176
2380,459837,207180
2380,459837,207181
2380,459836,207178
2380,459839,207183
2380,459836,207179
2380,459839,207184
2380,459840,207186
2380,459840,207187
2380,459836,207177
2380,459841,207189
2380,459840,207188
2380,459841,207190
2380,459842,207192
2380,459842,207193
2380,459843,207196
2380,459844,207199
2380,459843,207195
2380,459844,207198
2380,459845,207201
2380,459846,212701
2380,459847,207208
2380,459845,207202
2380,459847,207207
2380,459846,212700
2380,459850,207217
2380,459848,207212
2380,459850,207216
2380,459848,207210
2380,459849,207214
2380,459849,212913
2380,459848,207211
2380,459849,207215
2380,459853,207222
2380,459853,207223
2380,459854,207227
2380,459854,207225
2380,459855,207228
2380,459854,207226
2380,459852,207219
2380,459855,207229
2380,482503,215380
2380,459852,207220
2380,482503,215379
2380,482504,216517
2380,459856,214836
2380,459857,207235
2380,459856,207232
2380,482504,215383
2380,459857,215378
2380,459856,207233
2380,482505,215385
2380,482505,215386
2380,482505,216537
2380,482507,215392
2380,482507,216644
2380,482506,216584
2380,482506,215389
2380,482508,215394
2380,482508,215395
2380,482508,215396
2380,482510,216646
2380,482509,215397
2380,482510,216645
2380,482510,215402
2380,482509,215398
2380,482509,215399
2380,482515,215416
2380,482515,217080
2380,482511,215403
2380,482511,215404
2380,482511,215405
2380,482512,215408
2380,482512,215406
2380,482512,215407
2379,458806,206155
2379,458805,206150
2379,458806,206153
2379,458806,206154
2379,458805,206151
2380,482513,215412
2380,482513,215411
2379,458807,206156
2379,458807,206158
2380,482513,215413
2379,458808,206160
2379,458808,206159
2379,458807,206157
2379,458808,206161
2379,458809,206162
2379,458810,206165
2379,458809,206163
2379,458810,206166
2379,458810,206167
2379,458811,206168
2379,458812,206172
2379,458811,206169
2379,458812,206171
2379,458814,206178
2379,458814,206177
2379,458813,206174
2379,458813,206176
2379,458815,206180
2379,458815,206181
2379,458816,206183
2379,458817,206186
2379,458813,206175
2379,458818,206189
2379,458817,206187
2379,458818,210878
2379,458820,206195
2379,458816,206184
2379,458820,206197
2379,458819,211027
2379,458820,206196
2379,458821,211440
2379,458822,206201
2379,458821,211411
2379,458819,206194
2379,458819,206193
2379,458823,206205
2379,458823,206204
2379,458822,206202
2379,458822,206203
2379,458824,206209
2379,458827,206217
2379,458826,206213
2379,458824,206207
2379,458827,206216
2379,458824,206208
2379,458826,206214
2379,458825,206210
2379,458825,206211
2379,458825,206212
2379,458828,206219
2379,458828,206220
2379,458828,206221
2379,458831,206226
2379,458830,206223
2379,458831,206225
2379,458832,206229
2379,458830,206222
2379,458832,206228
2379,458832,206230
2379,458833,206232
2379,458833,206231
2379,458833,206233
2379,458834,206235
2379,458834,206234
2379,458835,206239
2379,458835,206238
2379,458835,206237
2379,473833,212502
2379,473833,212503
2379,473834,212505
2379,473833,212504
2379,473834,212506
2379,473837,212514
2379,473837,212515
2379,473838,212517
2379,473838,212518
2379,473838,212519
2379,473835,212508
2379,473835,212509
2379,473835,212510
2379,473839,212521
2379,473839,212520
2379,473836,212512
2379,473836,212513
2379,473836,212511
2379,473840,212523
2379,473841,212526
2379,473840,212524
2379,473841,212527
2379,473842,212529
2379,473843,212533
2379,473843,212532
2379,473843,212536
2379,473843,212535
2379,473842,212530
2450,485370,216246
2379,473843,212534
2450,485370,216245
2450,485370,216244
2450,485371,216247
2379,473844,212537
2450,485371,216249
2379,473844,212539
2379,473844,212538
2379,473844,212540
2450,485372,216250
2450,485372,216251
2450,485371,216248
2450,485373,216253
2450,485374,216256
2450,485373,216254
2450,485375,216259
2450,485375,216261
2450,485374,216257
2450,485375,216260
2450,485376,216262
2450,485376,216263
2450,485377,216265
2450,485377,216266
2450,485378,216268
2450,485379,216271
2450,485378,216269
2450,485377,216267
2450,485379,216272
2450,485379,216273
2450,485381,216279
2450,485381,216280
2450,485381,216281
2359,450047,203454
2450,485380,216276
2359,473244,212258
2359,473244,212259
2359,473244,212257
2359,473242,212249
2359,473242,212251
2359,473244,212260
2347,459517,206933
2347,459517,206934
2347,459518,206936
2347,459519,206939
2347,459518,206937
2347,459518,206938
2347,459519,206940
2347,459521,206946
2347,459520,206943
2347,459520,206942
2347,459521,206945
2347,459517,206935
2347,459522,206948
2347,459525,206957
2347,459522,206950
2347,459522,206949
2347,459524,206954
2347,459523,206953
2347,459523,206951
2347,459525,206958
2347,459523,206952
2347,459526,206960
2347,459524,206955
2347,459526,206961
2347,459529,206969
2347,459526,206962
2347,459529,206970
2347,459527,206963
2347,459528,206967
2347,459528,206966
2347,459527,206964
2347,459530,206972
2347,459531,206976
2347,459531,206977
2347,459530,206973
2347,459531,206975
2347,459532,206978
2347,459530,206974
2347,459532,206979
2347,459533,206981
2347,459534,206984
2347,459533,206982
2347,459535,206987
2347,459534,206985
2347,459535,206988
2347,459536,206990
2347,459536,206992
2347,459536,206991
2347,459534,206986
2347,459537,206993
2347,459537,206994
2347,459539,206999
2347,459539,207000
2347,459538,206997
2347,459538,211889
2347,459538,206996
2347,459541,207005
2347,459541,207006
2347,459540,207003
2347,459540,207002
2347,459541,207007
2347,459542,207009
2347,459543,207011
2347,459542,207008
2347,459542,207010
2347,459543,207012
2347,459544,207015
2347,459544,207014
2347,475897,213487
2347,459546,207021
2347,459545,207017
2347,459546,207020
2347,459545,207018
2347,459545,207019
2347,475898,213490
2347,475898,213491
2347,475897,213488
2347,475903,213507
2347,475904,213511
2347,475903,213508
2347,475904,213510
2347,475899,213493
2347,475899,213494
2347,475906,213516
2347,475906,213517
2347,475900,213496
2347,475905,213513
2347,475905,213515
2347,475900,213498
2347,475900,213497
2347,475905,213514
2347,475901,213499
2347,475901,213500
2347,475907,213519
2347,475908,213522
2347,475908,213524
2347,475908,213523
2347,475907,213521
2347,475907,213520
2347,475908,215607
2347,475902,213502
2347,475902,213503
2281,448598,202496
2281,448598,202495
2281,448599,202499
2347,475902,213504
2281,448599,202498
2347,475902,213505
2281,448600,202502
2281,448600,202501
2281,448597,202492
2281,448597,202493
2281,449000,202765
2281,449000,202766
2281,449001,202770
2281,449000,202767
2281,449001,202768
2281,449001,202769
2281,449002,202772
2281,449002,202771
2281,449005,202780
2281,449004,202778
2281,449004,202777
2281,449003,202776
2281,449003,202774
2281,449005,202781
2281,449003,202775
2281,449008,202783
2281,449008,202784
2281,449009,202786
2281,449010,202789
2281,449008,202785
2281,449010,202790
2281,449009,202787
2281,449012,202797
2281,449012,202798
2281,449012,202799
2281,449013,202800
2339,440530,200451
2281,449013,202801
2281,449013,202802
2281,449013,202803
2339,440530,200452
2339,440531,200454
2339,440531,200455
2281,449011,202796
2281,449011,202793
2281,449011,202794
2281,449011,202792
2281,449011,202795
2339,440532,200457
2339,440531,200456
2339,440532,200458
2339,440533,200460
2339,440533,200461
2339,440534,200463
2339,440534,200464
2339,440535,200467
2339,440535,200466
2339,440536,200469
2339,440536,200471
2339,440536,200470
2339,440537,200472
2339,440537,200473
2339,440538,200476
2339,440539,200478
2339,440539,200479
2339,440538,200475
2339,440541,200487
2339,440541,200486
2339,440540,200483
2339,440541,200488
2339,440540,200482
2339,440540,200481
2276,429381,196073
2276,429381,196074
2276,429381,196075
2276,429380,196070
2276,429380,196071
2276,429379,196067
2276,429379,196068
2276,429380,196072
2276,429379,196069
2276,429382,196076
2276,429382,196077
2276,429385,196085
2276,429383,196079
2276,429385,196086
2276,429385,196087
2276,429384,196084
2276,429384,196082
2276,429383,196080
2276,429384,196083
2276,429386,196088
2276,429393,196111
2276,429393,196112
2276,429393,196113
2276,429386,196089
2276,429386,196090
2276,429392,196109
2276,429392,196110
2276,429392,196108
2276,429394,196114
2276,429394,196115
2276,429391,196105
2276,429391,196106
2276,429394,196116
2276,429391,196107
2276,429388,196094
2276,429388,196095
2276,429387,196091
2276,429387,196092
2276,429395,196118
2276,429396,196120
2276,429395,196117
2276,429396,196121
2276,429397,196124
2276,429397,196123
2276,429398,196127
2276,429398,196126
2276,429389,196097
2276,429400,196129
2276,429400,196130
2276,429389,196098
2276,429400,196131
2276,429398,196128
2276,429401,196132
2276,429401,196133
2276,429401,196134
2276,429390,196102
2276,429390,196101
2276,429390,196100
2276,429390,196104
2276,429390,196103
2277,430514,196410
2277,430514,196411
2277,430514,196412
2277,430515,196413
2277,430515,196414
2277,430516,196416
2277,430516,196418
2277,430516,196417
2277,430517,196420
2277,430517,196419
2277,430521,196433
2277,430521,196432
2277,430518,196422
2277,430521,196431
2277,430517,196421
2277,430518,196423
2277,430518,196424
2277,430519,196425
2277,430519,196426
2277,430519,196427
2277,430520,196428
2277,430520,196429
2277,430520,196430
2277,430526,196448
2277,430529,196457
2277,430526,196449
2277,430529,196458
2277,430526,196450
2277,430527,196451
2277,430527,196453
2277,430527,196452
2277,430528,196454
2277,430528,196455
2277,430522,196434
2277,430522,196435
2277,430522,196436
2277,430523,196437
2277,430523,196438
2277,430531,196464
2277,430530,196461
2277,430532,196466
2277,430531,196463
2277,430533,196470
2277,430530,196460
2277,430533,196469
2277,430530,196462
2277,430532,196467
2277,430532,196468
2277,430534,196472
2277,430524,196441
2277,430524,196442
2277,430524,196440
2277,430534,196473
2277,430535,196475
2277,430535,196477
2277,430535,196476
2277,430525,196444
2277,430525,196445
2277,430535,196479
2277,430535,196478
2274,427994,195770
2274,427992,195764
2277,430525,196443
2277,430525,196446
2277,430525,196447
2274,427994,195771
2274,427991,195761
2274,427991,195762
2274,427992,195765
2274,427993,195767
2274,427993,195768
2274,427995,195773
2274,427995,195774
2274,427997,195779
2274,427998,195782
2274,427998,195783
2274,427996,195776
2274,427996,195777
2274,427996,195778
2274,427997,195780
2274,428003,195800
2274,428003,195799
2274,428004,195803
2274,428006,195808
2274,428004,195804
2274,428006,195809
2274,428004,195802
2274,427999,195787
2274,428005,195807
2274,428005,195806
2274,427999,195786
2274,427999,195785
2274,428007,195812
2274,428007,195811
2274,428005,195805
2274,428000,195789
2274,428000,195788
2274,428008,195815
2274,428008,195816
2274,428009,195818
2274,428008,195814
2274,428009,195817
2274,428009,195819
2274,428010,195820
2274,428010,195821
2274,428011,195824
2274,428011,195825
2274,428001,195791
2274,428011,195823
2274,428001,195792
2275,430838,196667
2275,430838,196668
2274,428012,195826
2274,428012,195828
2274,428012,195829
2274,428012,195827
2274,428002,195795
2274,428002,195794
2274,428002,195798
2274,428002,195796
2274,428002,195797
2275,430837,196664
2275,430839,196672
2275,430839,196670
2275,430839,196671
2275,430837,196665
2275,430840,196673
2275,430840,196674
2275,430842,196679
2275,430842,196680
2275,430841,196676
2275,430842,196681
2275,430843,196682
2275,430841,196677
2275,430841,196678
2275,430843,196683
2275,430851,196709
2275,430851,196708
2275,430850,196705
2275,430853,196711
2275,430844,196685
2275,430853,196712
2275,430853,196713
2275,430844,196686
2275,430850,196706
2275,430849,196702
2275,430849,196703
2275,430849,196704
2275,430845,196688
2275,430845,196689
2275,430846,196691
2275,430854,196714
2275,430846,196692
2275,430854,196715
2275,430855,196717
2275,430855,196719
2275,430855,196718
2275,430856,196720
2275,430856,196722
2275,430856,196721
2275,430847,196695
2275,430847,196696
2275,430857,196725
2275,430857,196724
2275,430857,196723
2275,430847,196694
2275,430858,196726
2275,430860,196729
2275,430860,196730
2275,430858,196727
2275,430860,196731
2275,430848,196697
2275,430848,196699
2275,430848,196700
2275,430848,196698
2097,378663,180372
2097,378663,180373
2097,378663,180374
2097,378657,180357
2097,378662,180370
2097,378657,180358
2097,378662,180369
2097,378657,180359
2097,378656,180354
2097,378656,180355
2097,378667,180384
2097,378673,180400
2097,378667,180385
2097,378669,180389
2097,378673,180399
2097,378674,180402
2097,378674,180403
2097,378669,180388
2097,378669,180387
2097,378664,180375
2097,378664,180376
2097,378658,180360
2097,378658,180361
2097,378675,180405
2097,378664,180377
2097,378670,180390
2097,378675,180406
2097,378670,180391
2097,378675,180407
2097,378670,180392
2097,378665,180378
2097,378659,180363
2097,378659,180364
2097,378671,180393
2097,378671,180394
2097,378660,180367
2097,378676,180408
2097,378676,180409
2097,378665,180379
2097,378666,180381
2097,378660,180366
2097,378672,180396
2097,378672,180397
2097,378677,180411
2097,378660,180368
2097,378677,180413
2097,378677,180412
2097,378666,180382
2097,378823,180418
2097,378823,180417
2097,378822,180414
2097,378824,180420
2097,378825,180423
2097,378824,180421
2097,378822,180415
2097,378831,180440
2097,378831,180441
2097,378825,180424
2097,378832,180443
2097,378832,180444
2097,378826,180427
2097,378827,180429
2097,378833,180447
2097,378826,180428
2097,378827,180430
2097,378826,180426
2097,378833,180448
2097,378833,180446
2097,378834,180450
2097,378834,180451
2097,378834,180449
2097,378828,180432
2097,378828,180433
2097,378836,180455
2097,378828,182971
2097,378835,180453
2097,378836,180456
2097,378835,180452
2097,378835,180454
2097,378836,180457
2095,353177,173415
2097,378836,180458
2095,353177,173416
2095,353179,173421
2095,353178,173418
2095,353180,173424
2095,353179,173422
2095,353178,173419
2095,353180,173425
2097,378829,180435
2097,378829,180436
2095,353180,173426
2095,353181,173427
2097,378829,180439
2097,378829,180437
2095,353181,173428
2095,353181,173429
2095,353182,173430
2097,378829,180438
2095,353183,173433
2095,353183,173434
2095,353184,173436
2095,353182,173431
2095,353184,173437
2095,353184,173438
2095,353185,173439
2095,353185,173440
2095,353186,173442
2095,353187,173446
2095,353186,173443
2095,353188,173448
2095,353188,173449
2095,353187,173445
2095,353190,173455
2095,353190,173454
2095,353191,173457
2095,353191,173458
2095,353189,173452
2095,353191,173459
2095,353189,173451
2095,353189,173453
2095,353192,173460
2095,353192,173461
2095,353192,173462
2095,353193,173463
2095,353194,173466
2095,353193,173464
2095,353194,173467
2095,353195,173469
2095,353196,173472
2095,353195,173471
2095,353195,173470
2095,353196,173473
2095,353196,173474
2095,353197,173476
2095,353199,173482
2095,353199,173481
2095,353198,173479
2095,353198,173478
2095,353197,173475
2095,353200,173484
2095,353200,173485
2095,353200,173486
2095,353201,173488
2095,353201,173487
2095,371266,178819
2095,371266,178820
2095,371266,178821
2095,371267,178823
2095,371268,178825
2095,371267,178822
2095,371268,178826
2095,371269,178829
2095,371270,178831
2095,371270,178832
2095,371269,178828
2095,371272,178840
2095,371272,178841
2095,371272,178839
2095,371273,178842
2095,371273,178843
2095,371273,178844
2095,371273,178845
2096,359604,174904
2095,371273,178846
2096,359604,174903
2096,359603,174901
2096,359603,174900
2095,371271,178837
2096,359606,174909
2095,371271,178836
2095,371271,178834
2095,371271,178835
2096,359605,174906
2096,359606,174910
2096,359605,174907
2096,359606,174911
2096,359607,174912
2096,359608,174915
2096,359608,174916
2096,359607,174914
2096,359607,174913
2096,359609,174919
2096,359609,174918
2096,359609,174920
2096,370724,178699
2096,370724,178698
2096,370726,178703
2096,370728,178711
2096,370728,178712
2096,370728,178713
2096,370726,178704
2096,370729,178717
2096,370729,178715
2096,370729,178714
2096,370727,178706
2096,370729,178716
2096,370727,178708
2096,370727,178707
2096,370729,178718
2096,370727,178709
2005,314340,163239
2096,370727,178710
2005,314340,163240
2005,314341,163242
2005,314340,163241
2005,314341,163243
2005,314341,163244
2005,314342,163245
2005,314342,163246
2005,314342,163247
2005,314343,163248
2005,314344,163251
2005,314343,163249
2005,314344,163252
2005,314346,163257
2005,314346,163259
2005,314346,163258
2005,314347,163260
2005,314347,163262
2005,314347,163261
2005,314345,163255
2005,314345,163254
2005,314348,163263
2005,314348,163264
2005,314349,163267
2005,314349,163266
2005,314350,163270
2005,314350,163269
2005,314349,163268
2005,314351,163272
2005,314351,163274
2005,314351,163273
2005,314352,163275
2005,314352,163276
2005,314353,163278
2005,314353,163279
2005,314354,163282
2005,314354,163281
2005,314354,163283
2005,314355,163284
2005,314356,163288
2005,314356,163287
2005,314355,163285
2005,314355,163286
2005,314357,163291
2005,314357,163290
2005,314357,163292
2005,314358,163294
2005,314358,163293
2005,314358,163295
2005,314359,163296
2005,314360,163300
2005,314359,163297
2005,314360,163299
2005,314360,178343
2005,314361,163303
2005,314361,163302
2005,314361,163304
2005,314362,163306
2005,314363,163309
2005,314363,163308
2005,314362,163305
2005,314363,163310
2005,314364,163313
2005,365318,176175
2005,314364,163312
2005,314364,163311
2005,314362,163307
2005,365316,176169
2005,365318,176176
2005,365316,176170
2005,365319,176178
2005,365317,176172
2005,365317,176173
2005,365319,176179
2005,365320,176182
2005,365320,176183
2005,365320,176181
2005,365322,176190
2005,365322,176189
2005,365323,176192
2005,365323,176193
2005,365323,176194
2005,365323,176196
2094,353153,173346
2005,365323,176195
2005,365321,176186
2005,365321,176185
2005,365321,176187
2094,353153,173347
2005,365321,176184
2094,353153,173348
2094,353154,173349
2094,353154,173350
2094,353154,173351
2094,353155,173352
2094,353155,173353
2094,353157,173358
2094,353157,173360
2094,353157,173359
2094,353156,173355
2094,353156,173356
2094,353159,173365
2094,353159,173364
2094,353158,173361
2094,353158,173362
2094,353202,173490
2094,353161,173371
2094,353161,173370
2094,353202,173491
2094,353160,173367
2094,353160,173368
2094,353162,173373
2094,353160,173369
2094,353162,173374
2094,353165,173382
2094,353166,173386
2094,353163,173377
2094,353164,173380
2094,353163,173376
2094,353164,173379
2094,353165,173383
2094,353167,173389
2094,353166,173385
2094,353168,173391
2094,353167,173388
2094,353166,173387
2094,353168,173392
2094,353169,173394
2094,353169,173395
2094,353170,173397
2094,353171,173400
2094,353172,173404
2094,353172,173403
2094,353170,173398
2094,353171,173401
2094,353170,173399
2094,353171,173402
2094,353173,173406
2094,353173,173407
2094,353203,173493
2094,353174,173409
2094,353174,173410
2094,353175,173412
2094,353175,173413
2094,353173,173408
2094,353203,173494
2094,353203,173495
2094,353175,173414
2094,371278,178847
2094,371278,178849
2094,371278,178848
2094,371279,178851
2094,371279,178850
2094,371280,178853
2094,371279,178852
2094,371280,178854
2094,371281,178856
2094,371281,178857
2094,371280,178855
2094,371282,178859
2094,371284,178867
2094,371282,178860
2094,371284,178868
2094,371285,178871
2094,371285,178872
2094,371285,178870
2094,371285,178873
2094,371283,178864
2094,371283,178863
1999,348061,170633
2094,371283,178865
2094,371283,178862
1999,348063,170637
1999,348063,170638
1999,348063,170636
1999,348061,170634
1999,348059,170631
1999,348061,170635
1999,348059,170630
1999,348064,170639
1999,348458,170768
1999,348064,170640
1999,348064,170641
2006,319785,164299
2006,319785,164298
2006,319783,164293
2006,319784,164295
2006,319783,164292
2006,319786,164300
2006,319787,164303
2006,319785,164297
2006,319786,164302
2006,319786,164301
2006,319787,164304
2006,319787,164305
2006,319788,164306
2006,319788,164307
2006,319789,164309
2006,319789,164310
2006,319790,164313
2006,319790,164312
2006,319791,164316
2006,319791,164315
2006,319792,164318
2006,319792,164319
2006,319793,164321
2006,319794,164324
2006,319793,164322
2006,319794,164325
2006,342356,169568
2006,342356,169569
2006,342357,169571
2006,342357,169572
2006,342358,169574
2006,342358,169575
2006,342359,169577
2006,342359,169578
2006,342360,169580
2006,342360,169581
2006,342361,169585
2006,342362,169586
2006,342362,169588
2006,342361,169584
2006,342363,169589
2006,342361,169583
2006,342362,169592
2006,342362,169587
2006,342363,169590
2006,342363,169594
2006,342363,169591
2004,314623,163354
2004,314622,163351
2004,314622,163352
2004,314624,163357
2004,314624,163358
2004,314623,163355
2004,314622,163353
2004,314625,163360
2004,314626,163364
2004,314626,163363
2004,314628,163366
2004,314628,163367
2004,314626,163365
2004,314630,163372
2004,314630,163373
2004,314631,163376
2004,314625,163361
2004,314629,163369
2004,314632,163378
2004,314631,163375
2004,314632,163380
2004,314634,163381
2004,314629,163370
2004,314632,163379
2004,314634,163382
2004,314636,163387
2004,314635,163385
2004,314636,163388
2004,314635,163384
2004,314635,163386
2004,314638,163393
2004,314637,163390
2004,314639,163397
2004,314638,163394
2004,314637,163391
2004,314639,163396
2004,314641,163403
2004,314641,163402
2004,314640,163400
2004,314640,163401
2004,314644,163411
2004,314640,163399
2004,314642,163407
2004,314642,163405
2004,314643,163409
2004,314642,163406
2004,314643,163408
2004,314644,163412
2004,314646,163417
2004,314646,163418
2004,314646,163419
2004,314645,163415
2004,314645,163414
2004,314647,163420
2004,314647,163422
2004,314647,163421
2004,314648,163423
2004,314648,163424
2004,314650,163427
2004,314651,163430
2004,314650,163426
2004,314651,163429
2004,314648,163425
2004,314652,163432
2004,314652,163433
2004,314653,163435
2004,314653,163436
2004,314652,163434
2004,337407,168972
2004,314654,163439
2004,337407,168973
2004,314654,163438
2004,337408,168975
2004,337409,168978
2004,337408,168976
2004,337409,168979
2004,337411,168984
2004,337410,168981
2004,337411,168985
2004,337410,168982
2004,337411,168986
2004,337410,168983
2004,337413,168992
2004,337413,168993
2004,337413,168994
2004,337414,168995
2004,337414,168997
2004,337414,168996
1998,318913,164095
2004,337414,168998
1998,318913,164094
2004,337414,168999
1998,318914,164097
1998,318911,164092
1998,318911,164091
1998,318914,164098
2004,337412,168987
2004,337412,168989
2004,337412,168988
1998,318916,164104
1998,318917,164107
1998,318916,164103
1998,318915,164100
1998,318917,164106
1998,318918,164109
1998,318918,164110
1998,318918,164111
1998,318915,164101
1998,318919,164112
1998,318919,164114
1998,318919,164113
1998,318920,164115
1998,318920,164116
1998,318920,164117
1998,318921,164118
1998,318921,164119
1998,318922,164122
1998,318922,164121
1998,318922,164123
1998,318923,164124
1998,318924,164127
1998,318923,164125
1998,318925,164131
1998,318925,164130
1998,318925,164132
1998,318924,164128
1998,318926,164133
1998,318927,164136
1998,318927,164137
1998,318928,164140
1998,318927,164138
1998,318926,164134
1998,318928,164139
1998,318928,164141
1998,318929,164142
1998,318930,164145
1998,318929,164143
1998,318930,164146
1998,318931,164148
1998,318931,164149
1998,318933,164155
1998,318933,164156
1998,318932,164151
1998,318934,164159
1998,318934,164157
1998,318933,164154
1998,318934,164158
1998,318932,164152
1998,318935,164160
1998,318935,164161
1998,318935,164162
1998,318937,164167
1998,318936,164164
1998,318938,164170
1998,318937,164166
1998,318936,164163
1998,318937,164168
1998,318938,164169
1998,318938,164171
1998,318940,164176
1998,318940,164175
1998,318939,164173
1998,318939,164172
1998,318939,164174
1998,318941,164178
1998,318941,164179
1998,341816,169368
1998,341816,169376
1998,341816,169377
1998,341817,169378
1998,341817,169369
1998,341818,169380
1998,341818,169370
1998,341819,169371
1998,341819,169382
1998,341820,169372
1998,341822,169374
1998,341820,169384
1998,341822,169390
1998,341823,169375
1998,341823,169394
1998,341823,169392
1998,341823,169393
1998,341821,169373
1998,341821,169388
1998,341821,169387
1998,341821,169386
2002,314301,163149
2002,314301,163151
2002,314301,163150
1998,341821,169389
2002,314302,163153
2002,314304,163158
2002,314305,163161
2002,314302,163152
2002,314304,163159
2002,314307,163167
2002,314303,163155
2002,314303,163156
2002,314305,163162
2002,314303,163157
2002,314306,163165
2002,314306,163164
2002,314307,163168
2002,314305,163163
2002,314308,163170
2002,314308,163171
2002,314308,163172
2002,314310,163177
2002,314309,163173
2002,314310,163176
2002,314309,163174
2002,314310,163178
2002,314311,163179
2002,314309,163175
2002,314311,163180
2002,314311,163181
2002,314313,163185
2002,314313,163186
2002,314312,163182
2002,314312,163183
2002,314315,163191
2002,314314,163189
2002,314314,163188
2002,314314,163190
2002,314315,163192
2002,314317,163197
2002,314317,163199
2002,314317,163198
2002,314316,163194
2002,314316,163195
2002,314316,163196
2002,314318,163200
2002,314319,163203
2002,314318,163201
2002,314318,163202
2002,314321,163209
2002,314319,163204
2002,314321,163210
2002,314320,163206
2002,314320,163207
2002,314322,163212
2002,314323,163217
2002,314322,163213
2002,314324,163219
2002,314325,163221
2002,314323,163216
2002,314323,163215
2002,314324,163218
2002,314325,163222
2002,314326,163226
2002,314326,163224
2002,314326,163225
2002,314327,163228
2002,314328,163230
2002,314327,163229
2002,314327,163227
2002,314328,163231
2002,314329,163234
2002,314328,163232
2002,314330,163238
2002,314329,163233
2002,314330,163237
2002,329907,167267
2002,314330,163236
2002,329907,167268
2002,329908,167270
2002,329908,169325
2002,329909,167273
2002,329908,167272
2002,329910,167277
2002,329910,167276
2002,329909,167275
2002,329909,167274
2002,329910,167278
2002,329911,167280
2002,329912,167282
2002,329911,167279
2002,329912,167283
2002,329913,167285
2002,329913,167286
2002,329911,167281
2002,329913,167287
2002,329914,167290
2002,329914,167292
2002,329914,167293
2002,329914,167291
2002,329914,167294
1921,312765,162326
1921,312765,162327
1921,312766,162329
1921,312766,162330
1921,312766,162331
1921,312767,162332
1921,312798,162361
1921,312768,162337
1921,312767,162333
1921,312798,162362
1921,312767,162334
1921,312768,162336
1921,312797,162358
1921,312797,162359
1921,312768,162335
1921,312800,162368
1921,312800,162367
1921,312797,162360
1921,312799,162364
1921,312799,162366
1921,312799,162365
1921,312802,162370
1921,312802,162371
1921,312803,162373
1921,312803,162374
1921,312802,162372
1921,312777,162341
1921,312777,162342
1921,312776,162338
1921,312776,162339
1921,312776,162340
1921,312778,162345
1921,312780,162352
1921,312778,162344
1921,312780,163448
1921,312778,162346
1921,312781,162353
1921,312781,162355
1923,295606,153725
1921,312781,162356
1921,312781,162354
1923,295605,153722
1921,312779,162349
1923,295605,153723
1923,295606,153727
1921,312779,162350
1921,312779,162351
1921,312779,162347
1923,295606,153726
1921,312779,162348
1923,295611,153742
1923,295610,153738
1923,295611,153740
1923,295611,153741
1923,295610,153737
1923,295608,153731
1923,295615,153753
1923,295608,153732
1923,295615,153754
1923,295613,153747
1923,295615,153752
1923,295607,153728
1923,295613,153746
1923,295613,153748
1923,295607,153729
1923,295609,153734
1923,295617,153758
1923,295617,153759
1923,295612,153744
1923,295612,153743
1923,295609,153735
1923,295612,153745
1923,295619,153764
1923,295614,153749
1923,295614,153750
1923,295614,153751
1923,295619,153765
1923,307572,161398
1923,307572,161397
1923,307573,161401
1923,307573,161400
1923,307573,161402
1923,307574,161403
1923,307574,161405
1923,307574,161404
1923,303087,160718
1923,303087,160719
1923,303087,160720
1923,303088,160721
1923,303088,160723
1926,298687,157884
1923,303086,160716
1923,303088,160722
1926,298687,157885
1923,303086,160715
1923,303086,160717
1926,298688,161387
1926,298688,157888
1926,298692,157899
1926,298692,157900
1923,303086,160724
1923,303086,160725
1926,298693,157903
1926,298693,157902
1926,298697,157914
1926,298697,157915
1926,298690,157894
1926,298690,157893
1926,298689,157890
1926,298695,157908
1926,298689,157891
1926,298694,157905
1926,298689,157892
1926,298695,157909
1926,298694,157906
1926,298691,157896
1926,298694,157907
1926,298691,157897
1926,298698,157918
1926,298698,157919
1926,298698,157917
1926,298696,157911
1926,298699,157920
1926,298699,157921
1926,298696,157912
1926,298696,157913
1926,298830,157946
1926,298831,157950
1926,298831,157949
1926,298830,157948
1926,298830,157947
1926,298832,157952
1926,298832,157954
1926,298833,157955
1926,298832,157953
1926,298833,157956
1926,298834,157958
1926,298834,157959
1926,298835,157962
1926,298835,157961
1926,298835,157963
1925,297401,156072
1926,298835,157964
1925,297401,156073
1925,297402,156075
1925,297402,156076
1925,297406,156087
1925,297402,156077
1925,297406,156088
1925,297406,156089
1925,297407,156091
1925,297407,156090
1925,297412,156103
1925,297412,156102
1925,297403,156079
1925,297403,156078
1925,297408,156094
1925,297409,156096
1925,297409,156097
1925,297404,156083
1925,297408,156093
1925,297414,156108
1925,297404,156082
1925,297404,156081
1925,297414,156109
1925,297416,156116
1925,297416,156114
1925,297416,156115
1925,297405,156085
1925,297405,156086
1925,297410,156099
1925,297410,156100
1925,307567,161394
1925,297405,156084
1925,297410,156101
1925,307567,161395
1925,307565,161391
1925,307565,161392
1925,307564,161389
1925,303093,160735
1925,307564,161388
1925,303093,160736
1925,303095,160741
1925,303095,160742
1925,303094,160738
1925,303095,160743
1925,303094,160739
1925,303095,160744
1924,296745,155159
1924,296745,155160
1924,296735,155130
1924,296745,155161
1924,296735,155129
1924,296730,155114
1924,296731,155117
1924,296730,155115
1924,296736,155132
1924,296731,155118
1924,296736,155133
1924,296747,155165
1924,296747,155167
1924,296737,155135
1924,296737,155136
1924,296738,155139
1924,296738,155138
1924,296737,155137
1924,296747,155166
1924,296732,155121
1924,296732,155120
1924,296749,155172
1924,296738,155140
1924,296749,155173
1924,296749,155171
1924,296733,155123
1924,296734,155126
1924,297253,155760
1924,296739,155141
1924,296734,155127
1924,296739,155142
1924,296733,155124
1924,297253,155759
1924,297255,155765
1924,297254,155762
1924,297255,155766
1924,297254,155764
1924,297254,155763
1880,284211,147772
1924,297256,155768
1880,284211,147773
1924,297257,155772
1924,297257,155771
1924,297256,155769
1924,297258,155774
1880,284212,147775
1880,284212,147776
1924,297258,155776
1880,284217,147790
1924,297258,155775
1924,297258,155777
1880,284221,147802
1880,284216,147787
1880,284221,147803
1880,284217,147791
1880,284222,147806
1880,284222,147805
1880,284216,147788
1880,284222,147807
1880,284226,147817
1880,284226,147818
1880,284227,147820
1880,284213,147778
1880,284227,147821
1880,284213,147779
1880,284213,147780
1880,284218,147793
1880,284218,147794
1880,284223,147808
1880,284223,147809
1880,284223,147810
1880,284214,147781
1880,284228,147823
1880,284228,147824
1880,284219,147796
1880,284214,147782
1880,284219,147797
1747,272991,141011
1747,272996,141025
1747,272992,141014
1747,272992,141013
1747,272992,141012
1747,272997,141027
1747,272997,141028
1747,272997,141029
1747,274401,141411
1747,274401,141412
1747,274409,141437
1747,274404,141421
1747,274403,141418
1747,274404,141420
1747,274402,141414
1747,274403,141417
1747,274409,141438
1747,274402,141415
1747,274410,141441
1747,274410,141440
1747,274405,141423
1747,274405,141424
1747,274406,141427
1747,274406,141426
1747,274406,141428
1747,274412,141446
1747,274412,141447
1747,274411,141444
1747,274407,141429
1747,274407,141430
1747,274413,141449
1747,274411,141443
1747,274413,141450
1747,274414,141452
1747,274414,141453
1747,274414,141454
1747,274414,141455
1747,274414,141456
1747,274408,141433
1747,274408,141432
1657,247100,137396
1747,274408,141435
1747,274408,141434
1657,247101,137398
1657,247086,137366
1657,247100,137395
1657,247087,137368
1657,247101,137399
1657,247087,137369
1657,247086,137365
1657,247102,137401
1657,247102,137403
1657,247102,137402
1657,247101,137400
1657,247094,137383
1657,247093,137381
1657,247093,137380
1657,247088,137372
1657,247094,137384
1657,247075,137351
1657,247095,137386
1657,247076,137353
1657,247095,137387
1657,247076,137355
1657,247075,137350
1657,247088,137371
1657,247076,137354
1657,247089,137374
1657,247089,137375
1657,247103,137405
1657,247103,137404
1657,247077,137356
1657,247077,137357
1657,247078,137359
1657,247096,137389
1657,247078,137360
1657,247096,137390
1657,247104,137407
1657,247090,137378
1657,247090,137377
1657,247104,137408
1657,247079,137362
1657,247104,137409
1657,247079,137363
1657,247098,137392
1657,247098,137393
1657,248278,137644
1657,248272,137625
1657,248271,137621
1657,248270,137618
1657,248270,137619
1657,248271,137622
1657,248272,137624
1657,248273,137627
1657,248273,137629
1657,248278,137645
1657,248279,137647
1657,248273,137628
1657,248279,137649
1657,248279,137648
1657,248275,137633
1657,248275,137634
1657,248274,137631
1657,248274,137630
1657,248274,137632
1657,248281,137653
1657,248281,137655
1657,248281,137654
1657,248280,137651
1657,248280,137650
1657,248280,137652
1657,248276,137636
1657,248282,137657
1657,248282,137658
1657,248282,137656
1657,248276,137637
1657,248283,137659
1657,248283,137660
1657,248283,137661
1657,248276,137638
1658,232729,134548
1657,248283,137663
1657,248283,137662
1658,232729,134549
1658,232731,134555
1657,248277,137639
1658,232731,134554
1657,248277,137641
1657,248277,137640
1658,232731,134556
1658,232730,134551
1657,248277,137642
1658,232733,134561
1658,232732,134557
1658,232730,134552
1658,232732,134559
1658,232733,134560
1658,232732,134558
1658,232730,134553
1658,232736,134572
1658,232734,134564
1658,232734,134563
1658,232736,134571
1658,232734,134565
1658,232737,134575
1658,232737,134574
1658,232737,134576
1658,232737,134577
1659,235363,135070
1658,232737,134578
1659,235363,135071
1659,235363,135072
1658,232735,134567
1658,232735,134568
1658,232735,134566
1659,235364,135073
1658,232735,134569
1659,235364,135075
1659,235364,135074
1659,235365,135077
1659,235366,135079
1659,235367,135082
1659,235366,135080
1659,235367,135083
1659,235365,135076
1659,235371,135096
1659,235371,135097
1659,235371,135098
1659,235372,135099
1659,235372,135100
1659,235372,135101
1659,235368,135085
1659,235368,135086
1659,235368,135087
1660,237266,135649
1660,237268,135654
1660,237266,135648
1660,237268,135655
1660,237268,135656
1660,237269,135657
1660,237269,135658
1660,237270,135660
1660,237269,135659
1660,237267,135652
1660,237272,135666
1660,237270,135661
1660,237271,135663
1660,237271,135664
1660,237267,135651
1660,237272,135667
1660,237272,135668
1660,237274,135675
1660,237273,135672
1660,237273,135671
1660,237273,135669
1660,237273,135670
1664,219595,131829
1660,237274,135674
1660,237274,135677
1660,237274,135676
1664,219594,131827
1664,219596,131833
1664,219596,131832
1664,219595,131830
1664,219594,131826
1664,219594,131828
1664,219598,131838
1664,219598,131839
1664,219597,131835
1664,219598,131840
1664,219597,131836
1664,219599,131841
1664,219601,131847
1664,219599,131842
1664,219599,131843
1664,219601,131848
1664,219600,131844
1664,219600,131846
1664,221176,133125
1664,221176,133126
1664,221177,133128
1664,221178,133131
1664,221177,133129
1664,219600,131845
1664,221178,133132
1664,221179,133134
1664,221179,133135
1664,221180,133137
1664,221181,133141
1664,221180,133138
1664,221181,133140
1664,221183,133146
1664,221183,133147
1664,221183,133148
1664,221182,133143
1664,221837,133520
1664,221837,133521
1664,221182,133145
1664,221182,133144
1664,221838,133523
1664,221838,133524
1664,221838,133525
1664,221842,133535
1664,221841,133532
1664,221839,133526
1664,221839,133527
1664,221840,133529
1664,221840,133531
1664,221841,133533
1664,221840,133530
1664,221842,133536
1664,222364,133694
1664,221843,133538
1664,221844,133542
1664,221844,133541
1664,222364,133695
1664,221843,133539
1664,222365,133697
1664,222367,133704
1664,222367,133703
1664,222367,133705
1664,222365,133698
1664,222368,133708
1664,222368,133707
1664,222368,133706
1664,222366,133700
1664,222366,133701
1664,222369,133709
1664,222369,133710
1664,222366,133702
1664,222530,133712
1664,222530,133713
1664,222532,133719
1664,222530,133714
1664,222531,133715
1664,222531,133716
1664,222532,133718
1664,235566,135324
1664,235566,135323
1664,222531,133717
1664,235567,135326
1664,235567,135327
1664,235567,135328
1664,235568,135329
1664,235568,135330
1664,235569,135333
1664,235569,135332
1664,235552,135274
1664,235569,135334
1664,235552,135273
1664,235552,135275
1664,235553,135276
1664,235560,135302
1664,235555,135282
1664,235553,135277
1664,235561,135304
1664,235560,135301
1664,235561,135305
1664,235554,135279
1664,235555,135283
1664,235562,135307
1664,235554,135280
1664,235556,135286
1664,235557,135289
1664,235557,135288
1664,235562,135308
1664,235556,135285
1664,235556,135287
1664,235563,135312
1664,235558,135291
1664,235558,135293
1664,235564,135313
1664,235558,135292
1664,235564,135314
1664,235557,135290
1664,235562,135309
1664,235563,135310
1664,235564,135316
1664,235565,135318
1664,235564,135315
1664,235565,135319
1664,235565,135321
1664,235559,135296
1664,235563,135311
1664,235565,135322
1664,235559,135298
1664,235565,135320
1494,220296,132555
1664,235559,135299
1494,220292,132544
1494,220297,132558
1494,220297,132557
1494,220296,132554
1494,220298,132561
1494,220290,132540
1494,220293,132545
1494,220290,132541
1494,220290,132539
1494,220298,132560
1494,220292,132542
1494,220293,132547
1494,220293,132546
1494,220299,132564
1494,220299,132563
1494,220299,132565
1494,220300,132568
1494,220300,132567
1494,220300,132566
1494,220294,132548
1494,220294,132549
1494,220295,132552
1494,220295,132551
1494,220442,132695
1494,220443,132698
1494,220444,132701
1494,220443,132699
1494,220444,132702
1494,220442,132696
1494,220441,132692
1494,220443,132700
1494,220441,132693
1494,220449,132718
1494,220450,132721
1494,220449,132719
1494,220450,132722
1494,220446,132707
1494,220445,132704
1494,220445,132705
1494,220446,132708
1494,220451,132724
1494,220451,132725
1494,220451,132726
1494,220452,132728
1494,220452,132727
1494,220452,132729
1494,220447,132711
1494,220447,132712
1494,220447,132710
1494,220453,132730
1494,220453,132731
1494,220453,132732
1494,220454,132733
1494,220454,132734
1494,220454,132737
1494,220454,132735
1494,220454,132736
1189,183774,118923
1189,183774,118924
1189,183774,118925
1189,183775,118926
1189,183777,118933
1189,183775,118927
1189,183777,118932
1189,183776,118930
1494,220448,132715
1494,220448,132714
1494,220448,132713
1189,183776,118931
1189,183776,118929
1189,183778,118935
1189,183779,118939
1189,183779,118938
1189,183779,118940
1189,183780,118942
1189,183778,118936
1189,183780,118943
1189,183780,118941
1189,183782,118947
1189,183781,118945
1189,183781,118944
1189,183782,118948
1189,183783,118950
1189,183782,118949
1189,183783,118951
1189,183785,118954
1189,183785,118953
1189,183786,118956
1189,183786,118957
1189,183788,118962
1189,183786,118958
1189,183787,118959
1189,183788,118963
1189,183788,118964
1189,183787,118961
1189,183789,118966
1189,183789,118965
1189,183787,118960
1189,183792,118971
1189,183792,118972
1189,183793,118975
1189,183793,118974
1189,183793,118976
1189,183791,118970
1189,183791,118968
1189,183794,118977
1189,183794,118978
1189,183791,118969
1189,183794,118979
1189,183795,118980
1189,183796,118983
1189,183796,118984
1189,183795,118981
1189,183795,118982
1189,183797,118988
1189,183799,118993
1189,183799,118992
1189,183797,118986
1189,183797,118987
1189,183798,118990
1189,183798,118989
1189,183800,118995
1189,183800,118996
1189,183801,118998
1189,183801,118999
1189,183798,118991
1189,183802,119001
1189,183802,119002
1189,183804,119007
1189,183803,119005
1189,183803,119004
1189,183804,119008
1189,183804,119009
1189,183805,119010
1189,183805,119011
1189,183805,119012
1189,183807,119013
1189,183807,119014
1189,183810,119022
1189,183809,119019
1189,183809,119020
1189,183808,119017
1189,183808,119016
1189,183810,119023
1189,183811,119027
1189,183811,119025
1189,183812,119028
1189,183811,119026
1189,183812,119029
1189,183813,119031
1189,183813,119032
1189,183814,119034
1189,183814,119035
1189,183812,119030
1189,183816,119040
1189,183816,119041
1189,183815,119037
1189,183815,119038
1189,184032,119233
1189,184032,119232
1189,184032,119231
1189,184033,119234
1189,184033,119235
1189,184034,119237
1189,184034,119238
1189,184034,119239
1189,184035,119240
1189,184035,119241
1189,189050,123159
1189,189050,123161
1189,184036,119245
1189,184036,119244
1189,189051,123162
1189,189050,123160
1189,189051,123163
1189,184036,119243
1189,189052,123165
1189,189052,123166
1189,189057,123182
1189,189053,123169
1189,189051,123164
1189,189057,123183
1189,189056,123179
1189,189053,123168
1189,189056,123181
1189,189056,123180
1189,189054,123171
1189,189058,123185
1189,189054,123172
1189,189054,123173
1189,189058,123186
1189,189058,123187
1189,189059,123188
1189,189059,123189
1189,189059,123190
1189,189059,123191
1190,173215,117164
1190,173214,117161
1190,173214,117162
1189,189055,123174
1190,173215,117165
1189,189055,123175
1189,189055,123176
1190,173216,117167
1190,173216,117168
1190,173217,117170
1190,173217,117171
1190,173218,117173
1190,173217,117172
1190,173218,117175
1190,173218,117174
1190,173219,117177
1190,173219,117176
1190,173220,117179
1190,173220,117180
1190,173220,117181
1190,173221,117183
1190,173221,117182
1190,173223,117188
1190,173223,117189
1190,173222,117187
1190,183945,119190
1190,183944,119188
1190,173222,117186
1190,183944,119187
1190,173222,117185
1190,183945,119191
1190,183946,119193
1190,183946,119194
1190,183947,119196
1190,183947,119197
1190,183950,126175
1190,183948,119200
1190,183949,119202
1190,183948,119199
1190,183949,119204
1190,183950,119206
1190,183949,119203
1190,183952,119212
1190,183951,119208
1190,183951,119209
1190,183953,119215
1190,183952,119211
1190,184039,119252
1190,183953,119214
1190,184039,119253
1190,184037,119246
1190,184040,119255
1190,184040,119256
1190,184041,119258
1190,184041,119259
1190,184037,119247
1190,184043,119264
1190,184042,119262
1190,184042,119263
1190,184042,119261
1190,184044,119269
1190,184045,119270
1190,184044,119268
1190,184043,119266
1190,184043,119265
1190,184045,119271
1190,184047,119276
1190,184046,119273
1190,184047,119277
1190,184046,119274
1190,184044,119267
1190,184048,119279
1190,184051,119288
1190,184050,119285
1190,184049,119284
1190,184048,119280
1190,184051,119289
1190,184049,119282
1190,184049,119283
1190,184050,119286
1190,184038,119249
1190,184052,119293
1190,184052,119292
1190,184052,119291
1190,184038,119250
1190,184053,119295
1190,184053,119294
1190,184054,119298
1190,184054,119297
1190,184055,119302
1190,184055,119300
1190,184055,119301
1190,184056,119304
1190,184056,119305
1190,184059,119312
1190,184056,119303
1190,184057,119306
1190,184058,119309
1190,184059,119313
1190,184058,119310
1190,184057,119307
1190,184060,119315
1190,184060,119316
1190,184060,119317
1190,184061,119318
1190,213193,130942
1190,184061,119319
1190,213194,130944
1190,213194,130945
1190,213194,130946
1190,213193,130941
1190,213196,130950
1190,213195,130948
1190,213195,130949
1190,213196,130951
1190,213199,130959
1190,213200,130963
1190,213200,130962
1190,213195,130947
1190,213199,130960
1190,213200,130964
1190,213197,130953
1190,213201,130966
1190,213201,130965
1190,213197,130954
1191,184456,119512
1190,213202,130969
1190,213202,130968
1190,213202,130970
1190,213198,130956
1191,184456,119513
1190,213198,130958
1190,213198,130957
1190,213198,131673
1191,184457,119515
1191,184457,119516
1191,184458,119518
1191,184458,119519
1191,184459,119521
1191,184457,119517
1191,184459,119522
1191,184459,119523
1191,184460,119524
1191,184460,119525
1191,184461,119528
1191,184461,119527
1191,184462,119530
1191,184461,119529
1191,184462,119531
1191,184465,119537
1191,184463,119533
1191,184463,119535
1191,184463,119534
1191,184465,119536
1191,184465,119538
1191,184467,119542
1191,184467,119543
1191,184466,119540
1191,184466,119539
1191,184468,119545
1191,184469,119548
1191,184468,119546
1191,184469,119549
1191,184470,119551
1191,184470,119552
1191,184469,119550
1191,184471,119554
1191,184471,119555
1191,184472,119558
1191,184472,119557
1191,184473,119560
1191,184473,119561
1191,184475,119566
1191,184474,119563
1191,184475,119567
1191,184474,119564
1191,184477,119572
1191,184477,119573
1191,184476,119569
1191,184476,119570
1191,184477,119574
1191,184478,119575
1191,184479,119578
1191,184478,119576
1191,184478,119577
1191,184479,119579
1191,184480,119581
1191,184480,119582
1191,184482,119587
1191,184481,119584
1191,184481,119585
1191,184482,119588
1191,184482,119589
1191,184483,119590
1191,184483,119591
1191,184483,119592
1191,184485,119596
1191,184484,119593
1191,184484,119594
1191,184485,119597
1191,184486,119601
1191,184486,119600
1191,184486,119599
1191,184485,119598
1191,184488,119602
1191,184488,119603
1191,184489,119606
1191,184489,119605
1191,184491,119612
1191,184492,119614
1191,184491,119611
1191,184492,119615
1191,184490,119608
1191,184493,119618
1191,184493,119617
1191,184490,119609
1191,184494,119620
1191,184494,119621
1191,184494,119622
1191,184496,119626
1191,184496,119627
1191,184495,119623
1191,184495,119624
1191,184499,119635
1191,184499,119636
1191,184498,119633
1191,184497,119631
1191,184497,119629
1191,184498,119632
1191,184498,119634
1191,184497,119630
1191,184501,119641
1191,184513,119678
1191,184500,119638
1191,184500,119639
1191,184501,119642
1191,184513,119677
1191,184502,119644
1191,184514,119680
1191,184514,119681
1191,184502,119645
1191,184514,119682
1191,184516,119686
1191,184515,119683
1191,184516,119687
1191,184515,119684
1191,184515,119685
1191,184518,119693
1191,184518,119692
1191,184517,119689
1191,184518,119694
1191,184517,119690
1191,184520,119698
1191,184519,119695
1191,184517,119691
1191,184520,119699
1191,184519,119696
1191,184521,119702
1191,184521,119701
1191,184521,119704
1191,184521,119703
1191,184522,131784
1191,184522,119708
1191,184522,119706
1191,184521,119705
1191,184522,119714
1188,167349,113043
1188,167349,113044
1191,184522,119712
1188,167348,113041
1188,167348,113040
1188,167351,113049
1188,167351,113050
1188,167351,113051
1188,167355,113061
1188,167354,113058
1188,167354,113059
1188,167352,113052
1188,167352,113053
1188,167353,113056
1188,167352,113054
1188,167350,113046
1188,167357,113068
1188,167353,113055
1188,167355,113062
1188,167350,113047
1188,167356,113065
1188,167357,113067
1188,167356,113064
1188,167356,113066
1188,167358,113070
1188,167359,113073
1188,167358,113071
1188,167359,113074
1188,167358,113072
1188,167361,113079
1188,167361,113080
1188,167361,113081
1188,167360,113078
1188,167360,113077
1188,167360,113076
1188,167362,113083
1188,167363,113085
1188,167364,113088
1188,167363,113086
1188,167362,113082
1188,167364,113089
1188,167366,113094
1188,167366,113095
1188,167367,113097
1188,167367,113098
1188,167367,113099
1188,167369,113103
1188,167365,113091
1188,167368,113100
1188,167369,113104
1188,167365,113093
1188,167365,113092
1188,167370,113106
1188,167368,113101
1188,167370,113107
1188,167371,113110
1188,167371,113109
1188,167372,113113
1188,167372,113112
1188,167372,113114
1188,167375,113122
1188,167375,113121
1188,167373,113115
1188,167374,113119
1188,167373,113116
1188,167374,113118
1188,167391,113125
1188,167391,113124
1188,167391,113128
1188,167391,113126
1188,167391,113127
1188,167392,113131
1188,167392,113130
1188,167392,113129
1188,167393,113134
1188,167393,113135
1015,130618,95032
1015,130617,95029
1188,167393,113136
1015,130618,95033
1015,130617,95031
1015,130623,95047
1188,167393,113137
1015,130617,95030
1015,130623,95048
1015,130619,95035
1015,130622,95046
1188,167393,113138
1015,130619,95036
1015,130622,95045
1015,130622,95044
1015,130632,95075
1015,130632,95074
1015,130633,95077
1015,130633,95078
1015,130628,95063
1015,130624,95050
1015,130624,95051
1015,130633,95079
1015,130624,95052
1015,130628,95062
1015,130627,95059
1015,130627,95060
1015,130634,95080
1015,130625,95053
1015,130634,95081
1015,130625,95054
1015,130625,95055
1015,130620,95038
1015,130630,95068
1015,130630,95069
1015,130630,95070
1015,130635,95084
1015,130620,95039
1015,130629,95066
1015,130635,95083
1015,130629,95065
1015,130629,95067
1015,130635,95085
1015,130626,95056
1015,130621,95043
1015,130626,95057
1015,130631,95071
1015,130631,95072
1015,130621,95042
1015,130621,95041
1015,130636,95086
1015,130636,95087
1015,130678,95111
1015,130678,95110
1015,130680,95116
1015,130680,95117
1015,130680,95118
1015,130679,95114
1015,130679,95113
1015,130681,95120
1015,130686,95136
1015,130686,95137
1015,130681,95119
1015,130687,95139
1015,130687,95140
1015,130683,95125
1015,130683,95126
1015,130682,95122
1015,130682,95123
1015,130683,95127
1015,130689,95146
1015,130689,95145
1015,130688,95142
1015,130689,95147
1015,130688,95143
1015,130688,95144
1015,130690,95148
1015,130690,95149
1015,130684,95128
1015,130691,95151
1015,130684,95129
1015,130691,95152
1015,130691,95153
1111,123859,93819
1111,123859,93821
1111,123860,93822
1015,130691,95155
1015,130691,95154
1111,123862,93828
1111,123859,93820
1111,123862,93829
1111,123860,93823
1015,130685,95134
1111,123861,93825
1111,123861,93826
1111,123863,93831
1111,123861,93827
1015,130685,95133
1015,130685,95131
1015,130685,95132
1111,123863,93832
1111,123866,93842
1111,123864,93834
1111,123866,93843
1111,123864,93835
1111,123867,93847
1111,123867,93846
1111,123869,93851
1111,123867,93845
1111,123869,93852
1111,123868,93848
1111,123870,93854
1111,123870,93855
1111,123870,93856
1111,123868,93849
1111,123868,93850
1111,123871,93857
1111,123871,93858
1111,123865,93837
1111,123865,93839
1111,123865,93838
1111,123871,93859
1130,123324,93476
1130,123324,93477
1130,123325,93479
1130,123324,93478
1130,123322,93471
1130,123325,93480
1130,123322,93470
1130,123323,93473
1130,123322,93472
1130,123325,93481
1130,123323,93474
1130,123331,93499
1130,123331,93500
1130,123326,93482
1130,123326,93483
1130,123327,93486
1130,123330,93496
1130,123327,93485
1130,123327,93487
1130,123330,93497
1130,123332,93502
1130,123333,93505
1130,123328,93488
1130,123333,93506
1130,123332,93503
1130,123332,93504
1130,123334,93508
1130,123334,93509
1130,123328,93489
1130,123335,93511
1130,123335,93512
1130,123335,93513
1117,112600,90911
1117,112600,90912
1130,123329,93491
1130,123329,93492
1130,123329,93493
1117,112601,90914
1117,112601,90916
1117,112601,90915
1117,112603,90921
1117,112603,90920
1117,112602,90917
1117,112602,90918
1117,112603,90922
1117,112608,90937
1117,112608,90938
1117,112608,90939
1117,112609,90940
1117,112609,90941
1117,112605,90927
1117,112604,90923
1117,112605,90926
1117,112610,90943
1117,112604,90925
1117,112604,90924
1117,112610,90944
1117,112611,90946
1117,112611,90947
1117,112612,90949
1117,112612,90950
1117,112613,90953
1117,112613,90954
1117,112606,90929
1117,112606,90931
1117,112606,90930
1117,112613,90952
1117,112607,90933
1083,124195,93917
1117,112607,90932
1117,112607,90934
1083,124196,93920
1117,112607,90935
1083,124196,93921
1083,124198,93926
1083,124198,93927
1083,124195,93918
1083,124197,93924
1083,124197,93925
1083,124203,93944
1083,124203,93943
1083,124197,93923
1083,124204,93946
1083,124199,93929
1083,124204,93947
1083,124205,93949
1083,124200,93932
1083,124199,93930
1083,124205,93950
1083,124200,93934
1083,124200,93933
1083,124206,93953
1083,124206,93952
1083,124207,93955
1083,124201,93935
1083,124207,93956
1083,124207,93957
1083,124201,93936
1083,124208,93959
1083,124208,93960
1083,124208,93958
1083,124202,93939
1083,124202,93938
1084,123034,93271
1084,123034,93272
1084,123035,93274
1084,123033,93268
1084,123033,93269
1084,123035,93275
1084,123035,93276
1083,124202,93940
1084,123039,93288
1084,123039,93287
1084,123036,93278
1084,123036,93277
1084,123036,93279
1084,123039,93286
1084,123040,93289
1084,123038,93284
1084,123038,93283
1084,123037,93280
1084,123040,93290
1084,123040,93291
1084,123037,93281
1084,123041,93292
1084,123041,93293
1084,123042,93295
1084,123042,93296
1084,123043,93298
1084,123043,93299
1084,123044,93301
1084,123044,93302
1084,123044,93303
1084,123045,93305
1084,123045,93304
1084,123046,93307
1084,123046,93308
1084,123045,93306
1084,123047,93310
1084,123047,93311
1084,123047,93312
1084,123048,93313
1084,123048,93314
1084,123049,93317
1084,123048,93315
1084,123049,93318
1084,123049,93316
1084,123050,93319
1084,123050,93321
1084,123050,93320
1014,112288,90571
1014,112288,90572
1084,123050,93322
1014,112287,90569
1014,112283,90556
1014,112282,90553
1014,112283,90557
1014,112283,90558
1014,112287,90570
1014,112287,90568
1014,112282,90554
1014,112290,90578
1014,112284,90559
1014,112290,90577
1014,112284,90561
1014,112284,90560
1014,112290,90579
1014,112289,90574
1014,112289,90575
1014,112289,90576
1014,112285,90562
1014,112285,90563
1014,112291,90581
1014,112291,90580
1014,112286,90566
1014,112285,90564
1014,112286,90565
1014,112321,90640
1014,112320,90637
1014,112321,90641
1014,112320,90638
1014,112322,90643
1014,112322,90644
1014,112323,90646
1014,112328,91833
1014,112322,90645
1014,112328,90663
1014,112323,90647
1014,112328,91834
1014,112329,90664
1014,112329,91836
1014,112329,91835
1014,112325,90652
1014,112325,90653
1014,112325,90654
1014,112324,90650
1014,112331,90669
1014,112324,90649
1014,112331,90668
1014,112330,90665
1014,112331,90670
1014,112330,90666
1014,112332,90671
1014,112326,90657
1014,112332,90672
1014,112326,90655
1014,112334,90674
1014,112334,90675
1014,112332,90673
1014,112334,90677
1014,112334,90676
1014,112326,90656
1014,112327,90662
1014,112327,90659
1014,112327,90661
1014,112327,90658
1014,112327,90660
1113,111759,90335
1113,111759,90334
1113,111760,90337
1113,111758,90332
1113,111759,90336
1113,111763,90346
1113,111760,90338
1113,111758,90331
1113,111758,90333
1113,111762,90343
1113,111761,90341
1113,111763,90347
1113,111761,90342
1113,111762,90344
1113,111761,90340
1113,111760,90339
1113,111764,90350
1113,111764,90349
1113,111765,90352
1113,111765,90354
1113,111765,90355
1113,111765,90353
1086,108002,89121
1086,108002,89122
1086,108003,89125
1085,107065,88602
1085,107065,88603
1086,108003,89124
1086,108002,89123
1086,108006,89135
1086,108006,89136
1086,108004,89127
1086,108004,89128
1085,107065,88604
1086,108007,89138
1086,108007,89139
1086,108007,89140
1086,108007,90135
1086,108005,89130
1086,108007,90136
1086,108005,90216
1086,108005,90217
800,94199,78827
800,94200,78830
800,94202,78836
800,94200,78831
800,94199,78828
800,94201,78833
800,94201,78834
800,94202,78837
800,94204,78843
800,94203,78840
800,94202,78838
800,94207,78852
800,94204,78842
800,94208,78855
800,94203,78839
800,94208,78854
800,94207,78851
800,94209,78858
800,94209,78857
800,94210,78861
800,94210,78860
800,94211,78863
800,94211,78864
800,94212,78866
800,94212,78867
800,94212,78868
800,94211,78865
800,94215,78876
800,94215,78875
800,94216,78878
800,94216,78879
800,94217,78881
800,94215,78877
800,94217,78882
800,94218,78884
800,94218,78885
800,94219,78887
800,94220,78890
800,94219,78888
800,94220,78891
800,94223,78899
800,94224,78902
800,94223,78900
800,94224,78903
800,94225,78905
800,94225,78906
800,94226,78908
800,94226,78909
800,94226,78910
800,94227,78911
800,94227,78912
800,94228,78914
800,94231,78923
800,94231,78924
800,94232,78927
800,94228,78915
800,94232,78926
800,94233,78929
800,94233,78930
800,94234,78932
800,94239,78948
800,94239,78947
800,94235,78935
800,94234,78933
800,94235,78936
800,94236,78939
800,94236,78938
800,94240,78950
800,94240,78951
800,94241,78953
800,94242,78958
800,94241,78954
800,94242,78957
800,94242,78956
800,94243,78959
800,94243,78960
800,94243,78961
800,94244,78962
800,94244,78963
800,94247,78971
800,94247,78973
800,94247,78972
800,94248,78974
800,94248,78975
800,94249,78977
800,94248,78976
800,94249,78978
800,94250,78981
800,94251,78984
800,94251,78983
800,94250,78980
800,94252,78986
800,94250,78982
800,94252,78987
800,94255,78995
800,94255,78996
800,94256,78998
800,94257,79001
800,94257,79002
800,94259,79007
800,94256,79000
800,94259,79008
800,94262,79017
800,94262,79016
800,94256,78999
800,94260,79010
800,94260,79011
800,94264,79022
800,94264,79023
800,94266,79028
800,94272,79047
800,94267,79031
800,94272,79046
800,94266,79029
800,94271,79044
800,94271,79043
800,94267,79032
800,94274,79053
800,94274,79052
800,94276,79059
800,94278,79065
800,94278,79064
800,94276,79058
800,94276,79060
800,94279,79067
800,94279,79068
800,94280,79070
800,94282,79076
800,94280,79071
800,94282,79077
800,94282,79078
800,94291,79103
800,94288,79094
800,94288,79095
800,94291,79104
800,94292,79106
800,94292,79107
800,94275,79055
800,94275,79056
800,94263,79019
800,94263,79020
800,94270,79040
800,94270,79042
800,94287,79091
800,94270,79041
800,94290,79101
800,94287,79092
800,94283,79079
800,94287,79093
800,94283,79080
800,94290,79100
800,94268,79034
800,94284,79083
800,94268,79036
800,94286,79088
800,94284,79082
800,94268,79035
800,94284,79084
800,94286,79089
800,94301,79116
800,94301,79117
800,94300,79114
800,94299,79111
800,94302,79119
800,94300,79113
800,94300,79115
800,94299,79110
800,94303,79123
800,94302,79120
800,94304,79127
800,94303,79122
800,94304,79126
800,94305,79129
800,94304,79125
800,94305,79128
800,94306,79132
800,94306,79131
800,94306,79133
800,94307,79134
800,94307,79135
800,94308,79137
800,94307,79136
800,94308,79138
800,94312,79149
800,94309,79140
800,94309,79141
800,94310,79143
800,94310,79144
800,94311,79147
800,94313,79152
800,94312,79150
800,94311,79146
800,94314,79155
800,94310,79145
800,94313,79153
800,94314,79156
800,94335,79219
800,94314,79157
800,94335,79218
800,94335,79220
800,94316,79161
800,94321,79176
800,94316,79162
800,94321,79178
800,94330,79204
800,94330,79203
800,94321,79177
800,94318,79167
800,94330,79205
800,94318,79168
800,94315,79159
800,94322,79180
800,94332,79210
800,94332,79211
800,94315,79160
800,94315,79158
800,94322,79179
800,94332,79209
800,94329,79200
800,94329,79201
800,94322,79181
800,94334,79216
800,94336,79221
800,94336,79222
800,94334,79215
800,94319,79170
800,94336,79223
800,94319,79171
800,94333,79212
800,94334,79217
800,94333,79213
800,94320,79173
800,94317,79165
800,94331,79206
800,94317,79164
800,94320,79174
800,94320,79175
800,94317,79166
800,94331,79207
800,94323,79182
800,94323,79183
800,94324,79185
800,94324,79186
800,94325,79189
800,94325,79188
800,94325,79190
800,94326,79191
800,94337,79225
800,94326,79192
800,94326,79193
800,94337,79224
800,94337,79226
800,94338,79228
800,94338,79227
800,94338,79229
800,94340,79233
800,94339,79230
800,94340,79234
800,94339,79231
800,94341,79236
800,94340,79235
800,94339,79232
800,94343,79242
800,94343,79243
800,94341,79237
800,94342,79241
800,94342,79239
800,94342,79240
800,94341,79238
800,94344,79245
800,94344,79246
800,94327,79194
800,94345,79248
800,94327,79195
800,94345,79249
800,94348,79257
800,94344,79247
800,94348,79258
800,94346,79252
800,94347,79255
800,94347,79254
800,94346,79253
800,94347,79256
800,94346,79251
800,94349,79260
800,94349,79261
800,94328,79198
800,94328,79197
800,94352,79269
800,94352,79270
800,94328,79199
800,94350,79263
800,94350,79264
800,94351,79268
800,94351,79267
800,94351,79266
800,94353,79272
800,94353,79273
800,94353,79274
800,94354,79275
800,94354,79276
800,94354,79277
800,94356,79283
800,94356,79282
800,94355,79278
800,94355,79279
800,94355,79280
800,96983,81380
800,96983,81381
800,96984,81384
800,96984,81383
800,94356,79281
800,96986,81389
800,96987,81393
800,96986,81390
800,96987,81392
800,96988,81395
800,96988,81396
800,96985,81387
800,96985,81386
800,96991,81405
800,96991,81404
800,96993,81411
800,96993,81410
800,96994,81413
800,96992,81409
800,96992,81408
800,96994,81414
800,96992,81407
800,96995,81416
800,96996,81419
800,96995,81417
800,96999,81428
800,96996,81420
800,96999,81429
800,97000,81431
800,97000,81432
800,97002,81437
800,97002,81438
800,97000,81433
800,97003,81440
800,97003,81441
800,97004,81443
800,97004,81444
800,97004,81445
800,97007,81452
800,97008,81455
800,97008,81456
800,97009,81458
800,97007,81453
800,97009,81459
800,97010,81461
800,97012,81468
800,97012,81467
800,97010,81462
800,97011,81465
800,97011,81464
800,97015,81476
800,97015,81477
800,97016,81480
800,97016,81481
800,97016,81479
800,97019,81488
800,97017,81482
800,97017,81483
800,97020,81491
800,97019,81489
800,97018,81485
800,97020,81492
800,97023,81500
800,97018,81486
800,97023,81501
800,97025,81506
800,97020,81493
800,97024,81503
800,97024,81505
800,97024,81504
800,97025,81507
800,97026,81510
800,97027,81513
800,97027,81512
800,97026,81509
800,97031,81524
800,97031,81525
800,97032,81528
800,97032,81527
800,97032,81529
800,97033,81531
800,97033,81530
800,97034,81533
800,97034,81534
800,97034,81535
800,97035,81536
800,97035,81537
800,97036,81539
800,97036,81540
800,97039,81548
800,97040,81551
800,97040,81552
800,97041,81554
800,97039,81550
800,97039,81549
800,97043,81560
800,97041,81555
800,97042,81557
800,97042,81558
800,97044,81564
800,97043,81561
800,97044,81563
800,97048,81575
800,97046,81570
800,97046,81569
800,97048,81576
800,97050,81582
800,97050,81581
800,97052,81587
800,97051,81584
800,97052,81588
800,97051,81585
800,97055,81596
800,97058,81605
800,97055,81597
800,97058,81606
800,97055,81598
800,97059,81608
800,97060,81611
800,97059,81609
800,97060,81612
800,97063,81620
800,97063,81621
800,97067,81633
800,97067,81632
800,97068,81636
800,97068,81635
800,97072,81647
800,97076,81659
800,97072,81648
800,97076,81660
800,97047,81572
800,97047,81573
800,97056,81599
800,97075,81657
800,97056,81600
800,97075,81658
800,97075,81656
800,97066,81630
800,97066,81629
800,97071,81644
800,97071,81645
800,97074,81653
800,97074,81654
800,97054,81593
800,97062,81619
800,97062,81618
800,97064,81623
800,97062,81617
800,97054,81594
800,97070,81642
800,97064,81624
800,97064,81625
800,97070,81641
800,97176,81752
800,97176,81753
800,97178,81758
800,97178,81760
800,97179,81762
800,97177,81755
800,97179,81761
800,97178,81759
800,97177,81756
800,97180,81764
800,97181,81768
800,97181,81767
800,97182,81771
800,97182,81770
800,97183,81774
800,97183,81773
800,97184,81776
800,97180,81765
800,97184,81777
800,97186,81782
800,97187,81785
800,97186,81783
800,97187,81786
800,97188,81789
800,97186,81784
800,97188,81788
800,97189,81792
800,97189,81791
800,97191,81799
800,97191,81798
800,97191,81797
800,97190,81794
800,97192,81800
800,97190,81795
800,97190,81796
800,97206,81842
800,97196,81813
800,97192,81801
800,97196,81812
800,97206,81843
800,97196,81814
800,97208,81850
800,97208,81849
800,97208,81848
800,97194,81806
800,97194,81807
800,97211,81857
800,97211,81858
800,97197,81815
800,97197,81817
800,97197,81816
800,97195,81810
800,97195,81811
800,97195,81809
800,97212,81860
800,97198,81819
800,97209,81852
800,97212,81861
800,97209,81851
800,97199,81821
800,97198,81818
800,97199,81822
800,97193,81804
800,97207,81845
800,97213,81863
800,97193,81803
800,97207,81846
800,97213,81865
800,97200,81824
800,97213,81864
800,97200,81825
800,97201,81828
800,97201,81827
800,97202,81831
800,97200,81826
800,97202,81830
800,97203,81834
800,97203,81833
800,97214,81866
800,97215,81870
800,97214,81867
800,97216,81872
800,97215,81869
800,97216,81873
800,97217,81875
800,97217,81876
800,97218,81878
800,97217,81877
800,97218,81879
800,97218,81880
800,97219,81881
800,97220,81885
800,97221,81888
800,97221,81887
800,97220,81884
800,97219,81882
800,97225,81899
800,97225,81900
800,97222,81890
800,97222,81891
800,97225,81901
800,97204,81836
800,97204,81837
800,97223,81894
800,97224,81897
800,97224,81896
800,97226,81902
800,97229,81911
800,97229,81912
800,97223,81893
800,97226,81903
800,97205,81839
800,97205,81840
800,97227,81905
800,97228,81908
800,97228,81909
800,97230,81914
800,97227,81907
800,97227,81906
800,97230,81915
800,97231,81917
800,97232,81920
800,97231,81918
800,97232,81921
800,97233,81923
800,97233,81924
800,99686,83939
800,99687,83942
800,99686,83940
800,99688,83945
800,99687,83944
800,99687,83943
800,99689,83948
800,99688,83946
800,99689,83949
800,99690,83951
800,99691,83955
800,99691,83954
800,99690,83952
800,99692,83957
800,99692,83958
800,99693,83960
800,99693,83961
800,99693,83962
800,99695,83966
800,99695,83967
800,99697,83972
800,99696,83970
800,99696,83969
800,99694,83963
800,99694,83964
800,99696,83971
800,99697,83973
800,99705,83997
800,99704,83993
800,99704,83994
800,99708,84006
800,99705,83996
800,99708,84005
800,99707,84002
800,99706,83999
800,99707,84003
800,99706,84000
800,99709,84009
800,99710,84013
800,99709,84008
800,99710,84011
800,99711,84014
800,99711,84016
800,99711,84015
800,99713,84020
800,99713,84021
800,99710,84012
800,99712,84017
800,99712,84018
800,99714,84023
800,99715,84026
800,99714,84024
800,99715,84027
800,99716,84029
800,99717,84032
800,99717,84033
800,99716,84030
800,99718,84037
800,99718,84035
800,99719,84038
800,99718,84036
800,99719,84039
800,99721,84044
800,99720,84041
800,99721,84045
800,107144,88619
800,107141,88609
800,99720,84042
800,107143,88616
800,107143,88615
800,107142,88612
800,107142,88613
800,107141,88610
800,107436,88726
800,107143,88617
800,107436,88727
800,107141,88611
800,107144,88618
800,107435,88723
800,107435,88724
800,107739,88857
800,107739,88859
800,107740,88860
800,107737,88852
800,107739,88858
800,107737,88853
800,107740,88862
800,107741,88865
800,107740,88861
800,107737,88854
800,107741,88863
800,107741,88864
800,107737,88855
800,107742,88867
800,107742,88866
800,107742,88868
800,107742,88869
800,107743,88871
911,76129,73926
911,76129,73925
800,107743,88872
800,107743,88873
800,107743,88874
911,76130,73928
911,76130,73929
911,76130,73930
911,76131,73931
911,76132,73934
911,76131,73932
911,76132,73935
911,76133,73937
911,76133,73938
911,76134,73940
911,76134,73941
911,76135,73943
911,76136,73947
911,76135,73944
911,76136,73946
911,76137,73949
911,76137,73951
911,76138,73953
911,76138,73952
911,76140,73958
911,76138,73954
911,76137,73950
911,76140,73959
911,76141,73961
911,76142,73964
911,76141,73962
911,76142,73965
911,76145,73974
911,76143,73967
911,76147,73979
911,76144,73971
911,76147,73980
911,76144,73970
911,76145,73973
911,76148,73983
911,76143,73968
911,76148,73982
911,76149,73985
911,76149,73986
911,76149,73987
911,76150,73988
911,76150,73989
911,76151,73991
911,76150,73990
911,76151,73992
911,76151,73993
911,76152,73994
911,76152,73995
911,76153,73997
911,76153,73998
911,76154,74000
911,76154,74001
911,76155,74003
911,76155,74004
911,76155,74005
911,76156,74007
911,76156,74006
911,76156,74008
911,76157,74009
911,76157,74010
911,76158,74012
911,76159,74015
911,76158,74013
911,76159,74016
911,76160,74020
911,76160,74069
911,76160,74019
911,76161,74021
911,76161,74022
911,76162,74024
911,76163,74027
911,76162,74025
911,76164,74030
911,76163,74028
911,76164,74031
911,76165,74034
911,76165,74033
911,76166,74036
911,76166,74037
911,76167,74041
911,76167,74039
911,76167,74040
911,76168,74044
911,76168,74043
911,76169,74046
911,76168,74042
911,76169,74045
911,76170,74048
911,76171,74052
911,76171,74051
911,76172,74055
911,76170,74049
911,76173,74058
911,76173,74057
911,76170,74050
911,76174,74061
911,76172,74054
911,76174,74060
911,76175,74064
911,76175,74063
911,76176,74068
911,76189,74076
911,76176,74067
911,76176,74066
911,76189,74077
911,76192,74085
911,76187,74070
911,76187,74072
911,76188,74073
911,76188,74074
911,76187,74071
911,76188,74075
911,76192,74086
911,76191,74083
911,76191,74082
911,76190,74080
911,76190,74079
911,76191,74084
911,76190,74081
911,76193,74088
911,76193,74089
911,76193,74090
911,76194,74091
911,76194,74093
911,76194,74092
911,76195,74096
911,76195,74094
911,76195,74095
911,76196,74098
911,76199,74107
911,76200,74109
911,76197,74100
911,76198,74104
911,76196,74097
911,76199,74106
911,76862,74477
911,76200,74110
911,76863,74479
911,76862,74476
911,76863,74480
911,76864,74483
911,76865,74485
911,76198,74103
911,76865,74486
911,76863,74481
911,76864,74482
911,76197,74101
911,78125,74940
911,78125,74942
911,78125,74941
911,78128,74949
911,78128,74950
911,78126,74944
911,78129,74952
911,78127,74947
911,78127,74946
911,78126,74943
911,78127,74948
911,78130,74955
911,78129,74953
911,78130,74956
911,78132,74962
911,78133,74964
911,78131,74958
911,78131,74959
911,78132,74963
911,78132,74961
911,78133,74965
911,78135,74971
911,78134,74968
911,78136,74973
911,78135,74970
911,78136,74974
911,78137,74976
911,78134,74967
911,78137,74977
911,78138,74979
911,78138,74981
911,78139,74982
911,78138,74980
911,78140,74985
911,78141,74989
911,78139,74983
911,78143,74994
911,78142,74992
911,78141,74988
911,78140,74986
911,78142,74991
911,78144,74998
911,78143,74995
911,78145,75001
911,78145,75000
911,78147,75006
911,78146,75003
911,78144,74997
911,78148,75009
911,78146,75004
911,78148,75010
911,78148,75011
911,78147,75007
911,78151,75019
911,78152,75022
911,78150,75015
911,78153,75024
911,78151,75018
911,78153,75025
911,78150,75016
911,78152,75021
911,78156,75033
911,78155,75030
911,78156,75034
911,78155,75031
911,78154,75028
911,78157,75037
911,78157,75038
911,78157,75036
911,78158,75039
911,78154,75027
911,78160,75045
911,78158,75040
911,78159,75042
911,78158,75041
911,78161,75048
911,78162,75051
911,78161,75049
911,78159,75043
911,78159,75044
911,78160,75046
911,78163,75054
911,78162,75052
911,78163,75055
911,78164,75057
911,78167,75066
911,78165,75061
911,78166,75064
911,78166,75063
911,78168,75069
911,78165,75060
911,78168,75070
911,78167,75067
911,78169,75072
911,78164,75058
911,78169,75073
911,78170,75075
911,78170,75076
911,78170,75077
911,78172,75081
911,78171,75078
911,78172,75083
911,78171,75079
911,78172,75082
911,78175,75090
911,78173,75085
911,78176,75093
911,78173,75084
911,78174,75088
911,78174,75087
911,78175,75092
911,78178,75099
911,78176,75094
911,78177,75096
911,78177,75098
911,78177,75097
911,78179,75102
911,78179,75103
911,78178,75100
911,78175,75091
911,78180,75107
911,78180,75106
911,78181,75109
911,78181,75108
911,78182,75111
911,78182,75112
911,78184,75117
911,78183,75116
911,78180,75105
911,78183,75114
911,78184,75118
911,78184,75119
911,78187,75123
911,78188,75126
911,78183,75115
911,78186,75121
911,78186,75120
911,78189,75129
911,78189,75130
911,78189,75131
911,78188,75127
911,76388,74337
911,78187,75124
911,76389,74339
911,76389,74340
911,76390,74343
911,76390,74342
911,76391,74346
911,76391,74345
911,76388,74336
911,76392,74348
911,76392,74350
911,76392,74349
911,76389,74341
911,76394,74354
911,76395,74358
911,76395,74357
911,76397,74363
911,76396,74361
911,76393,74352
911,76396,74360
911,76393,74351
911,76397,74364
911,83800,76630
911,83800,76629
911,83801,76634
911,83801,76632
911,83802,76636
911,83801,76633
911,83800,76631
911,83802,76635
911,83802,76637
911,83803,76640
911,83803,76638
911,83803,77452
911,83806,76648
911,83804,76642
911,83807,76651
911,83805,76645
911,83805,76644
911,83807,76650
911,83805,76646
911,83806,76647
911,83804,76641
911,83808,76653
911,83808,76654
911,83809,76656
911,83809,76657
911,83808,76655
911,99067,83221
911,99068,83224
911,99068,83226
911,99068,83225
911,99067,83222
911,99069,83228
911,99070,83230
911,99069,83227
911,99069,83229
911,99070,83231
911,99071,83234
911,99072,83237
911,99071,83235
911,99071,83233
911,99072,83236
911,99072,83238
911,99076,83249
911,99076,83248
911,99074,83243
911,99075,83245
911,99073,83239
911,99074,83242
911,99075,83246
911,99073,83240
911,99077,83251
911,99077,83252
911,99077,83253
911,99079,83257
911,99078,83255
911,99078,83256
911,99078,83254
911,99079,83259
911,99080,83260
911,99079,83258
911,99081,83263
911,99080,83261
911,99081,83264
911,99082,83266
911,99083,83269
911,99083,83270
911,99082,83267
911,99084,83272
911,99084,83273
911,99086,83275
911,99086,83276
911,99086,83277
911,99087,83278
911,99087,83279
911,99087,83280
911,108234,89221
911,108234,89222
911,108234,89223
911,108235,89224
911,108235,89225
911,108236,89228
911,108236,89227
911,108235,89226
911,108237,89230
911,108240,89244
911,108241,89246
911,108241,89247
911,108240,89243
911,108237,89231
911,108242,89250
911,108242,89249
911,108241,89248
911,108238,89233
911,108238,89235
911,108243,89254
911,108243,89255
911,108238,89234
911,108243,89253
911,108243,89252
911,108243,89256
984,99244,83436
911,108239,89238
984,99245,83439
984,99245,83438
911,108239,89239
911,108239,89240
984,99244,83437
984,99247,83444
984,99246,83443
984,99248,83447
984,99248,83448
984,99246,83442
984,99249,83450
984,99247,83445
984,99249,83451
984,99246,83441
984,99580,83749
984,99581,83753
984,99581,83752
984,99582,85500
984,99580,83750
984,99583,83759
984,99583,83760
984,99583,83758
984,99584,83762
984,99584,83761
984,99582,85498
984,99585,83764
984,99585,83765
984,99587,83770
984,99586,83767
984,99586,83768
984,99584,83763
984,99587,83771
984,99587,83772
984,99586,83769
984,99588,83775
984,99588,83773
984,99585,83766
984,99589,83777
984,99589,83776
984,99590,83779
984,99592,83787
984,99590,83780
984,99592,83785
984,99593,83788
984,99591,83782
984,99592,83786
984,99591,83783
984,99595,83795
984,99593,83789
984,99593,83790
984,99595,83794
984,99594,83792
984,99594,83791
984,99596,83797
984,99596,83798
984,99597,83800
984,107526,88801
984,99599,83807
984,107526,88800
984,107529,88810
984,107526,88799
984,107529,88811
984,107530,88813
984,107530,88814
984,107525,88794
984,107530,88815
984,107525,88795
1063,104840,87131
1063,104845,87145
1063,104845,87146
1063,104840,87130
1063,104840,87132
984,107525,88796
1063,104846,87148
1063,104845,87147
1063,104846,87149
1063,104842,87137
1063,104847,87151
1063,104842,87136
1063,104842,87138
1063,104847,87152
1063,104847,87153
1063,104848,87154
1063,104843,87139
1063,104843,87140
1063,104844,87142
1063,104841,87133
1063,104841,87134
1063,104841,87135
1063,104848,87155
1063,104843,87141
1063,104844,87143
1063,104849,87158
1063,104849,87157
1063,106444,88149
1063,106444,88150
1063,106454,88179
1063,106459,88195
1063,106459,88194
1063,106454,88180
1063,106459,88196
1063,106443,88146
1063,106448,88162
1063,106448,88161
1063,106443,88147
1063,106446,88156
1063,106453,88176
1063,106453,88177
1063,106446,88155
1063,106458,88191
1063,106458,88192
1063,106449,88165
1063,106456,88185
1063,106451,88171
1063,106449,88164
1063,106451,88170
1063,106456,88186
1063,106461,88200
1063,106461,88201
1063,106445,88152
1063,106445,88153
1063,106450,88167
1063,106451,88172
1063,106460,88197
1063,106455,88182
1063,106450,88168
1063,106460,88198
1063,106460,88199
1063,106455,88183
1063,106447,88159
1063,106447,88158
1063,106452,88174
1063,106452,88173
1063,106452,88175
1063,106462,88203
1063,106462,88204
1063,106910,88546
1063,106911,88549
1063,106457,88189
1063,106911,88550
1063,106910,88547
1063,106457,88190
1063,106457,88188
1063,106912,88552
1063,106914,88559
1063,106912,88554
1063,106912,88553
1063,106910,88548
1063,106914,88558
1063,106914,88560
1063,106915,88561
1063,106915,88562
1063,106913,88557
1063,106913,88556
1063,106913,88555
1063,106916,88565
1063,106916,88564
1063,106918,88572
1063,106918,88571
1063,106918,88570
1063,106917,88568
1063,106919,88574
1063,106917,88567
1063,106917,88569
1063,106919,88573
1063,106919,88575
1063,106920,88576
1063,106921,88579
1063,106920,88577
1063,106921,88580
1063,106922,88583
1063,106923,88585
1063,106922,88584
1013,106159,87819
1013,106159,87820
1013,106159,87821
1063,106922,88582
1063,106923,88586
1063,106923,88587
1013,106160,87822
1013,106161,87825
1013,106160,87823
1013,106161,87826
1013,106162,87828
1013,106162,87829
1013,106165,87834
1013,106164,87831
1013,106165,87835
1013,106164,87832
1013,106164,87833
1013,106166,87837
1013,106166,87839
1013,106166,87838
1013,106167,87840
1013,106167,87841
1013,106168,87843
1013,106169,87846
1013,106169,87847
1013,106170,87849
1013,106168,87844
1013,106172,87855
1013,106170,87850
1013,106171,87853
1013,106171,87852
1013,106172,87856
998,97858,82398
1013,106173,87858
1013,106173,87860
1013,106173,87859
1013,106173,90133
998,97858,82397
998,97861,82406
998,97469,82216
998,97469,82219
998,97469,82218
998,97469,82217
998,97469,82220
998,97861,82408
998,97862,82409
998,97861,82407
998,97862,82411
998,97862,82410
998,97869,82424
998,97864,82415
998,97864,82416
998,97869,82425
998,97870,82427
998,97870,82428
998,97890,82461
998,97891,82466
998,97891,82465
998,97891,82464
998,97898,82479
998,97890,82462
998,97898,82480
998,97899,82483
998,97899,82482
998,98226,82592
998,98226,82591
998,98227,82594
998,98227,82595
998,98226,82593
998,97859,82400
998,98227,82596
998,97859,82401
998,97865,82418
998,97859,82402
998,97865,82420
998,97871,82430
998,97871,82431
998,97893,82467
998,97872,82433
998,97893,82468
998,97872,82434
998,97865,82419
998,97900,82485
998,97900,82486
998,97901,82489
998,97894,82471
998,97894,82470
998,97886,82453
998,97901,82488
998,97886,82452
998,98228,82597
998,98229,82601
998,98228,82598
998,98229,82600
998,97863,82412
998,97873,82436
998,97863,82413
998,97873,82437
998,97874,82439
998,97874,82440
998,97902,82492
998,97902,82491
998,97902,82493
998,97903,82494
998,97887,82456
998,97903,82495
998,97887,82455
998,97888,82459
998,97888,82458
998,97896,82473
998,97896,82474
998,97897,82476
998,97897,82478
998,97903,82496
998,97897,82477
998,98232,82604
998,98233,82606
998,98232,82603
998,97866,82421
998,97860,82403
998,97866,82422
998,98188,82501
998,97860,82404
998,98188,82502
998,98189,82505
998,98233,82607
998,98189,82504
998,98194,82520
998,98193,82517
998,98194,82519
998,98198,82532
998,98193,82516
998,98203,82546
998,98203,82547
998,98198,82531
998,98199,82535
998,98199,82534
998,98204,82550
998,98209,82565
998,98204,82549
998,98213,82576
998,98208,82561
998,98208,82562
998,98213,82577
998,98204,82551
998,98209,82564
998,98214,82580
998,98190,82508
998,98210,82568
998,98214,82579
998,98214,82581
998,98190,82507
998,98210,82567
998,98191,82511
998,98195,82522
998,98191,82510
998,98195,82523
998,98196,82525
998,98200,82537
998,98196,82526
998,98201,82541
998,98200,82538
998,98205,82552
998,98201,82540
998,98205,82553
998,98206,82555
998,98211,82571
998,98211,82570
998,98206,82556
998,98215,82582
998,98216,82585
998,98216,82586
998,98215,82583
998,98197,82528
998,98197,82529
998,98212,82573
998,98212,82574
998,98192,82513
998,98192,82514
998,98202,82544
998,98202,82543
998,98192,82515
998,98217,82588
998,98207,82560
998,98207,82558
998,98217,82589
998,98207,82559
998,98514,82690
998,98514,82689
998,98217,82590
998,98517,82698
998,98517,82699
998,98520,82708
998,98523,82717
998,98520,82707
998,98523,82716
998,98523,82718
998,98515,82693
998,98515,82692
998,98518,82701
998,98518,82702
998,98521,82710
998,98521,82711
998,98524,82719
998,98524,82720
998,98524,82721
998,98516,82695
998,98522,82713
998,98522,82714
998,98516,82696
998,98519,82704
998,98519,82705
998,101859,85117
998,101859,85118
998,101860,85120
998,101860,85121
998,101861,85124
998,101861,85123
998,101861,85125
998,101862,85126
998,101862,85127
998,101862,85128
998,101863,85129
998,101864,85132
998,101864,85133
998,101863,85131
998,101863,85130
998,101865,85136
998,101866,85138
998,101865,85137
998,101867,85142
998,101865,85135
998,101868,85144
998,101866,85140
998,101868,85145
998,101867,85141
998,101866,85139
998,101869,85147
998,101872,85156
998,101869,85148
998,101870,85150
998,101870,85151
998,101871,85154
998,101872,85157
998,101871,85153
998,101873,85160
998,101873,85159
998,101875,85166
998,101874,85162
998,101875,85165
998,101876,85168
998,101874,85163
998,101873,85161
998,101876,85169
998,101876,85170
998,101877,85172
998,101877,85171
998,101878,85174
998,101878,85175
998,101878,85176
998,101879,85177
998,101879,85178
998,101880,85180
998,101880,85181
998,101881,85183
998,101881,85184
998,101882,85186
998,101883,85189
998,101882,85188
998,101880,85182
998,101882,85187
998,101883,85190
998,101884,85192
998,101885,85195
998,101884,85193
998,101885,85196
998,101884,85194
998,108010,89142
998,108010,89141
998,101886,85200
998,101886,85199
998,101886,85198
998,108012,89147
998,108011,89145
998,108010,89143
998,108011,89144
998,108012,89148
998,108013,89150
998,108018,89167
998,108017,89165
998,108013,89152
998,108013,89151
998,108014,89154
998,108014,89153
998,108016,89162
998,108017,89166
998,108016,89161
998,108017,89164
998,108018,89168
998,108019,89170
998,108019,89171
998,108019,89172
998,108015,89156
998,108015,89158
988,95474,80301
998,108015,89157
998,108019,89173
988,95474,80302
988,95475,80304
988,95475,80306
988,95475,80305
988,95477,80311
988,95476,80307
988,95477,80310
988,95477,80312
988,95476,80308
988,95478,80313
988,95478,80314
988,98596,82784
988,98596,82785
988,98597,82788
988,98598,82790
988,98597,82787
988,98597,82789
988,98598,82791
988,98599,82794
988,98599,82793
988,98600,82796
988,98600,82797
988,98601,82799
988,98600,82798
988,98601,82801
988,98602,82802
988,98603,82806
988,98603,82805
988,98602,82803
988,98601,82800
988,98604,82809
988,98604,82808
988,98605,82811
988,98606,82815
988,98605,82812
988,98607,82818
988,98608,82820
988,98608,82822
988,98606,82814
988,98607,82819
988,98608,82821
988,98609,82824
988,98609,82823
988,98607,82817
988,98610,82827
988,98610,82826
988,106425,88140
988,106425,88141
988,106424,88138
988,106424,88137
988,106426,88143
988,106426,88144
983,94831,79659
983,94831,79660
983,94953,79738
983,94831,79658
983,94832,79662
983,94832,79661
983,94953,79739
983,94952,79735
983,94952,79737
983,94954,79741
983,94954,79743
983,94952,79736
983,99482,83611
983,94954,79742
983,99482,83612
983,99481,83609
983,99481,83610
983,99481,83608
983,99484,83618
983,99484,83617
983,99483,83614
983,99483,83615
983,99485,83620
983,99486,83623
983,99487,83627
983,99488,83630
983,99485,83621
983,99485,83622
983,99488,83629
983,99486,83624
983,99487,83626
983,99491,83638
983,99488,83631
983,99491,83639
983,99490,83635
983,99492,83642
983,99489,83633
983,99492,83641
983,99489,83632
983,99490,83636
983,99493,83644
983,99493,83645
983,99492,83643
983,99494,83647
983,99494,83648
983,99495,83651
983,99495,83650
983,99495,83652
983,106422,88131
983,106422,88132
983,106422,88133
983,106421,88128
983,106423,88134
983,106423,88135
983,106421,88129
996,99829,84219
996,99829,84220
996,99830,84222
996,99832,84228
996,99831,84225
996,99831,84226
996,99832,84229
996,99834,84234
996,99835,84237
996,99834,84235
996,99835,84238
996,99834,84236
996,99828,84216
996,99836,84240
996,99828,84218
996,99833,84232
996,99833,84231
996,99828,84217
996,99836,84241
996,99837,84243
996,99837,84244
996,99837,84245
996,99838,84246
996,99838,84247
996,99839,84249
996,99839,84250
996,99840,84253
996,99840,84252
996,99842,84259
996,100067,84502
996,100067,84501
996,100069,84507
996,99842,84258
996,99843,84262
996,100069,84508
996,100070,84510
996,99843,84263
996,99843,84261
996,100070,84511
996,100068,84504
996,99841,84255
996,100068,84505
996,100130,84558
996,99841,84256
996,100130,84559
996,100131,84562
996,100131,84561
996,100132,84564
996,100132,84565
996,100146,84570
996,100145,84567
996,100145,84568
996,100146,84571
996,100240,84578
996,100277,84581
996,100280,84584
996,100240,84580
996,100280,84586
996,100277,84583
996,100280,84585
996,100240,84579
996,100277,84582
996,100915,84721
996,100915,84722
996,100915,84724
996,101744,85058
996,100915,84723
996,101744,85057
996,101747,85067
996,101748,85070
996,101748,85069
996,101745,85060
996,101745,85061
996,101746,85064
996,101747,85066
996,101746,85063
996,101746,85065
996,101749,85072
996,101749,85073
996,101754,85087
996,101751,85078
996,101751,85079
996,101752,85081
996,101750,85075
996,101752,85082
996,101750,85076
996,101752,85083
996,101753,85085
996,101754,85088
996,101753,85084
996,102105,85355
996,102105,85356
996,101755,85090
996,101755,85091
996,102106,85358
996,101755,85092
996,102107,85361
996,102104,85352
996,102106,85359
996,102104,85353
996,102108,85365
996,102107,85362
996,102108,85364
996,102109,85368
996,102108,85366
996,102109,85367
996,102372,85463
996,102372,85461
996,102373,85464
996,102373,85465
996,102373,85466
996,102377,85476
996,102372,85462
996,102377,85477
996,102375,85470
996,102375,85471
996,102376,85473
996,102376,85474
996,102383,85494
996,102380,85485
996,102380,85486
996,102383,85495
996,102379,85482
996,102379,85483
996,102382,85491
996,102381,85488
996,102382,85492
996,102381,85489
996,102374,85467
996,102374,85468
996,102374,85469
996,103100,85792
996,103100,85793
996,103102,85799
996,103101,85795
996,103103,85802
996,103102,85798
996,103103,85801
996,103101,85796
996,104869,87175
996,104868,87174
996,104868,87173
996,104868,87172
996,103103,85803
996,104869,87176
996,105091,87482
996,104926,87197
996,104926,87198
996,104926,87196
996,105091,87481
996,105269,87527
1012,103541,86116
1012,103541,86117
996,105267,87522
996,105269,87528
996,105267,87523
1012,103542,86119
996,105267,87524
996,105267,87525
996,105267,87526
1012,103542,86120
1012,103559,86170
1012,103560,86173
1012,103559,86171
1012,103561,86176
1012,103560,86174
1012,103561,86177
1012,103562,86179
1012,103563,86182
1012,103563,86183
1012,103564,86185
1012,103562,86181
1012,103562,86180
1012,103565,86189
1012,103565,86188
1012,103564,86186
1012,103566,86191
1012,103567,86194
1012,103567,86195
1012,103568,86197
1012,103568,86198
1012,103566,86192
1012,103571,86207
1012,103570,86204
1012,103570,86203
1012,103569,86201
1012,103571,86206
1012,103572,86210
1012,103569,86200
1012,103572,86209
1012,103572,86211
1012,103626,86269
1012,103626,86268
1012,103621,86253
1012,103620,86250
1012,103621,86254
1012,103622,86256
1012,103622,86257
1012,103620,86251
1012,103623,86259
1012,103623,86260
1012,103624,86263
1012,103624,86262
1012,103625,86265
1012,103625,86266
1012,103625,86267
1012,103627,86271
1012,103732,86538
1012,103627,86272
1012,103732,86537
1012,103733,86540
1012,103733,86541
1012,103734,86543
1012,103735,86547
1012,103735,86548
1012,104969,87296
1012,103734,86544
1012,103735,86546
1012,104969,87295
1012,104970,87298
1012,104970,87299
1012,104970,87300
1012,104969,87297
1012,104973,87307
1012,104973,87308
1012,104972,87305
1012,104971,87302
1012,104971,87301
1012,104972,87304
1012,104972,87306
1012,104974,87310
1012,104974,87311
1012,104974,87312
991,96276,80795
991,96276,80794
991,96296,80833
991,96277,80797
991,96291,80818
991,96277,80798
991,96289,80813
991,96289,80812
991,96296,80835
991,96296,80834
991,96291,80819
991,96278,80800
991,96278,80801
991,96291,80820
991,96279,80804
991,96279,80803
991,96292,80822
991,96292,80821
991,96280,80806
991,96293,80824
991,96293,80825
991,96281,80810
991,96281,80809
991,96294,80828
991,96280,80807
991,96294,80827
991,96308,80851
991,96308,80852
991,96308,80853
991,96309,80854
991,96309,80855
991,96311,80860
991,96310,80857
991,96310,80858
991,96311,80861
991,96312,80864
991,96313,80866
991,96314,80869
991,96311,80862
991,96313,80867
991,96315,80872
991,96314,80870
991,96312,80863
991,96315,80873
991,96315,80874
991,96316,80875
991,96317,80878
991,96317,80879
991,96316,80877
991,96316,80876
991,96318,80881
991,96318,80882
991,99794,84136
991,99794,84135
991,99795,84138
991,99795,84573
991,99793,84132
991,99793,84134
991,99796,84141
991,99793,84133
991,99796,84142
991,99798,84147
991,99797,84145
991,99796,84143
991,99797,84146
991,99797,84144
991,99799,84150
991,99798,84148
991,99799,84151
991,99800,84153
991,99800,84154
991,99800,84155
991,99801,84156
991,99801,84157
991,99801,84158
991,99802,84159
991,99802,84160
991,99803,84162
991,99804,84165
991,99804,84166
991,99803,84163
991,99805,84168
991,99806,84172
991,99807,84174
991,99805,84169
991,99810,84184
991,99808,84178
991,99808,84177
991,99806,84171
991,99807,84175
991,99810,84183
991,99811,84186
991,99811,84187
991,99809,84180
991,99809,84181
991,99812,84190
991,99812,84189
991,99814,84195
991,99813,84193
991,99815,84199
991,99814,84196
991,99813,84192
991,99817,84205
991,99815,84198
991,99817,84204
991,99816,84201
991,99819,84210
991,99818,84208
991,99818,84209
991,99816,84202
991,99819,84211
991,99818,84207
991,99820,84214
991,99820,84213
991,103233,85948
991,103233,85947
991,103234,85950
991,103236,85956
991,103235,85954
991,103235,85953
991,103234,85951
991,103235,85955
991,103236,85957
991,103629,86277
991,103629,86278
991,103629,86279
991,103628,86274
991,103999,86642
991,103628,86276
991,103628,86275
991,103998,86640
991,103998,86639
991,103999,86644
991,104382,86872
991,103999,86643
991,104383,86875
991,104382,86873
882,96365,80949
882,96364,80946
991,104383,86877
991,104383,86876
882,96364,80947
882,96367,80956
882,96366,80952
882,96367,80955
882,96369,80962
882,96368,80958
882,96366,80953
882,96370,80965
882,96365,80950
882,96369,80961
882,96368,80959
882,96370,80964
882,96376,80971
882,96378,80977
882,96371,80968
882,96377,95410
882,96377,95411
882,96371,80967
882,96376,80970
882,96378,80976
882,96379,80979
882,96378,80978
882,96379,80980
882,96380,80983
882,96380,80982
882,96381,80985
882,96381,80986
882,96379,80981
882,96382,80988
882,96382,80989
882,96383,80991
882,96383,80992
882,96726,81033
882,96382,80990
882,96726,81034
882,96727,81036
882,96727,81037
882,96728,81039
882,96728,81040
882,96730,81045
882,96729,81043
882,96730,81046
882,96729,81042
882,96731,81048
882,96733,81054
882,96732,81051
882,96731,81049
882,96732,81053
882,96732,81052
882,96733,81055
882,94879,79708
882,94880,79710
882,94879,79707
882,94880,79711
882,96734,81057
882,96734,81058
882,96735,81061
882,96735,81060
882,96736,81063
882,96737,81067
882,96736,81064
882,96737,81066
882,96736,81065
882,96738,81069
882,96739,81073
882,96739,81072
882,96741,81079
882,96741,81078
882,96740,81076
882,96740,81075
882,96738,81070
882,96743,82609
882,96743,81084
882,96744,81087
882,96746,81093
882,96744,81088
882,96745,81090
882,96745,81091
882,96744,81089
882,96747,81096
882,96746,81094
882,96747,81097
882,96748,81099
882,96749,81102
882,96748,81100
882,96748,81101
882,96749,81103
882,96751,81108
882,96751,81110
882,96750,81106
882,96750,81105
882,96751,81109
882,96752,81112
882,96752,81111
882,99557,83737
882,96752,81113
882,96753,81114
882,99557,83738
882,96753,81115
882,99558,83740
882,99558,83741
882,99606,83821
882,99606,83822
882,99607,83824
882,99607,83825
882,99607,83826
882,99608,83827
882,99608,83828
882,99609,83830
882,99609,83831
882,99610,83833
882,99610,83834
882,99611,83837
882,99610,83835
882,99613,83842
882,99611,83836
882,99613,83843
882,99614,83845
882,99612,83840
882,99612,83841
882,99612,83839
882,99614,83846
882,99614,83847
882,99615,83849
882,99615,83848
882,99616,83852
882,99615,83850
882,99616,83851
882,99617,83854
882,99616,83853
882,99617,83855
882,99617,83856
882,99618,83857
882,99618,83858
882,99618,83859
882,99619,83860
882,99619,83861
882,99620,83863
882,99620,83864
882,99621,83867
882,99621,83866
882,99622,83870
882,99620,83865
882,99622,83869
882,99623,83872
882,99622,83871
882,99623,83873
882,99624,83875
882,99624,83876
882,99625,83878
882,99625,83880
882,99625,83879
882,99626,83881
882,99626,83882
882,99626,83883
882,99627,83885
882,99628,83888
882,99628,83887
882,99627,83884
882,99629,83890
882,99627,83886
882,99629,83891
882,99629,83892
882,102786,85605
882,99631,83898
882,102787,85608
882,99631,83896
882,102786,85606
882,99630,83893
882,99631,83897
882,102785,85602
882,103222,85930
882,103222,85931
882,103222,85932
882,102785,85603
882,103221,85929
882,103221,85928
882,103224,85936
882,99630,83894
882,103221,85927
882,102787,85609
882,102787,85610
882,103224,85937
882,102784,85600
882,102784,85599
882,103223,85933
882,103224,85938
882,103223,85934
882,103225,85939
972,96950,81350
882,103225,85941
882,103225,85940
882,103226,85943
882,103226,85942
882,103226,85944
972,96950,81351
972,96950,81352
972,96951,81353
882,103226,85945
972,96952,81357
972,96955,81363
972,96951,81354
972,96953,81359
972,96955,81362
972,96953,81360
972,96956,81365
972,96952,81356
972,96956,81366
972,96956,81367
972,96957,81368
972,96958,81372
972,96957,81370
972,96958,81371
972,96957,81369
972,98481,82615
972,98480,82611
972,98492,82648
972,98492,82647
972,98481,82614
972,98480,82612
972,98491,82645
972,98491,82644
972,98493,82650
972,98494,82653
972,98494,82654
972,98495,82657
972,98493,82651
972,98492,82649
972,98495,82656
972,98494,82655
972,98496,82660
972,98496,82659
972,98484,82623
972,98496,82661
972,98498,82667
972,98484,82624
972,98498,82665
972,98498,82666
972,98497,82663
972,98485,82626
972,98485,82627
972,98497,82664
972,98497,82662
972,98483,82620
972,98483,82621
972,98482,82617
972,98482,82618
972,98499,82669
972,98500,82671
972,98502,82677
972,98500,82673
972,98499,82668
972,98502,82678
972,98500,82672
972,98501,82675
972,98486,82629
972,98487,82632
972,98486,82630
972,98501,82674
972,98489,82638
972,98489,82639
972,98501,82676
972,98486,82631
972,98487,82633
972,98505,82687
972,98503,82681
972,98503,82680
972,98504,82684
972,98505,82686
972,98488,82635
972,98488,82636
972,98490,82642
972,99765,84054
972,98504,82683
972,99763,84048
972,99763,84049
972,98490,82641
972,98490,82643
972,99764,84052
972,99764,84051
972,99765,84055
972,99766,84059
972,99766,84057
972,99767,84060
972,99766,84058
972,99767,84061
972,99767,84062
972,99768,84064
972,99769,84066
972,99769,84067
972,99770,84071
972,99770,84070
972,99768,84063
972,99768,84065
972,99770,84069
972,99771,84073
972,99772,84077
972,99772,84075
972,99772,84076
972,99773,84078
972,99773,84079
972,99771,84072
972,99774,84082
972,99774,84081
972,99775,84084
972,99776,84088
972,99775,84085
972,99777,84090
972,99778,84094
972,99778,84093
972,99779,84097
972,99779,84096
972,99777,84091
972,99776,84087
972,99782,84106
972,99782,84105
972,99780,84101
972,99781,84103
972,99780,84100
972,99781,84102
972,99781,84104
972,99782,84107
972,99780,84099
972,99783,84108
972,99783,84109
972,99783,84110
972,99784,84112
972,99785,84115
972,99784,84111
972,99786,84117
972,99785,84114
972,99787,84121
972,99787,84120
972,99786,84119
972,99788,84123
972,99788,84124
972,99786,84118
972,99789,84126
972,99789,84127
972,99790,84130
972,102842,85611
972,99790,84129
972,102842,85612
972,99789,84128
972,102843,85614
972,102842,85613
972,102843,85615
972,102844,85617
972,102844,85618
972,102844,85619
972,102845,85620
972,102845,85621
972,103013,85665
972,103013,85664
972,102845,85622
972,103014,85667
972,103014,85668
972,103015,85672
972,103015,85671
972,103015,85670
972,103016,85674
972,103016,85673
972,103017,85676
972,103016,85675
972,103017,85677
965,94957,79745
965,94957,79744
972,103018,85680
972,103018,85682
965,94958,79747
972,103018,85679
972,103018,85681
965,94958,79748
965,94959,79750
965,94958,79749
965,94959,79751
965,94960,79753
965,94961,79756
965,94961,79757
965,94960,79754
965,94962,79759
965,94963,79762
965,94963,79763
965,94962,79760
965,94964,79765
965,94964,79766
965,95087,79830
965,95089,79836
965,95089,79837
965,95087,79831
965,95087,79832
965,95088,79833
965,95092,79843
965,95088,79834
965,95092,79842
965,95093,79846
965,95093,79845
965,95090,79839
965,95090,79840
965,95094,79849
965,95095,79852
965,95093,79847
965,95095,79851
965,95090,79841
965,95094,79848
965,95111,79862
965,95110,79860
965,95110,79861
965,95110,79859
965,95111,79863
965,95113,79869
965,95114,79873
965,95114,79872
965,95114,79871
965,95112,79865
965,95112,79866
965,95113,79868
965,95396,80230
965,95399,80239
965,95397,80233
965,95397,80234
965,95109,79857
965,95109,79856
965,95396,80232
965,95399,80241
965,95396,80231
965,95400,80243
965,95400,80242
965,98841,82915
965,98841,82913
965,95400,80244
965,95399,80240
965,98841,82914
965,98842,82916
965,98842,82917
965,98843,82920
965,98843,82919
965,98844,82922
965,98844,82923
965,98847,82928
965,98847,82929
965,98846,82927
965,98846,82926
965,98846,82925
965,98848,82931
965,98849,82935
965,98849,82934
965,98850,82937
965,98848,82932
965,98851,82941
965,98851,82940
965,98850,82939
965,98850,82938
965,98849,82936
965,98852,82943
965,98852,82944
965,98853,82946
965,98853,82947
965,98854,82949
965,98854,82951
965,98855,82952
965,98855,82953
965,98854,82950
965,98856,82955
965,98858,82962
965,98856,82956
965,98858,82961
965,98857,82958
965,98857,82959
965,98859,82965
965,98859,82964
965,98859,82966
965,98860,82968
965,98860,82969
965,98861,82970
965,98861,82971
965,98862,85497
965,98863,82977
965,98860,82967
965,98864,82979
965,98863,82976
965,98862,82973
965,98864,82980
965,98864,82981
965,98865,82983
965,98865,82982
965,98867,82985
965,98867,82986
965,98868,82989
965,98868,82988
965,98869,82993
965,98867,82987
965,98869,82991
965,98869,82992
965,98870,82994
965,98870,82995
965,103079,85781
965,103079,85780
965,98870,82996
965,103080,85784
965,103081,85786
965,103080,85783
965,103081,85787
965,103215,85908
965,103082,85789
965,103215,85907
965,103082,85790
965,103216,85910
965,103217,85913
965,103216,85911
965,103217,85915
965,103217,85914
965,103218,85916
965,103218,85917
965,103219,85919
965,103219,85920
965,103220,85923
977,98992,83111
977,98991,83109
965,103220,85922
965,103220,85924
977,98993,83114
977,98992,83112
977,98993,83115
977,98990,83105
977,98990,83106
977,98991,83108
977,99510,83653
977,99510,83654
977,99512,83659
977,99510,83655
977,99512,83660
977,99511,83657
977,99511,83656
977,99514,83665
977,99513,83663
977,99513,83662
977,99514,83666
977,99515,83668
977,99517,83674
977,99516,83672
977,99518,83677
977,99515,83669
977,99518,83678
977,99518,83679
977,99517,83675
977,99519,83680
977,99519,83681
977,99519,83682
977,99520,83684
977,99520,83683
977,99516,83671
977,99520,83685
977,99521,83686
977,99522,83690
977,99522,83689
977,99521,83687
977,99525,83698
977,99525,83699
977,99524,83695
977,99524,83697
977,99524,83696
977,99526,83701
977,99526,83702
977,99527,83704
977,99526,83703
977,99527,83705
977,99527,83706
977,99528,83707
977,99528,83708
977,99532,83719
977,99528,83709
977,99531,83717
977,99530,83714
977,99531,83716
977,99529,83712
977,99529,83711
977,99529,83710
977,99530,83713
977,99533,83722
977,99533,83723
977,99532,83720
977,99534,83726
977,99534,83725
977,99533,83724
977,99535,83728
977,99535,83729
977,99536,83731
977,99536,83732
977,99537,83734
977,99537,83735
977,99536,83733
977,102849,85624
977,102850,85626
977,102849,85623
977,102850,85628
977,102850,85627
977,102853,85636
977,102853,85635
977,102852,85632
977,102851,85629
977,102854,85638
977,102854,85639
977,102853,85637
977,102851,85630
977,102852,85633
977,102856,85645
977,102856,85644
977,102856,85646
977,102855,85641
977,102855,85642
977,102855,85643
977,102857,85647
977,102858,85650
977,102858,85651
977,102858,85653
963,96095,80530
977,102857,85648
977,102858,85652
963,96095,80531
963,96096,80533
963,96096,80534
963,96099,80543
963,96096,80535
963,96098,80540
963,96097,80537
963,96097,80536
963,96100,80545
963,96098,80539
963,96099,80542
963,96098,80541
963,96100,80546
963,96101,80548
963,96100,80547
963,96101,80549
963,96102,80551
963,96102,80552
963,96103,80554
963,96103,80556
963,96105,80560
963,96104,80558
963,96104,80557
963,96103,80555
963,96104,80559
963,96105,80561
963,96106,80563
963,96108,80570
963,96107,80567
963,96106,80564
963,96108,80569
963,96109,80573
963,96106,80565
963,96110,80575
963,96109,80572
963,96107,80566
963,96110,80577
963,96154,80704
963,96155,80707
963,96110,80576
963,96154,80706
963,96154,80705
963,96159,80719
963,96156,80710
963,96155,80708
963,96159,80720
963,96156,80711
963,96160,80723
963,96161,80725
963,96160,80722
963,96161,80726
963,96161,80727
963,96162,80729
963,96162,80728
963,96111,80578
963,96164,80735
963,96111,80579
963,96165,80737
963,96164,80736
963,96165,80739
963,96165,80738
963,96164,80734
963,96112,80581
963,96112,80582
963,96113,80584
963,96113,80585
963,96113,80586
963,96115,80590
963,96114,80588
963,96114,80587
963,96117,80596
963,96116,80594
963,96115,80591
963,96116,80593
963,96114,80589
963,96168,80746
963,96118,80599
963,96118,80600
963,96117,80598
963,96117,80597
963,96118,80601
963,96168,80747
963,96169,80749
963,96169,80750
963,96168,80748
963,96170,80752
963,96170,80753
963,96171,80755
963,96171,80756
963,96170,80754
963,96172,80760
963,96173,80762
963,96173,80761
963,96172,80758
963,96174,80764
963,96175,80767
963,96175,80768
963,96172,80759
963,96174,80765
963,96177,80775
963,96177,80774
963,96178,80777
963,96178,80776
963,96174,80766
963,96178,80778
963,96181,80786
963,96180,80783
963,96180,80782
963,96181,80785
963,96179,80780
963,96182,80788
963,96179,80781
963,96183,80791
963,96119,80602
963,96119,80603
963,96120,80605
963,96183,80792
963,96182,80789
963,96120,80606
963,96121,80608
963,96122,80612
963,96122,80611
963,96121,80610
963,96179,80779
963,96121,80609
963,96125,80620
963,96125,80621
963,96126,80623
963,96126,80625
963,96126,80624
963,96127,80626
963,96127,80628
963,96128,80629
963,96128,80630
963,96127,80627
963,96129,80633
963,96129,80632
963,96130,80635
963,96130,80636
963,96132,80641
963,96132,80642
963,96132,80643
963,96123,80614
963,96123,80615
963,96124,80617
963,96133,80644
963,96124,80618
963,96133,80645
963,96134,80647
963,96134,80648
963,96135,80651
963,96135,80652
963,96135,80650
963,96137,80656
963,96137,80657
963,96139,80662
963,96140,80666
963,96138,80660
963,96140,80665
963,96141,80669
963,96141,80668
963,96143,80674
963,96138,80659
963,96142,80671
963,96143,80675
963,96144,80677
963,96144,80678
963,96139,80663
963,96142,80672
963,96145,80681
963,96147,80686
963,96146,80685
963,96145,80680
963,96146,80684
963,96145,80682
963,96147,80687
963,96146,80683
963,96149,80692
963,96148,80690
963,96148,80689
963,96151,80698
963,96150,80695
963,96150,80696
963,96151,80699
963,96149,80693
963,96152,80701
963,96150,80697
963,96152,80702
963,89208,77832
963,89208,77833
963,89208,77831
963,89209,84575
963,89209,84577
963,89211,77840
963,89212,77843
963,89211,77841
963,89212,77844
963,89210,77838
963,89213,77846
963,89209,84576
963,89210,77837
963,89214,77849
963,89214,77850
963,89213,77847
963,89213,77848
963,89217,77859
963,89217,77858
963,89215,77853
963,89215,77854
963,89215,77852
963,89216,77856
963,89216,77855
963,89218,77861
963,89218,77862
963,89216,77857
963,89219,77865
963,89219,77864
963,89220,77867
963,89221,77870
963,89220,77868
963,89221,77871
963,89222,77873
963,89222,77874
963,89223,77877
963,89222,77875
963,89223,77876
963,89224,77879
963,89228,77891
963,89224,77880
963,89224,77881
963,89228,77892
963,89225,77883
963,89225,77882
963,89225,77884
963,89226,77886
963,89227,77888
963,89226,77887
963,89227,77889
963,89229,77895
963,89226,77885
963,89230,77897
963,89231,77900
963,89231,77902
963,89229,77894
963,89232,77903
963,89231,77901
963,89230,77898
963,89233,77906
963,89232,77904
963,89235,77913
963,89234,77909
963,89234,77910
963,89235,77912
963,89237,77915
963,89237,77916
963,89233,77907
963,89237,77917
963,89240,77925
963,89244,77939
963,89238,77918
963,89240,77924
963,89244,77938
963,89238,77919
963,89239,77921
963,89239,77922
963,89243,77935
963,89243,77937
963,89245,77942
963,89245,77941
963,89241,77927
963,89243,77936
963,89241,77929
963,89246,77945
963,89246,77944
963,89241,77928
960,88122,77720
960,88122,77719
960,88128,77737
960,88126,77731
963,89242,77930
960,88126,77732
960,88128,77738
960,88125,77729
963,89242,77932
963,89242,77931
960,88127,77734
960,88123,77722
960,88127,77735
960,88123,77723
960,88127,77736
960,88125,77728
960,88121,77717
960,88121,77716
960,88147,77741
960,88124,77726
960,88147,77740
960,88124,77725
960,88149,77744
960,88149,77743
960,88151,77749
960,88150,77746
960,88150,77748
960,88151,77750
960,88150,77747
960,88121,77718
960,88151,77751
960,88725,77807
960,88726,77811
960,88725,77809
960,88725,77808
960,88731,77825
960,88730,77823
960,88726,77812
960,88729,77819
960,88729,77820
960,88730,77822
960,88726,77810
960,88731,77826
960,88731,77827
960,95371,80194
960,88732,77829
960,88732,77828
960,95371,80195
960,95372,80199
960,95372,80197
960,95372,80198
960,95373,80200
960,95374,80203
960,95373,80202
960,95375,80206
960,95375,80207
960,95375,80208
960,95373,80201
960,95376,80209
960,95377,80212
960,95376,80210
960,95377,80213
960,95374,80204
960,95378,80216
960,95378,80215
960,95378,80217
960,95379,80218
960,95381,80225
960,95381,80224
960,95379,80219
960,95382,80227
960,95379,80220
960,95382,80228
960,99467,83567
960,99467,83568
960,99468,83570
960,99468,83571
960,99469,83574
960,99468,83572
960,99469,83575
960,99469,83573
960,99470,83577
960,99470,83576
960,99470,83578
960,99471,83579
960,99471,85321
960,99472,83582
960,99472,83583
960,99475,83591
960,99475,83592
960,99474,83589
960,99473,83587
960,99473,83586
960,99474,83590
960,99473,83585
960,99478,83600
960,99478,83601
960,99477,83597
960,99476,83594
960,99474,83588
960,99476,83595
960,99477,83598
960,99477,83599
960,99479,83604
960,99479,83603
997,97412,82069
997,97413,82072
997,97412,82070
997,97414,82076
960,99479,83605
997,97413,82073
997,97419,82090
997,97414,82075
997,97420,82093
997,97420,82094
997,97419,82091
997,97420,82095
997,97422,82100
997,97422,82099
997,97421,82097
997,97421,82096
997,97426,82111
997,97426,82112
997,97427,82115
997,97426,82113
997,97428,82117
997,97427,82114
997,97429,82120
997,97428,82118
997,97429,82121
997,97433,82132
997,97434,82137
997,97433,82133
997,97435,82138
997,97435,82140
997,97434,82135
997,97434,82136
997,97440,82154
997,97435,82139
997,97440,82153
997,97436,82142
997,97442,82159
997,97441,82157
997,97441,82156
997,97443,82162
997,97436,82141
997,97442,82160
997,97443,82163
997,97447,82174
997,97447,82175
997,97450,82184
997,97450,82183
997,97449,82181
997,97454,82195
997,97449,82180
997,97454,82196
997,97448,82178
997,97448,82177
997,97456,82201
997,97455,82198
997,97457,82204
997,97455,82199
997,97456,82202
997,97415,82079
997,97457,82205
997,97416,82082
997,97415,82078
997,97417,82084
997,97417,82085
997,97416,82081
997,97423,82102
997,97423,82103
997,97430,82124
997,97424,82106
997,97430,82123
997,97431,82126
997,97424,82105
997,97431,82127
997,97424,82107
997,97431,82128
997,97437,82144
997,97437,82145
997,97438,82147
997,97438,82148
997,97444,82165
997,97445,82169
997,97445,82168
997,97444,82166
997,97459,82211
997,97452,82190
997,97458,82207
997,97459,82210
997,97452,82189
997,97451,82187
997,97451,82186
997,97458,82208
997,97418,82087
997,97418,82088
997,97425,82108
997,97425,82109
997,97439,82150
997,97446,82171
997,97432,82129
997,97439,82151
997,97432,82130
997,97446,82172
997,97460,82213
997,97453,84773
997,97453,82192
997,97460,82214
997,97446,82173
997,102089,85322
997,102089,85323
997,102090,85325
997,102093,85334
997,102089,85324
997,102093,85335
997,102090,85326
997,102091,85329
997,102091,85328
997,102092,85331
997,102092,85332
997,102092,85333
997,102094,85337
997,102094,85339
997,102094,85338
926,84372,77017
926,84374,77023
926,84374,77024
926,84372,77018
926,84373,77020
926,84373,77021
926,84647,77234
926,84647,77235
926,84371,77015
926,84371,77014
926,84647,77236
926,84644,77226
926,84644,77225
926,84648,77238
926,84645,77229
926,84648,77237
926,84645,77228
926,84649,77240
926,84649,77241
926,85523,77482
926,85523,77483
926,84646,77715
926,84646,77231
926,84646,77233
926,85526,77493
926,85526,77492
926,85526,77491
926,85525,77488
926,85525,77489
926,85524,77485
926,85524,77486
926,85524,77487
926,85531,77508
926,85525,77490
926,85531,77510
926,85531,77509
926,85532,77512
926,85532,77511
926,85528,77497
926,85528,77498
926,85528,77499
926,85527,77494
926,85534,77518
926,85533,77515
926,85527,77495
926,85533,77516
926,85534,77517
926,85533,77514
926,85535,77520
926,85536,77523
926,85529,77502
926,85529,77500
926,85529,77501
926,85535,77522
955,85322,77481
926,85535,77521
926,85536,77525
955,85322,77470
955,85323,77473
955,85323,77472
926,85536,77524
955,85323,77474
926,85530,77503
955,88658,77796
955,85324,77475
955,85325,77478
926,85530,77505
926,85530,77504
955,85325,77479
955,88658,77795
955,88658,77797
955,85324,77476
955,88659,77798
955,88659,77799
955,93275,78585
955,88661,77806
955,88660,77803
955,88660,77801
955,88660,77802
955,88661,77805
955,88661,77804
955,93275,78586
955,93276,78588
955,93290,78591
955,93294,78594
955,93276,78589
955,93290,78592
955,93276,78590
955,93290,78593
955,93294,78595
885,83444,76257
885,83444,76258
885,83449,76272
885,83450,76275
885,83449,76273
885,83445,76260
885,83449,76274
885,83450,76276
885,83447,76266
885,83445,76261
885,83447,76267
885,83446,76263
885,83446,76264
885,83451,76279
885,83451,76278
885,83451,76280
885,83448,76270
885,83520,76326
885,83448,76271
885,83448,76269
885,83520,76327
885,84504,77104
885,84505,77108
885,84504,77105
885,84505,77109
885,84509,77120
885,84505,77107
885,84509,77119
885,84507,77113
885,84510,77123
885,84507,77114
885,84510,77122
885,84506,77111
885,84506,77110
885,84508,77116
885,84512,77129
885,84508,77117
885,84510,77124
885,84511,77126
885,84511,77127
885,84512,77128
885,84511,77125
885,84512,77130
925,78792,75519
925,78792,75520
925,78791,75516
925,78793,75522
925,78791,75517
925,78793,75523
925,78794,75525
948,82602,76188
948,82602,76189
948,82602,76187
925,78794,75526
925,78796,75529
925,78794,75527
799,66975,67740
925,78796,75528
799,66975,67741
925,78797,75532
925,78797,75531
799,66976,67743
925,78797,75533
799,66976,67744
799,66977,67746
925,78797,75534
799,66978,67749
799,66977,67747
925,78797,76251
799,66978,67750
799,66979,67752
799,66979,67753
799,66980,67755
799,66980,67756
799,66980,67757
799,66981,67758
799,66984,67768
799,66982,67762
799,66981,67759
799,66982,67761
799,66984,67769
799,66983,67764
799,66984,67767
799,66983,67765
799,66988,67779
799,66985,67772
799,66986,67773
799,66985,67770
799,66987,67776
799,66986,67774
799,66992,67791
799,66990,67785
799,66988,67781
799,66985,67771
799,66992,67792
799,66987,67777
799,66993,67795
799,66993,67794
799,66991,67789
799,66991,67788
799,66990,67786
799,66994,67797
799,66994,67798
799,66995,67800
799,66988,67780
799,66995,67801
799,66996,67804
799,66996,67803
799,66997,67807
799,66998,67809
799,66997,67806
799,66998,67810
799,66999,67812
799,67001,67818
799,66999,67813
799,67001,67819
799,67002,67821
799,67002,67822
799,67004,67827
799,67004,67828
799,67003,67825
799,67006,67833
799,67003,67824
799,67005,67830
799,67005,67831
799,67006,67835
799,67006,67834
799,67010,67846
799,67008,67840
799,67010,67845
799,67009,67842
799,67009,67843
799,67008,67839
799,67007,67837
799,67011,67848
799,67007,67836
799,67010,67847
799,67012,67851
799,67013,67854
799,67013,67855
799,67012,67852
799,67014,67857
799,67014,67858
799,67011,67849
799,67015,67861
799,67015,67860
799,67016,67864
799,67016,67863
799,67016,67865
799,67017,67867
799,67017,67866
799,67018,67869
799,67020,67875
799,67018,67870
799,67019,67872
799,67020,67876
799,67019,67873
799,67021,67879
799,67023,67884
799,67022,67882
799,67022,67883
799,67021,67878
799,67023,67885
799,67022,67881
799,67024,67887
799,67026,67893
799,67025,67891
799,67024,67888
799,67026,67894
799,67028,67899
799,67025,67890
799,67028,67900
799,67027,67897
799,67027,67896
799,67029,67903
799,67030,67907
799,67029,67902
799,67030,67905
799,67030,67906
799,67035,67917
799,67032,67909
799,67034,67914
799,67033,67913
799,67034,67915
799,67035,67918
799,67033,67912
799,67033,67911
799,67037,67923
799,67036,67920
799,67036,67921
799,67032,67908
799,67038,67927
799,67037,67924
799,67040,67933
799,67041,67936
799,67062,67999
799,67039,67930
799,67041,67935
799,67047,67953
799,67039,67929
799,67039,67931
799,67062,67998
799,67040,67932
799,67038,67926
799,67047,67954
799,67048,67956
799,67048,67957
799,67049,67960
799,67049,67959
799,67052,67968
799,67050,67962
799,67050,67963
799,67050,67964
799,67058,67986
799,67054,67975
799,67059,67989
799,67056,67981
799,67054,67974
799,67061,67995
799,67064,68005
799,67064,68004
799,67056,67980
799,67065,68007
799,67065,68008
799,67066,68011
799,67058,67987
799,67059,67990
799,67061,67996
799,67066,68010
799,67044,67944
799,67070,68023
799,67070,68022
799,67069,68020
799,67043,67941
799,67069,68019
799,67069,68021
799,67043,67942
799,67044,67945
799,67051,67965
799,67051,67966
799,67053,67971
799,67053,67972
799,67055,67977
799,67053,67973
799,67055,67978
799,67042,67938
799,67042,67939
799,67046,67950
799,67060,67992
799,67057,67983
799,67046,67951
799,67057,67984
799,67057,67985
799,67060,67993
799,67071,68025
799,67067,68014
799,67045,67948
799,67067,68013
799,67071,68026
799,67045,67947
799,67063,68001
799,67063,68002
799,67068,68016
799,67306,68264
799,67068,68017
799,67306,68265
799,67307,68268
799,67308,68270
799,67308,68271
799,67307,68267
799,67310,68276
799,67309,68273
799,67309,68274
799,67310,68277
799,67311,68279
799,67311,68280
799,67311,68281
799,67313,68283
799,67313,68282
799,67313,68284
799,67315,68288
799,67315,68289
799,67314,68287
799,67314,68286
799,67317,68294
799,67314,68285
799,67316,68293
799,67316,68292
799,67316,68291
799,67319,68301
799,67318,68298
799,67320,68303
799,67317,68295
799,67320,68304
799,67319,68300
799,67318,68297
799,67320,68305
799,67321,68307
799,67322,68309
799,67322,68310
799,67321,68306
799,67322,68311
799,67323,68312
799,67323,68313
799,67368,68438
799,67324,68316
799,67368,68440
799,67324,68315
799,67368,68439
799,67369,68441
799,67328,68328
799,67373,68453
799,67369,68442
799,67373,68454
799,67374,68456
799,67327,68324
799,67328,68327
799,67327,68326
799,67372,68450
799,67374,68457
799,67327,68325
799,67373,68455
799,67325,68319
799,67372,68451
799,67330,68333
799,67375,68460
799,67325,68320
799,67375,68459
799,67330,68334
799,67371,68448
799,67370,68445
799,67325,68318
799,67330,68335
799,67370,68444
799,67329,68331
799,67326,68322
799,67371,68447
799,67329,68330
799,67331,68336
799,67332,68339
799,67333,68343
799,67331,68337
799,67326,68321
799,67334,68346
799,67345,68378
799,67334,68347
799,67333,68342
799,67346,68382
799,67346,68381
799,67334,68345
799,67345,68379
799,67332,68340
799,67347,68385
799,67347,68384
799,67347,68386
799,67348,68387
799,67348,68388
799,67349,68391
799,67349,68392
799,67351,68397
799,67349,68390
799,67351,68396
799,67351,68398
799,67350,68394
799,67352,68399
799,67350,68393
799,67352,68401
799,67335,68348
799,67353,68404
799,67353,68403
799,67352,68400
799,67354,68405
799,67335,68349
799,67354,68406
799,67353,68402
799,67356,68411
799,67354,68407
799,67356,68412
799,67355,68409
799,67359,68421
799,67336,68352
799,67360,68423
799,67355,68410
799,67355,68408
799,67336,68351
799,67360,68425
799,67360,68424
799,67359,68422
799,67359,68420
799,67358,68417
799,67362,68429
799,67358,68418
799,67357,68414
799,67357,68415
799,67361,68426
799,67361,68427
799,67362,68430
799,67363,68433
799,67363,68432
799,67358,68419
799,67364,68436
799,68579,69474
799,67364,68435
799,68578,69471
799,68580,69477
799,68579,69475
799,68580,69478
799,68578,69472
799,68581,69481
799,68582,69484
799,68583,69486
799,68582,69483
799,68583,69487
799,68581,69480
799,68584,69489
799,68584,69490
799,68586,69496
799,68585,69493
799,68585,69492
799,68588,69501
799,68586,69495
799,68588,69502
799,68589,69504
799,68589,69505
799,68591,69510
799,68590,69507
799,68590,69508
799,68591,69511
799,68591,69512
799,68593,69517
799,68595,69523
799,68592,69514
799,68592,69513
799,68593,69516
799,68593,69518
799,68594,69519
799,68595,69522
799,68595,69524
799,68594,69520
799,68596,69525
799,68596,69526
799,68598,69531
799,68597,69528
799,68599,69535
799,68597,69529
799,68598,69532
799,68600,69537
799,68600,69538
799,68599,69534
799,68601,69540
799,68601,69541
799,68604,69549
799,68602,69543
799,68602,69544
799,68603,69547
799,68603,69546
799,68601,69542
799,68604,69550
799,68605,69552
799,68606,69555
799,68606,69556
799,68607,69559
799,68605,69553
799,68608,69561
799,68607,69558
799,68609,69564
799,68608,69562
799,68609,69565
799,68610,69567
799,68609,69566
799,68611,69570
799,68611,69571
799,68610,69568
799,68612,69573
799,68612,69574
799,68613,69577
799,68613,69576
799,68614,69579
799,68614,69580
799,68617,69589
799,68619,69595
799,68618,69591
799,68615,69582
799,68615,69583
799,68618,69592
799,68619,69596
799,68617,69588
799,68620,69597
799,68616,69586
799,68622,69603
799,68623,69606
799,68624,69609
799,68619,69594
799,68622,69604
799,68616,69585
799,68625,69612
799,68624,69610
799,68625,69613
799,68626,69616
799,68623,69607
799,68626,69615
799,68620,69598
799,68627,69618
799,68621,69601
799,68621,69600
799,68627,69619
799,68629,69625
799,68630,69627
799,68630,69628
799,68628,69622
799,68627,69620
799,68628,69621
799,68629,69624
799,68631,69630
799,68633,69636
799,68631,69631
799,68632,69633
799,68634,69639
799,68632,69634
799,68635,69642
799,68633,69638
799,68633,69637
799,68635,69643
799,68634,69640
799,68638,69651
799,68637,69649
799,68636,69646
799,68638,69652
799,68632,69635
842,69960,70941
842,69958,70934
842,69960,70940
799,68637,69648
842,69958,70935
842,69959,70937
842,69959,70939
842,69959,70938
842,69961,70944
842,69961,70943
842,69962,70947
842,69962,70946
842,69963,70949
842,69963,70950
842,69963,73464
842,69963,70951
842,69964,70954
842,69964,70955
842,69964,70957
823,65368,65580
842,69964,70956
823,65369,65584
823,65368,65581
823,65369,65583
823,65370,65586
823,65371,65589
823,65370,65587
823,65371,65590
823,65372,65592
842,69962,70948
823,65373,65629
823,65373,65628
823,65372,65593
823,65373,65597
823,65372,65594
823,65374,65598
823,65374,65599
823,65375,65932
823,65375,65933
823,65375,65934
823,65376,65604
823,65376,65605
823,65377,65607
823,65377,65608
823,65378,65610
823,65377,65609
823,65379,65613
823,65378,65611
823,65380,65616
823,65379,65614
823,65381,65620
823,65382,65622
823,65380,65617
823,65383,65625
823,65383,65626
823,65382,65624
823,65382,65623
823,65391,65630
823,65391,65632
823,65381,65619
823,65393,65636
823,65391,65631
823,65393,65637
823,65394,65640
823,65394,65641
823,65395,65642
823,65395,65643
823,65396,65645
823,65396,65646
823,65394,65639
823,65396,65647
823,65397,65648
823,65397,65649
823,65398,65651
823,65398,65652
823,65398,65653
823,65399,65655
823,65399,65690
823,65400,65657
823,65400,65658
823,65402,65663
823,65401,65661
823,65401,65660
823,65402,65664
823,65403,65666
823,65403,65667
823,65404,65669
823,65404,65670
823,65405,65672
823,65406,65675
823,65405,65673
823,65406,65676
823,65406,65677
823,65430,65692
823,65430,65691
823,65431,65694
823,65431,65695
823,65433,65701
823,65432,65697
823,65433,65700
823,65435,65706
823,65437,65712
823,65436,65709
823,65432,65698
823,65434,65705
823,65436,65710
823,65435,65707
823,65434,65703
823,65437,65713
823,65434,65704
823,65438,65715
823,65439,65719
823,65439,65718
823,65438,65716
823,65440,65721
823,65441,65935
823,65441,65725
823,65443,65730
823,65440,65722
823,65442,65728
823,65442,65727
823,65443,65731
823,65443,65732
823,65444,65733
823,65444,65734
823,65445,65737
823,65445,65736
823,65445,65738
823,65608,65992
823,65609,65996
823,65608,65993
823,65609,65995
823,65610,65999
823,65610,65998
823,65609,65997
823,65611,66001
823,65610,66000
823,65611,66002
823,65613,66007
823,65612,66004
823,65613,66008
823,65615,66013
823,65615,66014
823,65612,66005
823,65616,66016
823,65616,66017
823,65617,66019
823,65617,66021
823,65617,66020
823,65618,66022
823,65621,66032
823,65621,66031
823,65618,66024
823,65618,66023
823,65620,66030
823,65619,66025
823,65622,66034
823,65619,66026
823,65620,66029
823,65620,66028
823,65622,66035
823,65623,66037
823,65651,66040
823,65651,66041
823,65652,66043
823,65623,66038
823,65653,66046
823,65652,66045
823,65652,66044
823,65653,66047
823,65655,66052
823,65654,66050
823,65654,66049
823,65656,66055
823,65655,66053
823,65656,66056
823,65657,66058
823,65657,66059
823,65661,66070
823,65660,66067
823,65661,66071
823,65662,66074
823,65662,66073
823,65660,66068
823,65662,66075
823,65663,66076
823,65663,66077
823,65665,66082
823,65664,66079
823,65664,66080
823,65665,66083
823,65664,66081
823,65666,66087
823,65666,66086
823,65666,66085
823,65766,66142
823,65766,66141
823,65767,66144
823,65767,66145
823,65766,66143
823,65768,66149
823,65770,66154
823,65769,66151
823,65768,66148
823,65768,66147
823,65772,66160
823,65770,66153
823,65771,66157
823,65769,66150
823,65771,66156
823,65772,66159
823,65773,66162
823,65773,66163
823,65774,66165
823,65773,66164
823,65775,66169
823,65774,66166
823,65776,66171
823,65775,66168
823,65776,66172
823,65777,66174
823,65805,66226
823,65777,66175
823,65805,66225
823,65807,66231
823,65807,66232
823,65805,66227
823,65807,66233
823,65808,66234
823,65808,66235
823,65809,66237
823,65809,66238
823,65810,66240
823,65810,66241
823,65806,66229
823,65810,66242
823,65806,66228
823,65980,66410
823,65806,66230
823,65979,66407
823,65980,66411
823,65979,66409
823,65979,66408
823,65981,66413
823,65981,66414
823,65981,66415
823,67116,68122
823,67116,68123
823,67117,68125
823,67117,68126
823,67121,68138
823,67122,68140
823,67121,68137
823,67126,68153
823,67122,68141
823,67128,68158
823,67129,68161
823,67127,68155
823,67128,68159
823,67127,68157
823,67127,68156
823,67126,68152
823,67129,68162
823,70381,71472
823,70378,71462
823,70378,71463
823,70381,71471
823,70380,71469
823,70384,71481
823,70378,71464
823,70387,71490
823,70387,71489
823,70380,71468
823,70384,71480
823,70377,71459
823,70383,71477
823,70377,71460
823,70383,71478
823,70386,71486
823,70379,71465
823,70379,71466
823,70386,71488
823,70386,71487
823,70382,71474
823,70382,71475
823,70382,71476
823,70385,71483
823,70388,71493
823,70385,71484
823,70388,71492
823,72325,72483
823,72325,72484
823,72324,72480
823,72324,72481
823,72326,72486
823,72326,72488
823,72327,72489
823,73367,72956
823,72326,72487
823,72327,72490
823,73367,72957
823,73365,72952
823,73368,72959
823,73367,72958
823,73365,72950
823,73368,72961
823,73368,72960
823,73365,72951
823,73366,72955
823,73366,72953
823,73366,72954
823,73849,73294
823,73849,73295
823,73851,73298
823,73849,73296
823,73868,73304
823,73851,73297
823,73868,73303
823,73867,73301
823,73869,73307
851,71471,71974
823,73869,73306
823,73867,73300
823,73870,73310
823,73870,73309
851,71471,71975
823,73870,73311
851,71472,71977
851,71473,71980
851,71472,71978
851,71471,71976
851,71474,71983
851,71473,72228
851,71474,71984
851,71475,71986
851,71476,71989
851,71476,71990
851,71475,71988
851,71475,71987
851,71478,71992
851,71479,71995
851,71478,71993
851,71478,71994
851,71479,71996
851,71480,71998
851,71480,71999
851,71481,72002
851,71481,72001
851,71483,72007
851,71482,72005
851,71482,72004
851,71486,72011
851,71487,72013
851,71483,72009
851,71483,72008
851,71486,72010
851,71490,72017
851,71490,72016
851,71491,72019
851,71487,72014
851,71491,72020
851,71748,72229
851,71748,72230
851,71751,72236
851,71751,72235
851,71754,72245
851,71754,72244
851,71754,72246
851,71747,72225
851,71747,72226
851,71750,72232
851,71745,72222
851,71752,72238
851,71752,72239
851,71745,72223
851,71750,72233
851,71753,72242
851,71753,72241
851,72968,72791
851,72968,72792
851,72969,72796
851,72969,72794
851,72968,72793
851,73923,73322
851,72969,72795
851,73923,73323
851,72970,72797
851,72971,72802
851,72970,72798
851,73923,73324
851,72971,72800
851,72971,72801
851,73924,73325
851,73924,73326
840,66642,67220
840,66643,67223
840,66642,67221
840,66643,67225
840,66644,67226
840,66643,67224
840,66645,67229
840,66646,67232
840,66645,67230
840,66646,67233
840,66644,67227
840,66648,67239
840,66649,67241
840,66647,67235
840,66648,67238
840,66647,67236
840,66649,67242
840,66889,67628
840,66889,67627
840,66888,67625
840,66888,67624
840,66890,67630
840,66890,67631
840,66890,67632
840,66892,67637
840,66888,67626
840,67753,68872
840,67753,68849
840,66891,67634
840,66892,67636
840,66891,67633
840,67754,68852
840,66893,67640
840,67754,68871
840,66893,67639
840,67754,68870
840,67755,68855
840,67756,68858
840,67756,68859
840,67755,68873
840,68033,68883
840,68034,68885
840,66894,67642
840,68033,68882
840,66894,67643
840,68034,68886
840,68035,68888
840,68035,68889
840,68035,68890
840,66894,67645
840,68036,68891
840,66894,67644
840,68036,68892
840,68310,69362
840,68310,69363
840,68310,69364
840,68041,68897
840,68041,68898
840,68309,69359
840,68043,68904
840,68043,68903
840,68040,68894
840,68040,68895
840,68309,69360
840,67757,68861
840,67757,68862
840,67758,68864
840,68393,69469
840,67758,68865
840,68393,69470
840,68394,69457
840,68392,69453
840,68394,69458
840,68394,69459
840,68392,69451
840,68392,69452
840,68837,69978
840,68438,69466
840,68311,69368
840,68438,69464
840,68311,69366
840,68837,69979
840,68438,69465
840,68311,69365
840,68311,69367
840,68838,69981
840,68839,69984
840,68839,69985
840,68840,69987
840,68841,69990
840,68838,69982
840,68840,69988
840,68842,69993
840,68842,69994
840,68841,69991
840,68843,69996
840,68844,69999
840,68844,70000
840,68843,69997
840,68845,70002
840,68846,70005
840,68846,70006
840,68847,70008
840,69428,70445
840,69428,70444
840,68845,70003
840,69430,70451
840,69430,70450
840,69429,70448
840,69429,70447
840,68847,70009
840,69430,70452
840,69427,70468
840,68848,70011
840,68848,70012
840,69427,70467
840,69123,70267
840,69432,70453
840,69123,70268
840,69124,70270
840,69123,70269
840,69432,70454
840,69433,70456
840,69124,70271
840,69125,70273
840,69125,70274
840,69433,70457
840,69125,70275
840,69434,70460
840,69910,70830
840,69909,70827
840,69910,70832
840,69434,70459
840,69909,70828
840,69434,70461
840,69911,70833
840,69910,70831
840,69911,70834
840,69912,70837
840,69914,70842
840,69912,70836
840,69914,70843
840,69913,70840
840,69913,70839
840,69915,70846
840,69915,70845
840,69916,70848
840,69916,70849
840,69917,70851
840,69918,70854
840,69917,70852
840,69917,70853
840,71398,71958
840,69918,70855
840,71398,71957
840,71398,71959
840,71399,71960
840,71394,71946
840,71393,71942
840,71399,71961
840,71394,71945
840,71395,71948
840,71393,71943
840,71395,71949
840,71400,71963
840,71400,71964
840,71396,71951
840,71401,71966
840,71396,71952
840,71400,71965
840,71396,71953
840,71401,71967
840,71397,71954
840,71397,71955
840,71397,71956
840,71402,71969
840,71402,71970
840,72359,72537
840,72363,72552
840,72363,72551
840,72359,72538
840,72360,72540
840,72360,72541
840,72360,72542
840,72361,72544
840,72361,72543
840,72361,72545
840,72364,72554
840,72364,72555
841,65583,65936
840,72362,72546
840,72362,72547
841,65583,65937
841,65584,65939
840,72362,72550
840,72362,72548
841,65584,65940
841,65585,65943
840,72362,72549
841,65586,65945
841,65586,65946
841,65585,65942
841,65587,65949
841,65588,65952
841,65588,65951
841,65587,65948
841,65591,65960
841,65589,65955
841,65589,65954
841,65590,65957
841,65589,65956
841,65591,68775
841,65593,65962
841,65592,65961
841,65592,68777
841,65590,65958
841,65593,68780
841,65593,68779
841,65594,65963
841,65594,68781
841,65595,65964
841,65595,68774
841,65595,68773
841,65596,65965
841,65596,68771
841,68301,69342
841,68301,69341
841,68302,69345
841,68302,69344
841,68286,69297
841,68286,69296
841,68286,69298
841,68304,69351
841,68304,69350
841,68287,69301
841,68287,69300
841,68287,69299
841,68304,69352
841,68303,69347
841,68303,69348
841,68294,69320
841,68294,69322
841,68291,69312
841,68294,69321
841,68291,69311
841,68306,69356
841,68306,69357
841,68283,69288
841,68284,69291
841,68283,69287
841,68284,69290
841,68283,69289
841,68305,69353
841,68305,69354
841,68295,69323
841,68295,69324
841,68293,69318
841,68296,69326
841,68293,69317
841,68296,69327
841,68295,69325
841,68293,69319
841,68298,69334
841,68288,69303
841,68288,69302
841,68288,69304
841,68298,69333
841,68292,69314
841,68298,69332
841,68292,69316
841,68292,69315
841,68297,69329
841,68297,69330
841,68285,69293
841,68285,69294
841,68285,69295
841,68300,69339
841,68300,69338
841,68289,69305
841,68299,69335
841,68289,69306
841,68299,69336
841,68290,69308
841,68290,69309
841,72067,72334
841,72067,72333
841,72068,72336
841,72067,72335
841,72069,72339
841,72068,72337
841,72068,72338
841,72070,72342
841,72069,72340
841,72072,72349
841,72072,72348
841,72070,72343
841,72071,72345
841,72071,72346
841,72073,72352
841,72074,72354
841,72073,72351
841,72074,72355
841,72075,72357
841,72075,72358
841,72073,72353
841,72075,72359
883,70161,71277
883,70162,71280
841,72076,72361
841,72076,72362
841,72076,72360
841,72076,72363
883,70161,71278
883,70165,71289
883,70162,71281
883,70165,71290
883,70165,71291
883,70166,71292
883,70166,71293
883,70167,71295
883,70167,71296
883,70166,71294
883,70168,71298
883,70169,71302
883,70169,71301
883,70168,71299
883,70170,71305
883,70364,71423
883,70170,71304
883,70364,71424
883,70169,71303
883,70365,71427
883,70369,71439
883,70369,71438
883,70368,71436
883,70365,71426
883,70365,71428
883,70376,71457
883,70376,71456
883,70368,71435
883,70368,71437
883,70367,71432
883,70366,71431
883,70367,71433
883,70366,71429
883,70366,71430
883,70370,71441
883,70370,71442
883,70372,71447
883,70371,72409
883,70371,71444
883,70372,71448
883,70371,71446
883,70373,71450
883,70373,71451
883,70373,71452
883,70374,71453
883,70374,71454
883,72870,72695
883,72870,72694
883,72870,72693
883,72871,72696
883,72871,72697
883,72873,72702
883,72872,72699
883,72872,72700
883,72874,72706
883,72873,72703
883,72874,72705
883,72875,72709
883,72875,72708
883,72877,72714
883,72877,72715
883,72879,72721
883,72876,72712
883,72876,72711
883,72879,72720
883,72878,72718
883,72878,72717
883,72881,72726
883,72881,72727
883,72881,72728
883,72882,72731
883,72882,72730
883,72882,72729
883,72880,72723
883,72880,72724
883,72883,72734
883,72883,72733
883,72883,72732
883,72883,73466
858,67422,68471
858,67423,68475
858,67422,68472
858,67424,68478
858,67421,68468
858,67423,68474
858,67421,68469
858,67427,68486
858,67425,68480
858,67426,68483
858,67426,68485
858,67427,68487
858,67425,68481
858,67424,68477
858,67426,68484
858,67433,68504
858,67430,68495
858,67434,68507
858,67429,68493
858,67428,68489
858,67434,68508
858,67429,68492
858,67433,68505
858,67437,68516
858,67436,68513
858,67436,68514
858,67437,68517
858,67428,68490
858,67438,68520
858,67430,68496
858,67439,68523
858,67441,68529
858,67439,68522
858,67441,68530
858,67440,68525
858,67440,68526
858,67441,68528
858,67438,68519
858,67442,68532
883,72883,73467
858,67442,68531
858,67444,68538
858,67451,68559
858,67444,68537
858,67453,68564
858,67443,68536
858,67451,68558
858,67443,68535
858,67443,68534
858,67453,68565
858,67454,68794
858,67454,68568
858,67457,68577
858,67455,68570
858,67455,68571
858,67457,68576
858,67455,68572
858,67458,68580
858,67458,68579
858,67461,68588
858,67462,68591
858,67461,68589
858,67462,68592
858,67464,68597
858,67464,68598
858,67466,68604
858,67466,68603
858,67465,68602
858,67465,68601
858,67465,68600
858,67467,68607
858,67467,68606
858,67468,68609
858,67468,68610
858,67469,68612
858,67470,68615
858,67470,68616
858,67469,68613
858,67472,68621
858,67472,68622
858,67475,68631
858,67475,68630
858,67474,68627
858,67474,68628
858,67474,68629
858,67478,68639
858,67477,68636
858,67476,68633
858,67477,68637
858,67476,68634
858,67478,68640
858,67482,68651
858,67480,68645
858,67481,68648
858,67481,68649
858,67479,68642
858,67479,68643
858,67482,68652
858,67480,68647
858,67480,68646
858,64791,65126
858,64791,65127
858,64796,65141
858,64806,65172
858,64806,65171
858,64796,65143
858,64796,65142
858,64797,65144
858,64797,65145
858,64792,65129
858,64802,65160
858,64802,65159
858,64807,65174
858,64807,65175
858,64792,65130
858,64799,65151
858,64799,65150
858,64794,65135
858,64794,65136
858,64794,65137
858,64804,65165
858,64804,65166
858,64809,65181
858,64809,65180
858,64804,65167
858,64798,65147
858,64809,65182
858,64808,65177
858,64793,65132
858,64798,65148
858,64808,65178
858,64793,65133
858,64803,65163
858,64803,65162
858,64803,65164
858,64800,65153
858,64800,65154
858,64800,65155
858,64795,65139
858,64795,65138
858,64795,65140
858,64805,65168
858,64811,65187
858,64810,65184
858,64810,65183
858,64805,65169
858,64811,65186
858,64805,65170
858,64810,65185
858,64812,65189
858,64812,65190
858,64813,65192
858,64814,65195
858,64815,65198
858,64813,65193
858,64814,65196
858,64813,65194
858,64815,65199
858,64816,65201
858,64816,65202
858,64817,65205
858,64817,65204
858,64823,65217
858,64823,65218
858,64823,65216
858,64824,65219
858,64824,65220
858,64818,65209
858,64818,65208
858,64818,65207
879,66872,67607
879,66872,67606
879,66873,67610
879,66874,67612
879,66873,67609
879,66875,67615
879,66875,67616
879,66874,67613
879,66880,67618
879,66881,67621
879,66880,67619
879,66881,67622
879,70174,71307
879,70174,71353
879,70174,71308
879,70175,71310
879,70176,71313
879,70175,71311
879,70176,71314
879,70177,71316
879,70177,71317
879,70177,71318
879,70180,71326
879,70178,71319
879,70179,71323
879,70179,71322
879,70197,71328
879,70197,71329
879,70178,71320
879,70180,71325
879,70198,71331
879,70198,71332
879,70199,71334
879,70199,71335
879,70200,71338
879,70201,71341
879,70201,71340
879,70202,71344
879,70202,71343
879,70200,71337
879,70203,71346
879,70204,71349
879,70203,71347
879,70204,71350
879,72863,72682
879,72863,72684
879,72864,72685
879,72864,72686
879,72864,72687
879,72863,72683
879,72865,72688
879,72865,72691
879,72865,72689
879,72865,72690
879,72865,72692
795,64442,64151
795,64442,64152
795,64444,64157
795,64443,64154
795,64443,64155
795,64445,64160
795,64444,64158
795,64445,64161
795,64444,64159
795,64447,64166
795,64447,64167
795,64448,64169
795,64448,64170
795,64449,64173
795,64450,64175
795,64449,64172
795,64450,64176
795,64450,64177
795,64453,64186
795,64451,64179
795,64451,64180
795,64451,64178
795,64453,64184
795,64453,64185
795,64454,64188
795,64454,64187
795,64454,64189
795,64455,64191
795,64455,64190
795,64456,64193
795,64456,64194
795,64456,64195
795,64457,64196
795,64457,64197
795,64458,64199
795,64458,64200
795,64459,64202
795,64459,64203
795,64462,64212
795,64462,64211
795,64463,64214
795,64463,64215
795,64464,64217
795,64461,64209
795,64461,64208
795,64466,64223
795,64464,64218
795,64467,64226
795,64466,64224
795,64467,64227
795,64468,64229
795,64468,64230
795,64469,64233
795,64469,64232
795,64469,64234
795,64471,64239
795,64472,64241
795,64472,64243
795,64472,64242
795,64471,64238
795,64473,64244
795,64473,64245
795,64475,64251
795,64474,64247
795,64474,64248
795,64475,64250
795,64475,64252
795,64476,64253
795,64476,64254
795,64478,64260
795,64479,64263
795,64477,64258
795,64479,64262
795,64480,64265
795,64477,64256
795,64477,64257
795,64478,64259
795,64480,64266
795,64481,64268
795,64482,64271
795,64481,64269
795,64484,64277
795,64482,64272
795,64483,64274
795,64483,64275
795,64484,64278
795,64485,64280
795,64485,64281
795,64487,64286
795,64489,64293
795,64490,64296
795,64490,64295
795,64487,64287
795,64489,64292
795,64489,64294
795,64492,64301
795,64491,64299
795,64491,64298
795,64492,64302
795,64493,64305
795,64493,64304
795,64494,64307
795,64494,64308
795,64495,64310
795,64495,64311
795,64496,64313
795,64496,64314
795,64499,64323
795,64499,64322
795,64500,64325
795,64500,64326
795,64501,64328
795,64501,64329
795,64502,64331
795,64502,64332
795,64502,64333
795,64503,64334
795,64503,64335
795,64504,64338
795,64504,64337
795,64507,64346
795,64505,64340
795,64505,64341
795,64506,64344
795,64506,64343
795,64510,64355
795,64507,64347
795,64507,64348
795,64510,64356
795,64511,67261
795,64513,64364
795,64515,64371
795,64511,67262
795,64513,64366
795,64515,64370
795,64513,64365
795,64516,64373
795,64516,64374
795,64517,64376
795,64517,64377
795,64520,64385
795,64519,64382
795,64519,64383
795,64518,64380
795,64518,64379
795,64520,64386
795,64522,64392
795,64524,64398
795,64521,64388
795,64521,64389
795,64522,64391
795,64524,64397
795,64525,64401
795,64526,64403
795,64525,64400
795,64526,64404
795,64528,64409
795,64528,64410
795,64529,64412
795,64529,64413
795,64531,64418
795,64531,64419
795,64531,64420
795,64532,64421
795,64532,64422
795,64533,64424
795,64533,64425
795,64535,64430
795,64534,64427
795,64534,64428
795,64535,64431
795,64535,64432
795,64536,64434
795,64537,64438
795,64538,64440
795,64538,64439
795,64536,64435
795,64536,64433
795,64537,64437
795,64537,64436
795,64539,64442
795,64539,64443
795,64540,64446
795,64543,64456
795,64543,64455
795,64540,64445
795,64543,64454
795,64539,64444
795,64545,64460
795,64545,64461
795,64550,64475
795,64550,64476
795,64546,64464
795,64547,64466
795,64546,64463
795,64547,64467
795,64552,64481
795,64551,64478
795,64551,64480
795,64551,64479
795,64554,65240
795,64553,64484
795,64552,64482
795,64553,64485
795,64552,64483
795,64554,64488
795,64556,64494
795,64556,64493
795,64556,64495
795,64557,64496
795,64557,64498
795,64557,64497
795,64558,67288
795,64558,67289
795,64558,67287
795,64559,64503
795,64559,64502
795,64561,64509
795,64561,64508
795,64561,64510
795,64562,64512
795,64562,64511
795,64566,64524
795,64566,64523
795,64564,64518
795,64564,64517
795,64565,64522
795,64567,64526
795,64565,64520
795,64565,64521
795,64567,64527
795,64568,64529
795,64568,64530
795,64630,64715
795,64569,64533
795,64632,64721
795,64630,64716
795,64569,64532
795,64632,64722
795,64570,64535
795,64571,64539
795,64572,64541
795,64571,64540
795,64570,64537
795,64570,64536
795,64571,64538
795,64573,64544
795,64573,64546
795,64573,64545
795,64572,64542
795,64575,64550
795,64577,64557
795,64577,64556
795,64575,64551
795,64578,64559
795,64579,64562
795,64579,64563
795,64578,64560
795,64579,64564
795,64580,64565
795,64580,64566
795,64581,64568
795,64581,64569
795,64582,64571
795,64583,64574
795,64582,64572
795,64583,64575
795,64585,64580
795,64584,64577
795,64584,64578
795,64585,64582
795,64585,64581
795,64587,64587
795,64589,64592
795,64587,64586
795,64590,64595
795,64589,64593
795,64588,64590
795,64590,64596
795,64588,64589
795,64591,64599
795,64591,64598
795,64592,64602
795,64592,64601
795,64594,64608
795,64594,64609
795,64594,64607
795,64595,64610
795,64591,64600
795,64595,64611
795,64597,64616
795,64596,64614
795,64596,64613
795,64598,64620
795,64597,64617
795,64598,64619
795,64600,64625
795,64599,64622
795,64599,64624
795,64599,64623
795,64601,64629
795,64603,64634
795,64600,64626
795,64601,64628
795,64603,64635
795,64603,64636
795,64604,64637
795,64604,64638
795,64604,64639
795,64606,64643
795,64607,64646
795,64607,64647
795,64606,64645
795,64605,64640
795,64605,64642
795,64605,64641
795,64606,64644
795,64608,64650
795,64609,64652
795,64608,64649
795,64609,64653
795,64610,64656
795,64611,64658
795,64611,64659
795,64610,64655
795,64611,64660
795,64612,64661
795,64612,64662
795,64613,64665
795,64613,64664
795,64615,64670
795,64615,64671
795,64619,64683
795,64619,64682
795,64619,64684
795,64620,64685
795,64620,64686
795,64621,64688
795,64621,64689
795,64622,64691
795,64622,64692
795,64623,64694
795,64623,64695
795,64624,64697
795,64624,64698
795,64625,64700
795,64627,64707
795,64627,64706
795,64625,64701
795,64628,67291
795,64629,64712
795,64628,67292
795,64629,64713
795,64628,67290
795,64633,64724
795,64633,64726
795,64633,64725
795,64586,64584
795,64586,64583
795,64593,64605
795,64576,64553
795,64576,64554
795,64593,64604
795,64602,64631
795,64574,64548
795,64574,64547
795,64616,64673
795,64614,64667
795,64614,64668
795,64602,64632
795,64616,64674
795,64617,64677
795,64618,64679
795,64617,64678
795,64617,64676
795,64626,64703
795,64626,65321
795,64618,64680
795,64631,64719
795,64631,64718
795,64634,64727
795,64634,64728
795,64631,64720
795,64634,64729
795,64635,64730
795,64635,64731
795,64636,64733
795,64636,64734
795,64637,64737
795,64637,64736
795,64639,64742
795,64639,64743
795,64638,64740
795,64638,64739
795,64638,64741
795,64640,64745
795,64641,64748
795,64640,64746
795,64641,64749
795,64642,64751
795,64643,64754
795,64643,64755
795,64642,64752
795,64644,64757
795,64644,64758
795,64648,64769
795,64645,64760
795,64646,64764
795,64646,64763
795,64645,64761
795,64649,64772
795,64648,64770
795,64647,64766
795,64649,64773
795,64650,64776
795,64647,64767
795,64650,64775
795,64651,64778
795,64651,64779
795,64652,64781
795,64653,64785
795,64651,64780
795,64652,64782
795,64654,64787
795,64653,64784
795,64654,64788
795,64655,64790
795,64655,64791
795,64656,64794
795,64657,64796
795,64656,64793
795,64655,64792
795,64656,64795
795,64657,64797
795,64657,64798
795,64658,64799
795,64658,64800
795,64659,64802
795,64660,64806
795,64660,64805
795,64662,64812
795,64662,64811
795,64661,64808
795,64659,64803
795,64661,64809
795,64663,64815
795,64663,64814
795,64663,64816
795,64665,64820
795,64664,64817
795,64665,64821
795,64664,64818
795,64666,64824
795,64666,64823
795,64667,64827
795,64667,64826
795,64666,64825
795,64669,64832
795,64669,64834
795,64669,64833
795,64672,64842
795,64671,64838
795,64672,64841
795,64671,64839
795,64670,64835
795,64670,64837
795,64671,64840
795,64673,64844
795,64676,64853
795,64670,64836
795,64676,64854
795,64675,64850
795,64678,64859
795,64675,64851
795,64672,64843
795,64673,64845
795,64679,64862
795,64679,64864
795,64681,64868
795,64679,64863
795,64681,64869
795,64678,64860
795,64668,64831
795,64668,64829
795,64668,64830
795,64674,64848
795,64674,64847
795,64677,64856
795,64680,64865
795,64677,64857
795,64680,64866
795,64683,64871
795,64684,64874
795,64684,64875
795,64683,64872
795,64685,64878
795,64686,64880
795,64686,64881
795,64685,64877
795,64687,64883
795,64687,64884
795,64687,64885
795,64688,64887
795,64688,64886
795,64688,64888
795,64689,64889
795,64689,64890
795,64690,64894
795,64690,64892
795,64690,64893
795,64693,64901
795,64692,64899
795,64692,64898
795,64691,64896
795,64694,64906
795,64694,64904
795,64694,64905
795,64691,64895
795,65282,65449
795,64693,64902
795,65283,65453
795,65283,65452
795,65282,65450
795,65284,65455
795,65284,65457
795,65284,65456
795,65285,65459
795,65285,65458
795,65286,65461
795,65289,65470
795,65286,65463
795,65286,65462
795,65289,65471
795,65287,65464
795,65287,65466
795,65287,65465
795,65290,65474
795,65290,65473
795,65291,65476
795,65292,65479
795,65293,65482
795,65291,65477
795,65292,65481
795,65292,65480
795,65293,65483
795,65294,65485
795,65288,66243
795,65288,65467
795,65288,66246
795,65288,65469
795,65294,65486
829,63948,63460
829,63948,63461
829,63949,63463
795,65294,65487
829,63949,63464
829,63952,63472
829,63950,63468
829,63950,63466
829,63950,63467
829,63952,63473
829,63952,63474
829,63955,63482
829,63953,63476
829,63953,63475
829,63956,63485
829,63955,63481
829,63956,63484
829,63954,63479
829,63954,63478
829,63957,63487
829,63957,63488
829,63957,63489
829,63958,63490
829,63958,63491
829,63959,63493
829,63959,63494
829,63959,63495
829,63960,63496
829,63960,63497
829,63961,63499
829,63961,63500
829,63962,63503
829,63962,63502
829,63962,63504
829,63964,63508
829,63964,63509
829,63964,63510
829,63965,63511
829,63965,63512
829,63968,63520
829,63967,63518
829,63966,63515
829,63967,63517
829,63966,63514
829,63968,63521
829,63970,63526
829,63969,63524
829,63969,63523
829,63971,63530
829,63970,63527
829,63971,63529
829,63974,63538
829,63972,63532
829,63972,63533
829,63974,63539
829,63977,63547
829,63975,63541
829,63972,63534
829,63976,63544
829,63975,63542
829,63977,63548
829,63979,63553
829,63976,63545
829,63995,63602
829,63980,63557
829,63978,63550
829,63979,63554
829,63978,63551
829,63995,63601
829,63980,63556
829,63981,63560
829,63983,63567
829,63981,63559
829,63982,63562
829,63982,63563
829,63983,63565
829,63983,63566
829,63984,63568
829,63984,63569
829,63985,63572
829,63985,63571
829,63986,63575
829,63986,63574
829,63987,63577
829,63987,63578
829,63988,63580
829,63988,63581
829,63988,63582
829,63989,63583
829,63990,63586
829,63991,63590
829,63991,63589
829,63989,63584
829,63990,63587
829,63992,63593
829,63993,63596
829,63992,63592
829,63993,63595
829,63994,63598
829,63993,63597
829,63999,63604
829,63994,63599
829,63999,63605
829,63999,63606
829,64000,63607
829,64001,63611
829,64000,63608
829,64002,63613
829,64001,63610
829,64002,63614
829,64002,63615
829,64003,63616
829,64003,63617
829,64005,63623
829,64008,63631
829,64008,63632
829,64006,63626
829,64005,63622
829,64006,63625
829,64004,63619
829,64004,63620
829,64009,63634
829,64010,63637
829,64010,63638
829,64009,63635
829,64007,63629
829,64009,63636
829,64007,63628
829,64007,63630
829,64011,63641
829,64011,63640
829,64012,63643
829,64012,63644
829,64108,63661
829,64107,63658
829,64107,63659
829,64108,63662
829,64109,63664
829,64109,63665
829,64111,63670
829,64110,63668
829,64111,63671
829,64111,63672
829,64110,63667
829,65495,65743
829,65495,65744
829,64112,63673
829,64112,63675
829,64112,63674
829,65496,65747
829,65496,65746
829,65497,65750
829,65496,65748
829,65497,65749
829,65497,65751
829,65499,65755
829,65500,65759
829,65500,65758
829,65499,65756
829,65501,65762
829,65501,65761
829,65501,65763
829,65502,65764
829,65502,65765
829,65503,65768
829,65505,65774
829,65504,65771
829,65504,65772
829,65504,65770
829,65503,65767
829,65505,65775
829,65505,65773
829,65506,65776
829,65506,65777
829,65507,65781
829,65506,65778
829,65508,65782
829,65507,65780
829,65508,65783
829,65507,65779
829,65509,65785
829,65508,65784
829,65510,65788
829,65510,65789
829,65509,65786
829,65511,65791
829,65511,65792
829,65512,65794
829,65512,65795
829,65513,65798
829,65512,65796
829,65515,65803
829,65514,65800
829,65513,65797
829,65514,65801
829,65515,65804
829,65516,65806
829,65516,65807
829,65517,65810
829,65517,65809
829,65517,65811
829,65518,65813
829,65518,65812
829,65518,65814
829,65519,65815
829,65519,65816
829,65521,65822
829,65520,65818
829,65520,65819
829,65521,65821
829,65523,65827
829,65523,65828
829,65522,68877
829,65522,68878
829,65523,65829
829,65526,65836
829,65524,65830
829,65524,65831
829,65534,65860
829,65525,65833
829,65525,65834
829,65526,65837
829,65534,65861
829,65534,65862
829,65527,65839
829,65528,65842
829,65528,65843
829,65527,65840
829,65529,65846
829,65529,65845
829,65529,65847
829,65530,65848
829,65530,65849
829,65531,65852
829,65532,65854
829,65531,65851
829,65533,65857
829,65532,65855
829,65532,65856
829,65533,65858
829,65535,65863
829,65537,65870
829,65533,65859
829,65536,65866
829,65535,65864
829,65537,65869
829,65537,65871
829,65538,65872
829,65536,65867
829,65539,65875
829,65541,65881
829,65538,65873
829,65539,65876
829,65540,68881
829,65542,65885
829,65544,65887
829,65542,65884
829,65541,65882
829,65540,68880
829,65544,65888
829,65545,65890
829,65544,65889
829,65545,65891
829,65546,65893
829,65549,65903
829,65549,65902
829,65547,65897
829,65546,65894
829,65548,65899
829,65548,65900
829,65550,65906
829,65550,65905
829,65547,65896
829,65551,65910
829,65551,65908
829,65553,65914
829,65552,65912
829,65551,65909
829,65553,65915
829,65552,65911
829,65554,65917
829,65552,65913
829,65554,65918
829,65555,65921
829,65555,65920
829,65556,65923
829,65556,65925
829,65555,65922
829,65556,65924
829,65558,65930
829,65558,65929
829,65557,65927
829,65557,65926
829,66280,66656
829,66280,66657
829,66281,66659
829,66281,66660
829,66281,66661
829,66282,66662
829,66282,66663
829,66283,66665
829,66286,66669
829,66286,66668
829,66283,66666
829,66287,66671
829,66287,66672
829,66287,66673
829,69561,70470
829,69561,70469
829,69562,70473
829,69564,70478
829,69562,70472
829,69564,70479
829,69564,70480
829,69563,70475
829,69563,70476
829,69563,70477
829,70287,71378
829,70287,71379
829,70286,71375
829,70289,71384
829,70286,72433
829,70288,71383
829,70288,71381
829,70288,71382
829,70289,71385
829,70289,71386
829,70290,71389
829,70290,71387
829,70292,71393
829,70291,71390
829,70290,71388
829,70291,71391
829,70292,71394
829,70295,71402
829,70293,71396
829,70294,71401
829,70294,71400
829,70293,71398
829,70295,71403
829,70297,71410
829,70297,71409
829,70294,71399
829,70293,71397
829,70296,71405
829,70296,71406
829,70298,71411
829,70298,71412
829,70299,71414
829,70300,71417
829,70299,71415
829,70300,71418
829,70301,71421
829,70300,71419
829,70301,71420
829,77808,74802
829,77808,74803
829,77809,74806
829,77809,74805
829,77811,74812
829,77811,74811
829,77814,74822
829,77810,74809
829,77810,74808
829,77811,74813
829,77814,74823
829,77814,74824
829,77816,74829
829,77816,74828
829,77815,74826
829,77815,74825
829,77812,74814
829,77812,74815
829,77812,74816
829,77817,74833
829,77817,74835
830,63675,63114
829,77817,74834
829,77817,74836
829,77813,74818
830,63675,63116
829,77813,74817
829,77817,74837
829,77813,74819
830,63675,63115
830,63671,63102
830,63670,63100
830,63670,63099
830,63671,63103
830,63677,63121
830,63677,63120
830,63672,63647
830,63676,63117
830,63672,63646
830,63674,63111
830,63674,63112
830,63673,63108
830,63676,63118
830,63674,63113
830,63673,63109
830,63682,63125
830,63683,63127
830,63682,63124
830,63683,63128
830,63685,63133
830,63684,63130
830,63685,63134
830,63684,63131
830,63683,63129
830,63685,63135
830,64046,63648
830,64046,63649
830,64161,63703
830,64047,63651
830,64161,63702
830,64162,63705
830,64047,63652
830,64162,63706
830,64162,63707
830,64163,63709
830,64160,63699
830,64159,63698
830,64159,63697
830,64160,63701
830,64163,63708
830,64159,63696
830,64160,63700
830,64165,63712
830,64165,63711
830,65966,66371
830,65966,66372
830,65967,66375
830,65968,66378
830,65967,66374
830,65968,66377
830,65968,66379
830,65969,66380
830,65969,66382
830,65970,66383
830,65971,66387
830,65970,66384
830,65969,66381
830,65972,66389
830,65971,66386
830,65972,66390
830,65973,66393
830,65974,66395
830,65973,66394
830,65973,66392
830,65974,66396
830,65975,66398
830,65975,66400
830,65975,66399
830,65976,66402
830,65977,66405
830,65976,66401
830,69754,70596
830,65977,66404
830,69754,70597
830,69755,70600
830,69755,70599
830,69755,70601
830,69756,70602
830,69757,70605
830,69758,70608
830,69756,70603
830,69757,70606
830,69759,70611
830,69758,70609
830,69759,70612
830,69761,70617
830,69762,70620
830,69760,70615
830,69760,70614
830,69762,70621
830,69760,70616
830,69761,70618
830,69761,70619
830,69763,70623
830,69762,70622
830,69763,70624
830,69764,70626
830,69764,70627
830,69765,70629
830,69765,70630
830,69766,70632
830,69766,70633
812,60939,60258
830,69767,70637
812,60938,60255
812,60939,60259
830,69767,70636
830,69767,70638
830,69767,70635
812,60938,60256
812,60941,60265
812,60941,60264
812,60940,60261
812,60940,60262
812,60942,60268
812,60942,60267
812,60944,60273
812,60943,60271
812,60944,60274
812,60943,60270
812,60945,60277
812,60945,60276
812,61046,60352
812,61046,60353
812,61047,60355
812,61047,60356
812,61048,60358
812,61047,60357
812,61048,60359
812,61288,60621
812,61288,60441
812,61289,60442
812,61289,60623
812,61290,60443
812,62886,62009
812,62885,62005
812,61290,60444
812,62885,62006
812,62886,62008
812,62883,62000
812,62883,61999
812,62884,62002
812,62884,62003
812,62888,62014
812,62888,62015
812,62899,62030
812,62899,62029
812,62889,62017
812,62889,62019
812,62897,62023
812,62889,62018
812,62897,62024
812,62898,62027
812,62902,62035
812,62898,62026
812,62903,62038
812,62903,62039
812,62902,62036
812,62902,62037
812,62904,62041
812,64241,63735
812,62904,62042
812,64241,63736
812,64242,63738
812,64242,63739
812,64244,63744
812,64243,63742
812,64243,63741
812,64244,63745
812,64244,63746
812,64245,63747
812,64245,63748
812,64247,63753
812,64246,63750
812,64246,63751
812,64248,63757
812,64248,63756
812,64248,63758
812,64247,63754
812,64249,63759
812,64251,63766
812,64251,63765
812,64249,63760
812,64250,63762
812,64250,63763
812,64250,63764
812,64252,63768
812,65599,65969
812,64253,63771
812,64254,63775
812,65599,65968
812,64252,63769
812,64254,63774
812,64253,63772
812,65600,65971
812,65600,65972
812,65602,65978
812,65599,65970
812,65603,65981
812,65602,65977
812,65603,65982
812,65603,65980
812,65606,65990
812,65606,65989
812,65949,66362
812,65949,66363
812,65606,65991
812,65948,66359
812,65948,66361
812,65950,66366
812,65950,66365
812,65948,66360
812,65951,66368
812,65950,66367
812,65994,66419
812,65994,66420
812,65951,66369
812,65993,66416
812,65993,66417
812,66174,66526
812,66778,67366
812,66174,66527
812,66778,67367
812,66778,67368
812,66781,67375
812,66781,67376
812,66782,67379
812,66782,67378
812,66783,67381
812,66783,67382
812,66785,67389
812,66785,67387
812,67400,68464
812,66785,67388
812,67401,68465
812,67400,68739
812,67401,68741
812,67575,68747
812,67401,68742
812,67403,68745
812,67575,68783
812,67576,68748
812,67402,68466
812,67402,68743
812,67403,68467
812,67576,68785
812,67576,68786
812,67695,68788
812,67695,68787
812,67696,68791
812,67696,68790
812,67696,68792
796,64310,63793
796,64310,63791
796,64313,63800
796,64313,63801
796,64311,63795
796,64310,63792
796,64311,63794
796,64314,63803
796,64314,63804
796,64314,63805
796,64315,63806
796,64315,63807
796,64316,63810
796,64316,63809
796,64317,63812
796,64317,63813
796,64318,63816
796,64319,63818
796,64319,63819
796,64319,63820
796,64318,63815
796,64320,63822
796,64320,63821
796,64321,63824
796,64322,63827
796,64322,63828
796,64321,63825
796,64323,63830
796,64323,63831
796,64324,63835
796,64324,63833
796,64324,63834
796,64325,63837
796,64326,63839
796,64325,63836
796,64329,63849
796,64326,63840
796,64330,63851
796,64328,63845
796,64327,63842
796,64329,63848
796,64328,63846
796,64330,63852
796,64331,63854
796,64332,63857
796,64332,63859
796,64333,63860
796,64327,63843
796,64332,63858
796,64334,63863
796,64334,63864
796,64335,63867
796,64337,63872
796,64336,63870
796,64336,63869
796,64335,63866
796,64333,63861
796,64337,63873
796,64338,63875
796,64338,63877
796,64339,63878
796,64338,63876
796,64340,63881
796,64340,63882
796,64341,63884
796,64331,63855
796,64339,63879
796,64341,63885
796,64343,63890
796,64343,63891
796,64342,63887
796,64342,63888
796,64344,63893
796,64345,63896
796,64344,63894
796,64347,63902
796,64345,63897
796,64347,63903
796,64347,63904
796,64348,63905
796,64349,63908
796,64348,63906
796,64349,63909
796,64350,63912
796,64351,63915
796,64351,63914
796,64350,63911
796,64355,63926
796,64354,63924
796,64353,63920
796,64355,63927
796,64352,63918
796,64354,63923
796,64353,63921
796,64352,63917
796,64356,63930
796,64356,63929
796,64357,63932
796,64357,63933
796,64359,63938
796,64358,63936
796,64358,63935
796,64361,63945
796,64359,63940
796,64359,63939
796,64361,63946
796,64361,63944
796,64363,63951
796,64363,63950
796,64364,63954
796,64364,63955
796,64364,63953
796,64365,63956
796,64365,63957
796,64362,63947
796,64360,63941
796,64362,63948
796,64360,63942
796,64366,63959
796,64366,63960
796,64367,63963
796,64366,63961
796,64368,63965
796,64367,63962
796,64368,63967
796,64368,63966
796,64367,63964
796,64369,63968
796,64369,63969
796,65230,65404
796,65231,65407
796,64369,63970
796,65230,65406
796,65230,65405
796,65231,65408
796,65232,65410
796,65232,65411
796,65235,65421
796,65233,65413
796,65234,65417
796,65233,65414
796,65235,65419
796,65234,65416
796,65238,65428
796,65235,65420
796,65238,65429
796,65238,65430
796,65239,65431
796,65239,65432
796,65241,65437
796,65241,65438
796,65236,65423
796,65242,65440
796,65240,65436
796,65236,65422
796,65240,65434
796,65240,65435
796,65242,65441
796,65244,65448
796,65244,65446
796,65244,65447
796,65243,65443
796,65243,65445
796,65243,65444
797,64371,63972
796,65237,65426
796,65237,65425
797,64372,63974
797,64371,63971
796,65237,65427
797,64372,63975
797,64373,63977
797,64373,63978
797,64374,63980
797,64375,63983
797,64374,63981
797,64376,63986
797,64375,63984
797,64376,63987
797,64377,63989
797,64376,63988
797,64377,63990
797,64378,63992
797,64379,63995
797,64379,63996
797,64378,63993
797,64380,63998
797,64380,63999
797,64383,64007
797,64381,64002
797,64383,64008
797,64381,64001
797,64382,64004
797,64382,64006
797,64382,64005
797,64384,64010
797,64384,64011
797,64385,64013
797,64385,64014
797,64386,64016
797,64387,64019
797,64386,64017
797,64388,64022
797,64388,64024
797,64387,64020
797,64388,64023
797,64386,64018
797,64389,64026
797,64390,64028
797,64391,64031
797,64389,64025
797,64390,64029
797,64391,64032
797,64392,64034
797,64393,64038
797,64393,64037
797,64392,64035
797,64394,64040
797,64395,64043
797,64395,64044
797,64394,64041
797,64396,64046
797,64397,64049
797,64397,64050
797,64399,64056
797,64396,64047
797,64396,64048
797,64399,64055
797,64400,64059
797,64400,64058
797,64402,64064
797,64404,64070
797,64401,64062
797,64403,64068
797,64403,64067
797,64402,64065
797,64403,64069
797,64401,64061
797,64404,64071
797,64405,64074
797,64406,64076
797,64407,64079
797,64408,64082
797,64407,64080
797,64406,64077
797,64405,64073
797,64408,64083
797,64409,64085
797,64409,64086
797,64412,64094
797,64410,64088
797,64411,64092
797,64411,64091
797,64412,64095
797,64410,64089
797,64413,64097
797,64413,64098
797,64414,64101
797,64414,64100
797,64413,64099
797,64415,64104
797,64415,64103
797,64416,64106
797,64416,64107
797,64415,64105
797,64417,64109
797,64418,64112
797,64417,64110
797,64418,64113
797,64419,64116
797,64419,64115
797,64420,64118
797,64420,64119
797,64421,64122
797,64422,64125
797,64421,64121
797,64422,64124
797,64423,64127
797,64423,64128
797,64424,64130
797,64424,64131
797,64427,64140
797,64425,64134
797,64427,64139
797,64426,64138
797,64425,64135
797,64425,64133
797,64426,64137
797,64426,64136
797,64430,64149
797,64428,64142
797,64429,64145
797,64430,64148
797,64429,64146
797,64428,64143
797,64428,64144
797,65297,65488
797,65297,65489
797,65298,65491
797,65298,65492
797,65299,65495
797,65300,65497
797,65300,65499
797,65300,65498
797,65301,65500
797,65299,65494
797,65301,65501
797,65302,65503
797,65304,65510
797,65304,65509
797,65305,65512
797,65302,65504
797,65304,65511
797,65305,65513
797,65305,65514
797,65303,65506
797,65303,65507
797,65303,65508
797,65307,65518
797,65306,65515
797,65307,65519
797,65306,65516
797,65308,65521
797,65308,65523
797,65308,65522
797,65689,66094
797,65689,66095
797,65689,66096
797,65309,65525
797,65309,65524
797,65310,65527
797,65310,65528
797,65310,65529
792,62603,61247
797,65310,65530
792,62603,61248
792,62602,61244
792,62604,61250
792,62603,61249
792,62601,61241
792,62602,61245
792,62601,61242
792,62604,61251
792,62605,61253
792,62605,61254
792,62608,61264
792,62607,61260
792,62608,61263
792,62608,61262
792,62607,61259
792,62609,61266
792,62609,61265
792,62612,61274
792,62611,61271
792,62610,61269
792,62611,61272
792,62610,61268
792,62613,61277
792,62610,61270
792,62612,61275
792,62614,61280
792,62613,61278
792,62615,61283
792,62614,61281
792,62615,61284
792,62616,61286
792,62616,61287
792,62616,61288
792,62618,61292
792,62618,61293
792,62617,61290
792,62617,61289
792,62619,61296
792,62620,61298
792,62619,61295
792,62620,61299
792,62620,61300
792,62621,61301
792,62622,61305
792,62622,61304
792,62621,61302
792,62621,61303
792,62623,61308
792,62627,61320
792,62626,61317
792,62628,61322
792,62623,61307
792,62624,61311
792,62624,61310
792,62627,61319
792,62626,61316
792,62628,61323
792,62629,61325
792,62630,61328
792,62632,61334
792,62630,61329
792,62629,61326
792,62632,61335
792,62631,61332
792,62631,61331
792,62635,61343
792,62633,61337
792,62635,61344
792,62636,61347
792,62638,61352
792,62636,61346
792,62633,61338
792,62639,61356
792,62639,61355
792,62638,61353
792,62640,61358
792,62640,61359
792,62641,61362
792,62641,61361
792,62641,61363
792,62642,61365
792,62642,61364
792,62644,61370
792,62644,61371
792,62645,61374
792,62643,61367
792,62643,61368
792,62646,61376
792,62645,61373
792,62646,61377
792,62651,61392
792,62648,69443
792,62651,61391
792,62652,61394
792,62652,61395
792,62652,61396
792,62653,61397
792,62653,61398
792,62654,61401
792,62654,61400
792,62657,61409
792,62658,61412
792,62658,61413
792,62657,61410
792,62655,61404
792,62656,61406
792,62656,61407
792,62655,61403
792,62659,61415
792,62659,61416
792,62663,61428
792,62662,61424
792,62661,61422
792,62663,61427
792,62662,61425
792,62661,61421
792,62664,61430
792,62664,61431
792,62667,61439
792,62666,61436
792,62665,61433
792,62665,61434
792,62667,61440
792,62666,61437
792,62669,61445
792,62669,61446
792,62670,61448
792,62671,61451
792,62671,61452
792,62670,61449
792,62672,61455
792,62672,61454
792,62674,61460
792,62675,61463
792,62674,61461
792,62673,61458
792,62673,61457
792,62675,61465
792,62675,61464
792,62678,61472
792,62677,61469
792,62677,61470
792,62679,61475
792,62680,61478
792,62679,61476
792,62680,61479
792,62678,61473
792,62681,61481
792,62681,61482
792,62682,61484
792,62682,61485
792,62682,61486
792,62686,61496
792,62684,61492
792,62684,61490
792,62683,61489
792,62683,61487
792,62686,61497
792,62683,61488
792,62689,61505
792,62686,61498
792,62684,61491
792,62689,61506
792,62688,61502
792,62687,61500
792,62687,61499
792,62688,61503
792,62692,61515
792,62687,61501
792,62690,61508
792,62693,61518
792,62693,61517
792,62692,61514
792,62690,61509
792,62691,61511
792,62691,61512
792,62694,61520
792,62694,61521
792,62694,61522
792,62695,61523
792,62695,61524
792,62696,61526
792,62697,61529
792,62696,61527
792,62697,61530
792,62698,61532
792,62700,61538
792,62698,61533
792,62700,61539
792,62701,61543
792,62701,61541
792,62701,61542
792,62702,61545
792,62702,61544
792,62703,61547
792,62703,61548
792,62704,61550
792,62704,61551
792,62705,61554
792,62705,61553
792,62706,61556
792,62706,61557
792,62706,61558
792,62708,61563
792,62708,61562
792,62711,61571
792,62707,61560
792,62710,61569
792,62710,61568
792,62707,61559
792,62711,61572
792,62713,61577
792,62714,61580
792,62713,61578
792,62714,61581
792,62716,61587
792,62717,61589
792,62718,61593
792,62718,61592
792,62714,61582
792,62717,61590
792,62716,61586
792,62718,61594
792,62719,61595
792,62720,61598
792,62719,61597
792,62719,61596
792,62720,61599
792,62721,61602
792,62722,61605
792,62722,61604
792,62721,61601
792,62721,61603
792,62723,61607
792,62723,61608
792,62724,61610
792,62724,61611
792,62725,61613
792,62725,61614
792,62726,61616
792,62726,61617
792,62727,61620
792,62727,61619
792,62727,61621
792,62728,61622
792,62729,61625
792,62728,61623
792,62729,61626
792,62730,61628
792,62730,61629
792,62730,61630
792,62731,61631
792,62731,61632
792,62734,61640
792,62735,61645
792,62732,61634
792,62734,61641
792,62732,61635
792,62735,61644
792,62736,61646
792,62735,61643
792,62740,61658
792,62740,61659
792,62741,61661
792,62736,61647
792,62741,61662
792,62742,61666
792,62744,61671
792,62742,61665
792,62744,61670
792,62742,61664
792,62743,61667
792,62743,61668
792,62745,61674
792,62746,61676
792,62745,61673
792,62746,61677
792,62746,61678
792,62748,61682
792,62747,61680
792,62748,61683
792,62747,61679
792,62749,61685
792,62749,61686
792,62750,61689
792,62750,61688
792,62751,61691
792,62752,69444
792,62752,69445
792,62753,61697
792,62751,61692
792,62751,61693
792,62753,61698
792,62754,61700
792,62754,61701
792,62755,61703
792,62756,61706
792,62756,61707
792,62757,61710
792,62758,61712
792,62757,61709
792,62755,61704
792,62758,61713
792,62755,61705
792,62760,61719
792,62761,61721
792,62761,61722
792,62760,61720
792,62760,61718
792,62759,61717
792,62759,61716
792,62759,61715
792,62762,61724
792,62762,61725
792,62764,61731
792,62763,61727
792,62765,61733
792,62765,61735
792,62765,61734
792,62764,61730
792,62763,61728
792,62767,61739
792,62769,61745
792,62768,61742
792,62767,61740
792,62768,61743
792,62770,61748
792,62769,61746
792,62770,61749
792,62771,61751
792,62771,61752
792,62772,61754
792,62772,61755
792,62773,61757
792,62772,61756
792,62773,61758
792,62774,61760
792,62774,61761
792,62776,61766
792,62776,61767
792,62774,61762
792,62777,61770
792,62777,61769
792,62779,61775
792,62779,61776
792,62778,61772
792,62778,61773
792,62780,61778
792,62780,61779
792,62782,61785
792,62782,61784
792,62783,61787
792,62783,61788
792,62784,61790
792,62784,61791
792,62787,61799
792,62791,61811
792,62787,61800
792,62790,61808
792,62791,61812
792,62786,61796
792,62786,61797
792,62790,61809
792,62785,61793
792,62781,61781
792,62788,62108
792,62785,61794
792,62792,61814
792,62792,62158
792,62733,61637
792,62781,61782
792,62788,62109
792,62738,61653
792,62739,61655
792,62738,61652
792,62739,61656
792,62733,61638
792,62739,61657
792,62775,61764
792,62766,61737
792,62775,61763
792,62766,61736
792,62794,61820
792,62789,61805
792,62789,61806
792,62793,61817
792,62793,61818
792,62794,61821
792,62796,61827
792,62796,61826
792,62795,61823
792,62795,61824
792,62797,61829
792,62798,61832
792,62798,61833
792,62799,61835
792,62797,61830
792,62799,61836
792,62801,61841
792,62800,61838
792,62800,61839
792,62801,61842
792,62802,61844
792,62802,61845
792,62803,61847
792,62803,61848
792,62803,61849
792,62805,61854
792,62805,61853
792,62804,61852
792,62806,61856
792,62804,61851
792,62806,61858
792,62804,61850
792,62807,61859
792,62807,61860
792,62806,61857
792,62807,61861
792,62808,61863
792,62808,61862
792,62810,61868
792,62809,61866
792,62810,61869
792,62809,61865
792,62811,61871
792,62812,61875
792,62811,61872
792,62812,61874
792,62813,61877
792,62813,61878
792,62814,61881
792,62814,61880
792,62817,61889
792,62815,61884
792,62815,61883
792,62817,61890
792,62816,61886
792,62816,61887
792,62816,61888
792,62818,61892
792,62818,61893
792,62819,61895
792,62819,61896
792,62818,61894
792,62820,61898
792,62821,61901
792,62821,61902
792,62820,61899
792,62822,61905
792,62820,61900
792,62822,61904
792,62823,61907
792,62823,61908
792,62824,61910
792,62825,61914
792,62825,61913
792,62824,61911
792,62823,61909
792,62827,61919
792,62827,61920
792,62828,61923
792,62828,61922
792,62826,61917
792,62829,61925
792,62826,61916
792,62826,61918
792,62828,61924
792,62835,61944
792,62833,61938
792,62834,61940
792,62833,61937
792,62829,61926
792,62835,61943
792,62834,61941
792,62839,61955
792,62839,61957
792,62839,61956
792,62830,61928
792,62830,61929
792,62838,61952
792,62836,61948
792,62836,61947
792,62836,61946
792,62838,61953
792,62838,61954
792,62831,61931
792,62831,61932
792,62831,61933
792,62832,61934
792,62840,61959
792,62832,61935
792,62840,61958
792,62837,61949
792,62837,61951
792,62837,61950
792,62841,61961
792,62841,61962
792,62842,61964
792,62842,61965
792,62843,61967
792,62843,61968
792,62844,61970
792,62844,61971
792,62845,61973
792,62845,61974
792,62845,61975
792,62846,61977
792,62846,61976
792,62846,61978
792,62847,61980
792,62848,61982
792,62849,61985
792,62849,61986
792,62848,61983
792,62852,61995
792,62852,61994
792,62847,61979
792,62851,61991
792,63617,63002
792,62850,61988
792,62851,61992
792,62850,61989
792,63617,63004
792,63617,63003
792,62850,61990
792,63616,62999
792,63616,63000
792,63619,63008
792,63618,63006
792,63618,63005
792,63625,63027
792,63619,63009
792,63625,63026
792,63625,63028
792,63621,63014
792,63621,63016
792,63621,63015
792,63620,63011
792,63620,63012
792,63620,63013
792,63624,63023
792,63624,63024
792,63626,63029
792,63624,63025
792,63627,63033
792,63626,63030
792,63628,63035
792,63628,63037
792,63627,63032
792,63628,63036
792,63622,63018
792,63622,63017
792,63629,63040
792,63622,63019
792,63629,63038
792,63629,63039
793,63361,62699
793,63363,62705
793,63361,62701
793,63361,62700
793,63363,62707
793,63362,62702
793,63365,62711
793,63364,62709
793,63363,62706
793,63362,62703
793,63364,62708
793,63368,62721
793,63367,62718
793,63366,62715
793,63365,62713
793,63365,62712
793,63368,62720
793,63366,62714
793,63368,62722
793,63369,62723
793,63367,62717
793,63370,62727
793,63370,62726
793,63371,62729
793,63371,62730
793,63369,62724
793,63372,62733
793,63372,62732
793,63373,62736
793,63373,62735
793,63374,62738
793,63374,62739
793,63375,62741
793,63375,62742
793,63374,62740
793,63375,62743
793,63376,62745
793,63376,62744
793,63377,62748
793,63377,62747
793,63378,62751
793,63379,62753
793,63378,62750
793,63379,62754
793,63380,62756
793,63379,62755
793,63380,62757
793,63381,62759
793,63381,62760
793,63382,62763
793,63382,62762
793,63382,62764
793,63383,62766
793,63383,62765
793,63386,62775
793,63385,62771
793,63384,62770
793,63384,62769
793,63387,62777
793,63385,62772
793,63386,62774
793,63387,62778
793,63388,62780
793,63384,62768
793,63391,62789
793,63388,62781
793,63391,62790
793,63390,62787
793,63390,62786
793,63389,62783
793,63389,62784
793,63397,62807
793,63398,62810
793,63392,62792
793,63395,62801
793,63392,62793
793,63397,62808
793,63398,62811
793,63395,62802
793,63401,62819
793,63401,62820
793,63401,62821
793,63405,62831
793,63406,62834
793,63405,62832
793,63406,62835
793,63407,62837
793,63407,62838
793,63408,62840
793,63393,62795
793,63408,62841
793,63393,62796
793,63394,62798
793,63394,62799
793,63396,62805
793,63396,62804
793,63399,62813
793,63399,62814
793,63402,62822
793,63402,62823
793,63403,62825
793,63403,62826
793,63404,62828
793,63404,62829
793,63409,62843
793,63410,62848
793,63400,62817
793,63400,62816
793,63409,62844
793,63410,62846
793,63411,62849
793,63413,62856
793,63413,62855
793,63411,62850
793,63411,62851
793,63410,62847
793,63414,62858
793,63414,63086
793,63412,62852
793,63412,62854
793,63412,62853
793,63414,62860
793,63415,62861
793,63416,62866
793,63415,62863
793,63416,62865
793,63416,62864
793,63415,62862
793,63417,62867
793,63417,62868
793,63420,62876
793,63420,62877
793,63418,62871
793,63419,62873
793,63418,62870
793,63420,62878
793,63419,62874
793,63641,63041
793,63641,63042
793,63642,63044
793,63643,63048
793,63643,63047
793,63642,63045
793,63644,63051
793,63644,63050
793,63645,63053
793,63645,63054
793,63645,63055
793,63646,63057
793,63646,63056
793,63649,63065
793,63649,63067
793,63649,63066
793,63650,63069
793,63650,63068
793,63651,63071
793,63647,63059
793,63653,63077
793,63647,63060
793,63652,63075
793,63652,63074
793,63651,63072
793,63690,63140
793,63690,63139
793,63653,63078
793,63651,63073
793,63654,63080
793,63654,63081
793,63648,63062
793,63648,63064
793,63648,63063
793,63648,63777
794,62531,61034
794,62531,61035
794,62530,61031
794,62530,61032
794,62532,61037
794,62532,61038
794,62533,61040
794,62533,61041
794,62534,61043
794,62535,61047
794,62535,61048
794,62536,61049
794,62534,61044
794,62533,61042
794,62536,61050
794,62537,61052
794,62538,61055
794,62538,61056
794,62537,61053
794,62535,61046
794,62539,61058
794,62539,61059
794,62541,61065
794,62540,61062
794,62540,61061
794,62541,61064
794,62542,61067
794,62542,61068
794,62543,61070
794,62543,61071
794,62544,61073
794,62544,61074
794,62545,61076
794,62545,61077
794,62545,61078
794,62547,61082
794,62548,61086
794,62548,61085
794,62546,61079
794,62549,61089
794,62546,61080
794,62550,61091
794,62547,61083
794,62549,61088
794,62551,61094
794,62550,61092
794,62551,61095
794,62552,61097
794,62552,61098
794,62553,61100
794,62553,61101
794,62555,61107
794,62554,61104
794,62553,61102
794,62555,61106
794,62554,61103
794,62556,61109
794,62557,61112
794,62556,61110
794,62557,61113
794,62558,61115
794,62558,61116
794,62559,61118
794,62557,61114
794,62559,61119
794,62560,61121
794,62560,61122
794,62561,61124
794,62561,61125
794,62563,61131
794,62562,61127
794,62563,61130
794,62563,61132
794,62562,61128
794,62564,61134
794,62564,61133
794,62564,61135
794,62565,61136
794,62565,61137
794,62566,61140
794,62565,61138
794,62566,61139
794,62567,61142
794,62566,61141
794,62567,61143
794,62569,61148
794,62568,61145
794,62569,61149
794,62571,61155
794,62570,61151
794,62572,61157
794,62570,61152
794,62571,61154
794,62568,61146
794,62573,61160
794,62574,61163
794,62572,61158
794,62575,61167
794,62574,61164
794,62576,61170
794,62573,61161
794,62577,61172
794,62576,61169
794,62575,61166
794,62581,61185
794,62581,61184
794,62577,61174
794,62582,61187
794,62577,61173
794,62582,61189
794,62582,61188
794,62583,61191
794,62583,61192
794,62583,61190
794,62584,61193
794,62584,61194
794,62578,61176
794,62578,61175
794,62579,61178
794,62580,61181
794,62580,61182
794,62585,61196
794,62579,61180
794,62579,61179
794,62585,61198
794,62585,61197
794,62586,61199
794,62586,61200
794,62587,61202
794,62587,61203
794,62588,61205
794,62589,61208
794,62588,61206
794,62589,61209
794,62588,61207
794,63580,62959
794,63580,62958
794,63582,62964
794,63581,62961
794,63581,62962
794,63582,62965
794,63579,62957
794,63579,62956
794,63579,62955
794,63583,62967
794,63584,62970
794,63587,62982
794,63584,62971
794,63583,62968
794,63587,62983
794,63587,62981
794,63588,62984
794,63585,62973
794,63588,62985
794,63589,62987
794,63590,62990
794,63585,62975
794,63590,62991
794,63585,62974
794,63589,62988
794,63591,62993
794,63591,62994
794,63688,63137
794,63688,63136
794,63592,62997
794,63592,62996
794,63586,62978
794,63586,62976
794,63586,62977
794,63586,62979
794,63586,62980
449,51278,57936
449,51278,57937
449,51282,57948
449,51283,57952
449,51282,57949
449,51283,57951
449,51283,57953
449,51272,57918
449,51277,57933
449,51277,57934
449,51273,57922
449,51273,57921
449,51272,57919
449,51267,57906
449,51273,57923
449,51277,57935
449,51267,57907
449,51279,57940
449,51279,57941
449,51279,57939
449,51284,57956
449,51284,57955
449,51284,57954
449,51274,57924
449,51280,57942
449,51280,57943
449,51274,57925
449,51274,57926
449,51285,57957
449,51275,57927
449,51275,57928
449,51275,57929
449,51266,57904
449,51285,57958
449,51266,57903
449,51268,57910
449,51269,57912
449,51266,59254
449,51269,57913
449,51286,57960
449,51268,57909
449,51276,57931
449,51276,57930
449,51276,57932
449,51286,57961
449,51286,57962
449,51281,57945
449,51281,57946
449,51270,57915
449,51270,57916
449,51270,57917
449,51290,57963
449,51290,57964
449,51292,57969
449,51291,57966
449,51291,57967
449,51292,57970
449,51292,57971
449,51294,57975
449,51293,57973
449,51293,57972
449,51294,57976
449,51293,57974
449,51295,57978
449,51295,57979
558,43764,53279
558,43764,53281
449,51295,57980
558,43765,53283
558,43765,53282
558,43765,53284
558,43764,53280
449,51296,57983
449,51296,57985
558,43768,53291
449,51296,57981
558,43768,53292
558,43768,53293
449,51296,57984
449,51296,57982
558,43767,53289
558,43767,53288
558,43766,53286
558,43766,53285
558,43766,53287
558,43769,55526
558,43769,53295
558,43773,53309
558,43769,53296
558,43773,53308
558,43772,53306
558,43774,53311
558,43772,53305
558,43774,53313
558,43774,53312
558,43775,53314
558,43775,53315
558,43770,53297
558,43776,53317
558,43776,53318
558,43770,53298
558,43770,53299
558,43777,53322
558,43777,53320
558,43777,53321
561,42173,51875
561,42173,51876
561,42174,51879
561,42174,51880
561,42174,51878
561,42175,51881
561,42175,51882
558,43771,53300
558,43771,53301
558,43771,53302
561,42175,51883
561,42178,51891
561,42178,51890
561,42180,51897
561,42179,51894
561,42179,51893
561,42178,51892
561,42180,51896
561,42181,51901
561,42176,51884
561,42177,51887
561,42176,51885
561,42181,51899
561,42177,51888
561,42181,51900
561,42182,51903
561,42182,51902
561,42182,51904
561,42185,51906
561,42185,51905
561,42186,51909
561,42186,51908
561,42186,51910
561,42187,51912
559,42198,51920
559,42198,51921
561,42187,51911
561,42187,51913
559,42199,51924
559,42199,51923
559,42201,51929
559,42200,51926
559,42200,51927
559,42206,51944
559,42201,51930
559,42200,51928
559,42207,51948
559,42207,51947
559,42206,51945
559,42207,51949
559,42208,51951
559,42208,51950
559,42209,51953
559,42203,51936
559,42203,51935
559,42202,51933
559,42202,51932
559,42209,51954
559,42209,51955
559,42202,51934
559,42204,51938
559,42210,51956
559,42204,51940
559,42210,51957
559,42211,51959
559,42211,51960
559,42204,51939
559,42205,51941
560,39489,51495
560,39489,51494
559,42205,51942
560,39491,51500
559,42205,51943
560,39491,51501
559,42205,52077
560,39491,51502
560,39493,51506
560,39490,51498
560,39494,51509
560,39493,51507
560,43112,52912
560,39494,51510
560,43112,52913
560,39490,51497
560,39490,51499
560,43113,52915
560,43113,52916
560,43113,52917
560,43109,52903
560,43109,52904
560,43114,52918
560,39492,51503
560,43109,52905
560,43110,52907
560,43110,52906
560,39492,51504
560,43114,52919
560,43117,52927
560,43115,52921
560,43117,52928
560,43115,52923
560,43115,52922
560,43116,52924
560,43111,52910
560,43116,52926
560,43116,52925
560,43111,52911
560,43117,52929
560,43111,52909
560,43118,52930
560,43119,52933
560,43118,52931
560,43119,52934
450,40469,51524
450,40469,51523
560,43120,52937
560,43120,52936
560,43120,52938
450,40469,51525
560,43120,52939
450,40472,51532
450,40472,51533
450,40470,51527
560,43120,52940
450,40470,51526
450,40471,51530
450,40471,51531
450,40471,51529
450,40476,51544
450,40476,51545
450,40476,51546
450,40477,51547
450,40477,51548
450,40473,51535
450,40474,51538
450,40473,51536
450,40473,51537
450,40474,51539
450,40479,51553
450,40479,51554
450,40478,51551
450,40478,51550
450,40478,51552
450,40480,51557
450,40480,51556
450,40475,51541
450,40481,51559
450,40475,51542
450,40481,51560
450,40481,51561
450,40482,51563
450,40482,51565
450,40482,51564
450,40482,51562
466,35938,51040
466,35938,51041
466,35938,51042
466,34948,50204
466,34948,50203
466,34952,50214
466,34952,50215
466,34947,50199
466,34951,50211
466,34951,50212
466,34947,50200
466,34949,50206
466,34950,50208
466,34949,50205
466,34950,50209
466,34950,50210
466,34961,50232
466,35939,51044
466,35939,51045
466,35939,51043
466,34961,50233
466,34964,50241
466,34958,50223
466,34964,50242
466,34964,50243
466,35940,51046
466,35940,51047
466,34962,50235
466,34958,50224
466,34962,50236
466,35941,51049
466,35941,51050
466,34965,50244
466,34965,50245
466,34963,50238
466,34963,50239
466,34959,50226
466,34959,50227
466,34959,50228
466,34960,50230
466,34960,50229
466,34960,50231
466,35942,51052
466,35942,51053
466,34966,50248
466,34966,50249
466,35943,51055
466,34976,50270
466,34976,50269
466,35943,51056
466,35943,51057
466,34975,50267
466,34975,50265
466,34975,50266
466,34974,50262
466,34973,50259
466,34974,50263
466,34973,50260
466,34973,50261
649,33848,49651
466,34978,50275
466,34978,50274
466,34977,50271
649,33848,49650
466,34977,50272
649,33850,49657
649,33850,49656
649,33849,49653
649,33849,49654
649,33851,49659
649,33851,49661
649,33851,49660
649,33852,49662
649,33852,49663
649,33856,49677
649,33856,49676
466,34979,50279
466,34979,50278
466,34979,50277
649,33857,49680
649,33853,49665
649,33857,49679
649,33853,49667
649,33853,49666
649,33858,49683
649,33858,49682
649,33858,49684
649,33854,49668
649,33859,49687
649,33859,49686
649,33860,49688
649,33854,49669
649,33861,49691
649,33859,49685
649,33860,49689
649,33861,49692
649,33861,49693
664,35565,50762
664,35565,50761
664,35565,50763
649,33855,49671
649,33855,49672
649,33855,49673
649,33855,49675
664,35567,50767
649,33855,49674
664,35567,50768
664,35568,50770
664,35568,50771
664,35593,50846
664,35595,50851
664,35594,50848
664,35595,50852
664,35593,50845
664,35570,50776
664,35570,50778
664,35596,50854
664,35596,50855
664,35596,50856
664,35572,50783
664,35572,50782
664,35570,50777
664,35597,50857
664,35597,50858
664,35598,50861
664,35598,50860
664,35600,50866
664,35599,50863
664,35599,50864
664,35600,50867
664,35573,50786
664,35573,50785
664,35601,50869
664,35573,50787
664,35601,50870
664,35602,50872
664,35602,50873
664,35601,50871
664,35603,50875
664,35603,50876
664,35604,50878
664,35604,50879
664,35577,50799
664,35577,50797
664,35577,50798
664,35578,50800
664,35578,50801
664,35579,50804
664,35605,50883
664,35606,50885
664,35605,50881
664,35606,50884
664,35607,50887
664,35579,50803
664,35605,50882
664,35607,50888
664,35608,50890
664,35608,50891
664,35581,50810
664,35583,50815
664,35581,50809
664,35582,50812
664,35582,50813
664,35582,50814
664,35583,50816
664,35586,50825
664,35612,50902
664,35612,50904
664,35613,50905
664,35586,50824
664,35612,50903
664,35614,50908
664,35591,50839
664,35614,50909
664,35591,50840
664,35592,50843
664,35617,50917
664,35592,50842
664,35617,50918
664,35618,50920
664,35618,50921
570,29741,47162
570,29741,49025
570,29742,47163
570,29742,49026
570,29743,47164
570,29743,49031
570,29744,47165
570,29744,49032
570,29746,47167
570,29745,49108
570,29746,49038
570,29747,49107
570,29747,49043
570,29748,47169
570,29748,49044
570,29745,49037
570,29751,49033
570,29752,49034
570,29752,47173
570,29750,47171
570,29751,47172
570,29749,47170
570,29749,49027
570,29750,49028
570,29753,47174
570,29753,49039
570,29754,47175
570,29754,49040
570,29756,47177
570,29756,49046
570,29755,49045
570,29755,47176
570,29757,47178
570,29758,47179
570,29758,49030
570,29760,47181
570,29760,49036
570,29757,49029
570,29759,49035
570,29759,47180
570,29761,47182
570,29762,47183
570,29761,49041
570,29764,47185
570,29763,49047
570,29762,49042
570,29764,49048
570,29763,47184
570,33100,49360
570,33100,49359
570,33100,49361
570,33101,49363
570,33101,49362
570,33102,49366
570,33102,49365
570,33103,49368
570,33103,49369
570,33102,49367
570,33481,49544
570,33481,49545
570,33479,49538
570,33479,49539
570,33480,49541
570,33480,49542
570,33482,49547
570,33482,49549
570,33482,49548
570,33483,49552
570,33483,49550
570,33483,49551
570,33484,49554
570,33485,49557
570,33485,49558
570,33484,49553
570,33485,49556
570,33486,49559
570,33486,49560
570,33486,49561
570,33488,49566
570,33488,49565
570,33487,49562
570,33488,49567
570,33487,49563
536,31349,48356
536,31349,48357
536,31350,48359
536,31350,48361
536,31350,48360
536,31351,48363
536,31351,48362
536,31351,48364
536,31352,48366
536,31352,48365
536,31469,48547
536,31469,48546
536,31470,48550
536,31469,48548
536,31470,48549
536,31470,48551
536,31471,48553
536,31471,48552
536,31472,48556
536,31472,48555
536,31473,48558
536,31473,48559
536,31474,48565
536,31474,48563
536,31473,48560
536,31474,48564
536,31475,48566
536,31475,48567
536,31476,48569
536,31476,48570
536,31476,48571
536,31477,48572
536,31477,48573
536,31478,48576
536,31478,48575
547,30771,47937
536,31478,48577
547,30771,47936
547,30773,47944
547,30773,47943
547,30773,47942
547,30770,47933
547,30770,47935
547,30770,47934
547,30772,47939
547,30753,47878
547,30753,47879
547,30772,47940
547,30752,47875
547,30752,47876
547,30755,47884
547,30754,47882
547,30755,47885
547,30760,47901
547,30754,47881
547,30760,47902
547,30761,47904
547,30761,47905
547,30761,47906
547,30762,47907
547,30762,47908
547,30763,47910
547,30763,47911
547,30763,47912
547,30756,47887
547,30764,47913
547,30756,47888
547,30756,47889
547,30764,47914
547,30765,47916
547,30765,47918
547,30765,47917
547,30757,47890
547,30757,47891
547,30766,47919
547,30766,47920
547,30767,47922
547,30767,49623
547,30767,47924
547,30766,47921
547,30768,47925
547,30768,47926
547,30768,47927
547,30758,47893
547,30769,47929
547,30758,47895
547,30758,47894
547,30769,47931
547,30769,47928
547,30769,47930
621,30888,48101
547,30759,47897
547,30759,47899
547,30759,47898
547,30759,47896
621,30891,48110
621,30889,48104
621,30889,48105
621,30888,48103
621,30888,48102
621,30891,48111
621,30893,48116
621,30892,48113
621,30890,48107
621,30890,48108
621,30892,48114
621,30896,48125
621,30894,48119
621,30894,48121
621,30893,48117
621,30896,48126
621,30894,48120
621,30895,48123
621,30897,48129
621,30895,48122
621,30897,48128
621,31291,48347
621,31291,48348
621,31292,48350
621,31292,48351
621,31831,49053
621,31831,49054
621,31831,49055
621,31830,49050
621,31830,49051
621,31830,49052
621,31832,49056
621,31832,49057
621,31833,49060
621,31833,49059
621,31833,49061
578,29391,46671
578,29391,46672
578,29391,46673
578,29392,46674
578,29392,46675
578,29396,46687
578,29395,46684
578,29392,46676
578,29394,46681
578,29395,46683
578,29394,46680
578,29396,46686
578,29393,46677
578,29393,46678
578,29402,46706
578,29400,46700
578,29400,46701
578,29399,46699
578,29399,46697
578,29400,46702
578,29402,46707
578,29401,46704
578,29402,46708
578,29399,46698
578,29401,46703
578,29403,46709
578,29403,46710
578,29401,46705
578,29397,46690
578,29397,46689
578,29404,46712
578,29404,46713
578,29404,46714
595,24404,40734
578,29404,48136
578,29404,48137
595,24404,40735
578,29398,46692
595,24409,40749
578,29398,46693
578,29398,46694
578,29398,46695
595,24409,40750
595,24410,40752
595,24417,40770
595,24410,40753
595,24417,40771
595,24418,40774
595,24422,40785
595,24418,40773
595,24423,40788
595,24423,40789
595,24422,40786
595,24403,40732
595,24411,40755
595,24411,40756
595,24403,40731
595,24419,40776
595,24412,40758
595,24420,40779
595,24424,40792
595,24420,40780
595,24424,40791
595,24419,40777
595,24412,40759
595,24413,40761
595,24425,40795
595,24425,40794
595,24416,40767
595,24405,40737
595,24413,40762
595,24405,40738
595,24416,40768
595,24414,40764
595,24421,40782
595,24421,40783
595,24426,40797
595,24427,40800
595,24426,40799
595,24426,40798
595,24427,40802
595,24427,40801
595,24414,40765
595,24428,40803
595,24429,40806
595,24429,40807
595,24428,40804
595,24434,40822
595,24434,40821
595,24435,40824
595,24435,40825
595,24441,40842
595,24441,40843
595,24442,40845
595,24447,40860
595,24447,40861
595,24442,40846
595,24448,40863
595,24448,40864
595,24430,40809
595,24430,40810
595,24448,40865
595,24431,40813
595,24431,40812
595,24431,40814
595,24436,40827
595,24436,40828
595,24436,40829
595,24449,40866
595,24443,40849
595,24443,40848
595,24449,40867
595,24450,40869
595,24440,40840
595,24450,40870
595,24446,40858
595,24446,40857
595,24449,40868
595,24440,40839
595,24432,40815
595,24432,40816
595,24433,40819
595,24433,40818
595,24450,40871
595,24439,40837
595,24433,40820
595,24444,40851
595,24444,40852
595,24445,40854
595,24439,40836
595,24451,40872
595,24445,40855
595,24451,40873
595,25482,41767
595,25483,41770
595,25485,41776
595,25482,41768
595,25484,41774
595,25483,41771
595,25484,41773
595,25485,41777
595,25486,41779
595,25488,41786
595,25486,41780
595,25488,41785
595,25489,41788
595,25487,41783
595,25489,41789
595,25487,41782
595,25758,42067
595,25759,42070
595,25758,42068
595,25759,42071
595,25761,42076
595,25760,42073
595,25761,42077
595,25760,42074
595,27301,43367
595,27301,43368
595,27286,43322
595,27301,43369
595,27291,43337
595,27287,43325
595,27296,43353
595,27286,43323
595,27291,43338
595,27287,43326
595,27292,43340
595,27296,43352
595,27292,43341
595,27297,43355
595,27302,43371
595,27302,43372
595,27297,43356
595,27302,43370
595,27288,43328
595,27293,43343
595,27288,43329
595,27298,43358
595,27293,43345
595,27293,43344
595,27303,43374
595,27303,43373
595,27298,43359
595,27289,43331
595,27289,43332
595,27289,43333
595,27294,43347
595,27294,43348
595,27294,43346
595,27299,43362
595,27299,43361
595,27299,43363
595,27304,43377
595,27304,43376
595,27290,43334
595,27290,43335
595,27304,43378
595,27295,43350
595,27295,43351
595,27295,43349
595,27300,43365
595,27300,43364
595,27300,43366
595,30597,47761
595,27305,43381
595,27305,43379
595,27305,43380
595,30597,47762
595,30598,47765
595,30598,47764
595,30599,47767
595,30599,47768
595,30601,47774
595,30600,47770
595,30600,47771
595,30602,47776
595,30602,47777
595,30600,47772
540,29664,47104
595,30601,47773
595,30602,47778
595,30603,47781
595,30603,47779
540,29664,47105
595,30603,47780
540,29665,47108
540,29665,47107
595,30603,47782
540,29666,47111
540,29666,47110
540,29667,49063
540,29672,49105
540,29667,49062
540,29672,47131
540,29673,47133
540,29673,47134
540,29668,47116
540,29672,47132
540,29669,47119
540,29668,47118
540,29669,47120
540,29674,47136
540,29668,47117
540,29675,47139
540,29674,47137
540,29675,47140
540,29670,47123
540,29670,47122
540,29676,47143
540,29676,47142
540,29677,47145
540,29677,47146
540,29671,47125
535,29645,47080
540,29671,47127
535,29646,47083
540,29671,47129
540,29671,47126
535,29645,47081
535,29646,47084
535,29646,47085
535,29649,47093
540,29671,47128
535,29647,47086
535,29647,47087
535,29650,47095
535,29648,47089
535,29648,47090
535,29652,47101
535,29649,47092
535,29651,47099
535,29649,47094
535,29652,47102
535,29651,47098
535,29650,47096
535,29707,47159
535,29704,47149
535,29707,47158
535,29705,47153
535,29706,47155
535,29704,47150
535,29706,47161
535,29804,47198
535,29804,47199
535,29705,47152
535,29706,47157
535,29805,47202
535,29802,47192
535,29803,47195
535,29805,47201
535,29802,47193
535,29803,47197
535,29803,47196
535,29807,47207
535,29806,47204
535,29806,47205
535,29807,47208
625,30181,47555
625,30182,47557
625,30182,47558
535,29807,47209
625,30183,47560
625,30181,47554
625,30184,47563
625,30182,47559
625,30184,47564
625,30185,47566
625,30185,47567
625,30183,47561
625,30186,47569
625,30186,47570
625,30185,47690
625,30186,47571
625,30188,47575
625,30188,47576
625,30187,47573
625,30188,47577
625,30190,47581
625,30187,47572
625,30191,47584
625,30189,47578
625,30189,47579
625,30190,47758
625,30192,47588
625,30192,47587
625,30193,47590
625,30192,47589
625,30190,47582
625,30193,47591
625,30191,47585
625,30194,47759
625,30194,47594
625,30195,47596
625,30195,47597
625,30780,47946
625,30780,47945
625,30781,47949
625,30781,47948
625,30784,47957
625,30783,47954
625,30782,47952
625,30782,47951
625,30782,47953
625,30784,47958
625,30783,47955
625,30785,47960
625,30785,47961
625,30792,47975
625,30792,47976
625,30787,47968
625,30787,47969
625,30793,47978
625,30793,47979
625,30793,47980
567,30419,47699
625,30786,47963
567,30419,47698
625,30786,47964
567,30422,47703
625,30786,47965
567,30418,47696
567,30418,47695
567,30422,47704
567,30424,47709
567,30424,47710
567,30423,47707
567,25929,42095
567,25929,42096
567,30423,47706
567,25934,42110
567,25930,42098
567,25934,42111
567,25930,42099
567,25931,42101
567,25930,42100
567,25932,42104
567,25932,42105
567,25932,42106
567,25931,42102
567,25935,42114
567,25933,42108
567,25933,42107
567,25941,42125
567,25935,42113
567,25933,42109
567,25941,42126
567,25941,42127
567,25942,42129
567,25942,42128
567,25936,42116
567,25936,42118
567,25936,42119
569,29867,47315
569,29867,47344
567,25936,42117
569,29868,47316
569,29868,47353
569,29868,47346
569,29869,47317
569,29869,47347
569,29869,47354
569,29870,47318
569,29870,47355
569,29871,47349
569,29871,47319
569,29870,47348
569,29872,47350
569,29872,47320
569,29873,47321
569,29874,47352
569,29872,47357
569,29874,47322
569,29874,47359
569,29877,47329
569,29876,47326
569,29875,47323
569,29873,47351
569,29878,47333
569,29875,47324
569,25948,42137
569,29878,47332
569,25946,42131
569,29878,47334
569,29876,47327
569,25946,42132
569,29877,47330
569,25948,42138
569,25949,42140
569,25949,42142
569,25949,42141
569,25951,42147
569,25951,42146
569,25950,42144
569,25950,42143
569,25950,42145
569,25959,42162
569,25952,42149
569,25952,42150
569,25953,42152
581,31107,48139
569,25953,42153
569,25959,42163
569,25953,42154
581,31107,48138
581,31108,48143
581,31108,48142
581,30581,47755
581,31108,48141
581,30581,47784
581,30581,47785
581,31110,48147
581,31110,48148
581,31109,48145
581,31109,48144
581,31111,48150
581,31111,48151
581,31109,48146
581,31111,48152
581,31112,48154
581,31112,48153
581,31113,48156
581,31113,48157
581,31114,48159
581,31114,48161
604,30164,47509
604,30164,47510
581,31114,48160
581,31114,48162
604,30165,47513
604,30166,47515
604,30165,47512
604,30166,47516
604,30164,47511
604,30167,47519
604,30167,47518
604,30168,47522
604,30169,47524
604,30170,47527
604,30168,47521
604,30169,47525
604,30170,47528
604,30171,47530
604,30172,47533
604,30171,47531
604,30173,47537
604,30173,47536
604,30172,47535
604,30198,47600
604,30198,47599
604,30199,47602
604,30199,47603
604,30172,47534
604,30174,47540
604,30176,47547
604,30174,47539
604,30175,47542
604,30176,47546
604,30175,47543
604,30175,47544
604,30176,47545
604,30177,47548
604,30177,47550
604,30178,47551
604,30178,47552
604,25960,42165
604,25960,42166
604,30177,47549
604,25960,42167
604,25961,42169
604,25961,42170
604,25963,42174
604,25961,42168
604,25962,42172
604,25963,42176
604,25962,42171
604,25968,42192
604,25968,42191
604,25963,42175
604,25969,42194
604,25965,42181
604,25969,42195
604,25964,42178
604,25964,42177
604,25970,42198
604,25970,42197
604,25965,42180
604,25971,42200
604,25966,42183
604,25971,42202
604,25966,42184
604,25972,42203
604,25971,42201
604,25965,42182
604,25972,42204
604,25972,42205
604,25973,42206
604,25973,42207
604,25967,42186
574,30716,47813
604,25967,42187
604,25967,42189
574,30716,47814
604,25967,42188
574,30718,47819
574,30718,47820
574,30719,47822
574,30717,47816
574,30719,47823
574,30717,47817
574,30720,47825
574,30720,47826
574,30720,47827
574,30721,47829
574,30721,47830
574,30723,47834
574,30723,47835
574,30723,47836
574,30723,47837
517,27009,42982
574,30723,47838
517,27009,42981
574,30721,47828
517,27010,42984
517,27012,42991
517,27011,42987
517,27009,42983
517,27011,42988
517,27010,42985
517,27012,42990
517,27013,42993
517,27014,42997
517,27013,42994
517,27014,42996
517,27015,42999
517,27016,43002
517,27022,43017
517,27016,43004
517,27016,43003
517,27015,43000
517,27022,43018
517,27024,43023
517,27023,43021
517,27023,43022
517,27024,43024
517,27025,43026
517,27025,43027
517,27027,43033
517,27023,43020
517,27027,43032
517,27028,43036
517,27028,43035
517,27027,43034
517,27028,43037
517,27032,43047
517,27029,43038
517,27030,43042
517,27031,43045
517,27031,43046
517,27031,43044
517,27029,43039
517,27030,43041
517,27032,43048
517,27033,43050
517,27033,43051
517,27018,43005
517,27018,43006
517,27019,43009
517,27020,43012
517,27021,43014
517,27020,43011
517,27019,43008
517,27021,43015
517,27677,43875
517,27679,43882
517,27678,43878
517,27679,43881
517,27678,43879
517,27677,43876
517,27681,43887
517,27680,43885
517,27679,43883
517,27678,43880
517,27680,43884
517,27684,43896
517,27681,43888
517,27682,43891
517,27680,43886
517,27682,43890
517,27684,43897
517,27682,43892
517,27685,43899
517,27895,44312
517,27683,43893
517,27895,44313
517,27683,43894
517,27896,44317
517,27896,44315
517,27896,44316
517,27897,44319
517,27898,44321
517,27898,44322
517,27897,44318
517,27685,43900
517,27898,44323
517,27900,44327
517,27899,44324
517,27899,44325
517,27900,44328
517,27902,44333
517,27902,44334
517,27902,44335
517,27900,44329
517,27901,44330
517,27901,44332
517,27901,44331
517,27903,44336
576,28227,45187
517,27903,44338
576,28227,45188
517,27903,44337
576,28268,45310
576,28220,45167
576,28219,45163
576,28220,45166
576,28270,45317
576,28268,45311
576,28270,45316
576,28268,45312
576,28221,45169
576,28221,45170
576,28223,46344
576,28223,45176
576,28222,45173
576,28222,45172
576,28225,45182
576,28219,45164
576,28224,45178
576,28224,45179
576,28226,45185
576,28226,45184
576,28226,45186
576,28225,45181
576,28228,45190
576,28228,45191
576,28232,45202
576,28231,45199
576,28230,45197
576,28230,45196
576,28232,45203
576,28230,45198
576,28233,45205
576,28233,45206
576,28231,45200
576,28234,45208
576,28234,45209
576,28237,45217
576,28238,45220
576,28236,45215
576,28238,45221
576,28235,45212
576,28236,45214
576,28235,45211
576,28237,45218
576,28239,45223
576,28239,45224
576,28242,45232
576,28241,45230
576,28241,45229
576,28240,45226
576,28240,45228
576,28240,45227
576,28242,45234
576,28242,45233
576,28245,45241
576,28246,45244
576,28245,45242
576,28243,45235
576,28243,45236
576,28246,45245
576,28244,45238
576,28248,45251
576,28248,45250
576,28247,45247
576,28249,45253
576,28249,45254
576,28247,45248
576,28250,45257
576,28250,45258
576,28250,45256
576,28252,45262
576,28251,45259
576,28251,45260
576,28252,45264
576,28253,45265
576,28253,45266
576,28252,45263
576,28254,45268
576,28254,45269
576,28255,45272
576,28255,45271
576,28256,45274
576,28256,45275
576,28257,45277
576,28257,45278
576,28257,45279
576,28259,45283
576,28258,45281
576,28259,45284
576,28258,45280
576,28262,45293
576,28261,45290
576,28261,45289
576,28262,45292
576,28263,45295
576,28263,45296
576,28264,45298
576,28265,46345
576,28265,45302
576,28264,45299
576,28266,45304
576,28262,45294
576,28266,45305
576,28269,45314
576,28271,45319
576,28272,45323
576,28267,45307
576,28267,45308
576,28269,45313
576,28272,45322
576,28271,45320
576,28274,45328
576,28273,45325
576,28275,45332
576,28274,45329
576,28273,45326
576,28275,45331
576,28276,45334
576,28276,45335
576,28277,45337
576,28278,45340
576,28277,45338
576,28279,45344
576,28279,45343
576,28281,45350
576,28278,45341
576,28277,45339
576,28281,45349
576,28287,45367
576,28282,45352
576,28287,45368
576,28289,45373
576,28297,45398
576,28289,45374
576,28282,45353
576,28297,45397
576,28284,45359
576,28298,45401
576,28301,45410
576,28298,45400
576,28284,45358
576,28285,45363
576,28301,45409
576,28285,45362
576,28304,45418
576,28304,45420
576,28308,45431
576,28308,45430
576,28286,45364
576,28283,45355
576,28304,45419
576,28283,45356
576,28286,45365
576,28288,45370
576,28290,45378
576,28290,45376
576,28290,45377
576,28288,45372
576,28288,45371
576,28292,45383
576,28293,45386
576,28291,45380
576,28293,45385
576,28294,45388
576,28292,45382
576,28294,45389
576,28291,45379
576,28295,45391
576,28295,45392
576,28296,45396
576,28296,45394
576,28296,45395
576,28299,45403
576,28299,46346
576,28303,46348
576,28300,45407
576,28302,45412
576,28303,45416
576,28300,45406
576,28302,45413
576,28305,46535
576,28305,45422
576,28305,45423
576,28306,45424
576,28303,45417
576,28306,45425
576,28306,45426
576,28309,45434
576,28307,45427
576,28311,45439
576,28309,45433
576,28307,45428
576,28310,45438
576,28310,45436
576,28310,45437
576,28312,45442
576,28313,45445
576,28311,45440
576,28313,45446
576,28312,45444
576,28314,45448
576,28312,45443
576,28314,45449
576,28314,45450
576,28320,45467
576,28316,45454
576,28320,45466
576,28316,45455
576,28320,45468
576,28325,45481
576,28325,45482
576,28323,45475
576,28322,45473
576,28322,45472
576,28327,45488
576,28323,45476
576,28328,45491
576,28328,45490
576,28329,45493
576,28327,45487
576,28329,45494
576,28330,45497
576,28315,45451
576,28330,45498
576,28330,45496
576,28315,45452
576,28317,45458
576,28317,45457
576,28318,45460
576,28319,45463
576,28319,45465
576,28321,45469
576,28321,45470
576,28319,45464
576,28324,45478
576,28324,45479
576,28318,45461
576,28326,45485
576,28335,45512
576,28335,45511
576,28332,45503
576,28337,45517
576,28337,45518
576,28326,45484
576,28332,45502
576,28331,45499
576,28331,45500
576,28336,45515
576,28336,45514
576,28338,45520
576,28334,45508
576,28334,45509
576,28338,45521
576,28334,45510
576,28339,45524
576,28333,45507
576,28339,46601
576,28333,45505
576,28340,45526
576,28341,45529
576,28341,45530
576,28342,45532
576,28333,45506
576,28340,45527
576,28342,45533
576,28340,45528
576,29252,46607
576,29254,46612
576,29251,46602
576,29251,46603
576,29252,46605
576,29254,46611
576,29252,46606
576,29253,46608
576,29253,46609
576,29260,46631
576,29259,46628
576,29259,46629
576,29260,46632
576,29259,46630
576,29253,46610
576,29256,46617
576,29256,46618
576,29251,46604
576,29263,46641
576,29255,46614
576,29261,46634
576,29255,46615
576,29255,46616
576,29263,46640
576,29261,46635
576,29262,46638
576,29262,46637
576,29257,46620
576,29264,46644
544,27950,44358
576,29257,46621
576,29263,46642
576,29264,46643
544,27950,44359
544,27968,44412
576,29258,46623
576,29258,46626
576,29258,46625
544,27982,44455
544,27948,44353
544,27982,44454
544,27968,44413
576,29258,46624
544,27948,44352
544,27944,44341
544,27944,44340
544,27949,44355
544,27951,44361
544,27949,44356
544,27952,44365
544,27951,44362
544,27968,44414
544,27952,44364
544,27954,44370
544,27952,44366
544,27953,44368
544,27953,44367
544,27954,44371
544,27956,44376
544,27956,44377
544,27955,44374
544,27960,44389
544,27955,44373
544,27963,44397
544,27962,44394
544,27961,44391
544,27961,44392
544,27962,44395
544,27960,44388
544,27963,44398
544,27964,44401
544,27964,44400
544,27969,44416
544,27971,44422
544,27966,44407
544,27965,44404
544,27966,44406
544,27965,44403
544,27969,44415
544,27971,44421
544,27973,44427
544,27976,44436
544,27976,44437
544,27977,44440
544,27980,44448
544,27973,44428
544,27980,44449
544,27977,44439
544,27984,44460
544,27981,44451
544,27984,44461
544,27981,44452
544,27983,44458
544,27985,44463
544,27986,44466
544,27988,44472
544,27986,44467
544,27985,44464
544,27983,44457
544,27989,44475
544,27989,44476
544,27990,44478
544,27988,44473
544,27990,44479
544,27992,44485
544,27992,44484
544,27993,44487
544,27993,44488
544,27995,44493
544,27996,44496
544,27996,44497
544,27997,44499
544,27995,44494
544,27997,44500
544,27998,44502
544,27999,44505
544,27998,44503
544,28000,44508
544,27999,44507
544,28000,44510
544,28000,44509
544,27999,44506
544,28009,44535
544,28001,44511
544,28001,44512
544,28005,44524
544,28005,44523
544,28003,44518
544,28003,44517
544,28011,44542
544,28009,44536
544,28012,44544
544,28012,44546
544,28012,44545
544,28013,44547
544,28011,44541
544,28014,44550
544,28009,44537
544,28016,44556
544,28016,44558
544,28016,44557
544,28014,44551
544,28013,44548
544,28020,44569
544,28017,44561
544,28021,44572
544,28022,44574
544,28017,44559
544,28021,44571
544,28020,44568
544,28025,44584
544,28022,44575
544,28017,44560
544,28025,44583
544,28022,44576
544,28026,44587
544,28027,44590
544,28026,44586
544,28028,44592
544,28027,44589
544,28029,44596
544,28029,44595
544,28028,44594
544,28033,44607
544,28033,44608
544,28034,44610
544,28034,44611
544,28028,44593
544,28035,44613
544,28036,44616
544,28036,44617
544,28035,44614
544,28035,44615
544,28041,44631
544,28039,44625
544,28039,44626
544,28037,44620
544,28037,44619
544,28038,44623
544,28038,44622
544,28041,44632
544,28042,44634
544,28044,44640
544,28042,44635
544,28044,44641
544,28046,44646
544,28046,44647
544,28047,44650
544,28047,44649
544,28048,44654
544,28049,44655
544,28048,44652
544,28048,44653
544,28050,44658
544,28039,44627
544,28050,44659
544,28049,44657
544,28049,44656
544,28052,44664
544,28052,44665
544,28051,44661
544,28051,44662
544,28053,44667
544,28058,44683
544,28058,44682
544,28053,44668
544,28057,44681
544,28059,44685
544,28059,44686
544,28057,44680
544,28060,44688
544,28060,44689
544,28057,44679
544,28061,44691
544,28061,44692
544,28063,44697
544,28063,44699
544,28063,44698
544,28065,44704
544,28065,44703
544,28066,44707
544,28066,44706
544,28066,44708
544,28069,44716
544,28068,44712
544,28070,44718
544,28068,44713
544,28075,44733
544,28069,44715
544,28070,44719
544,28069,44717
544,28072,44725
544,28075,44734
544,28075,44735
544,28072,44724
544,28074,44730
544,28074,44731
544,28083,44758
544,28083,44757
544,28085,44763
544,28087,44769
544,28088,44773
544,28088,44772
544,28104,44821
544,28085,44764
544,28126,44886
544,28087,44770
544,28104,44820
544,28081,44752
544,28081,44751
544,28078,44742
544,28126,44887
544,28078,44743
544,28084,44760
544,28092,44785
544,28084,44761
544,28098,44802
544,28098,44804
544,28092,44784
544,28101,44811
544,28101,44812
544,28103,44818
544,28103,44819
544,28117,44859
544,28103,44817
544,28116,44858
544,28116,44856
544,28098,44803
544,28127,44889
544,28117,44860
544,28116,44857
544,28127,44890
544,28127,44891
544,28073,44727
544,28134,44910
544,28134,44911
544,28128,44892
544,28128,44893
544,28073,44728
544,28076,44736
544,28079,44746
544,28077,44740
544,28076,44737
544,28079,44745
544,28077,44741
544,28080,44749
544,28080,44748
544,28082,44754
544,28082,44755
544,28090,44778
544,28089,44775
544,28086,44767
544,28077,44739
544,28089,44776
544,28086,44766
544,28091,44781
544,28093,44787
544,28090,44779
544,28093,44788
544,28095,44793
544,28094,44791
544,28095,44795
544,28094,44790
544,28096,44796
544,28096,44797
544,28097,44799
544,28095,44794
544,28099,44806
544,28099,44805
544,28091,44782
544,28100,44810
544,28099,44807
544,28100,44808
544,28100,44809
544,28097,44800
544,28102,44814
544,28102,44815
544,28105,44823
544,28105,44824
544,28105,44825
544,28106,44826
544,28106,44827
544,28106,44828
544,28108,44832
544,28107,44831
544,28109,44836
544,28107,44829
544,28109,44835
544,28109,44837
544,28108,44833
544,28110,44838
544,28107,44830
544,28111,44841
544,28112,44845
544,28111,44842
544,28113,44847
544,28113,44848
544,28110,44839
544,28114,44852
544,28114,44851
544,28114,44850
544,28118,44862
544,28112,44844
544,28115,44855
544,28115,44853
544,28119,44865
544,28115,44854
544,28118,44863
544,28120,44869
544,28118,44864
544,28122,44874
544,28121,44872
544,28121,44873
544,28122,44875
544,28121,44871
544,28123,44877
544,28124,44880
544,28125,44883
544,28124,44882
544,28123,44878
544,28124,44881
544,28120,44868
544,28125,44885
544,28129,44895
544,28130,44899
544,28125,44884
544,28130,44898
544,28131,44901
544,28132,44905
544,28131,44902
544,28129,44896
544,28132,44904
544,28133,44907
544,28133,44908
544,28133,44909
544,28140,44928
544,28135,44913
544,28145,44943
544,28143,44937
544,28140,44929
544,28135,44914
544,28143,44939
544,28143,44938
544,28155,44973
544,28148,44953
544,28145,44944
544,28146,44946
544,28146,44947
544,28148,44952
544,28155,44974
544,28156,44977
544,28156,44976
544,28146,44948
544,28159,44986
544,28159,44985
544,28163,44997
544,28163,44998
544,28159,44987
544,28163,44999
544,28166,45007
544,28166,45006
544,28166,45008
544,28136,44916
544,28137,44919
544,28136,44917
544,28136,44918
544,28137,44920
544,28138,44922
544,28138,44923
544,28138,44924
544,28139,44925
544,28141,44931
544,28141,44932
544,28144,46297
544,28149,44956
544,28147,44949
544,28142,44934
544,28142,44935
544,28149,44955
544,28144,44941
544,28150,44958
544,28139,44926
544,28147,44950
544,28151,44961
544,28150,44959
544,28151,44962
544,28154,44971
544,28153,44968
544,28154,44970
544,28153,44969
544,28152,44964
544,28152,44965
544,28153,44967
544,28157,44979
544,28157,44980
544,28158,44982
544,28160,44990
544,28160,44989
544,28161,44993
544,28161,44991
544,28161,44992
544,28158,44983
544,28160,44988
544,28162,44994
544,28164,45000
544,28162,44996
544,28164,45001
544,28167,45010
544,28167,45009
544,28167,45011
544,28162,44995
544,28170,45018
544,28172,45024
544,28178,45043
544,28172,45025
544,28178,45042
544,28170,45019
544,28182,45055
544,28182,45056
544,28171,45021
544,28173,45028
544,28173,45027
544,28182,45054
544,28174,45030
544,28171,45022
544,28174,45031
544,28177,45040
544,28174,45032
544,28177,45039
544,28181,45052
544,28181,45051
544,28183,45057
544,28171,45023
544,28183,45058
544,28168,45012
544,28168,45013
544,28175,45033
544,28179,45045
544,28180,45048
544,28176,45037
544,28176,45036
544,28180,45049
544,28179,45046
544,28179,45047
544,28169,45016
544,28186,45066
544,28175,45034
544,28169,45015
544,28188,45072
544,28188,45073
544,28184,45062
544,28186,45067
544,28186,45068
544,28190,45079
544,28190,45078
544,28184,45060
544,28184,45061
544,28185,45063
544,28185,45065
544,28185,45064
544,28187,45069
544,28189,45075
544,28191,45081
544,28187,45070
544,28191,45082
544,28195,45094
544,28189,45076
544,28195,45093
544,28195,45095
544,28198,45102
544,28199,45106
544,28198,45103
544,28197,45101
544,28196,45096
544,28197,45100
544,28192,45084
544,28192,45085
544,28196,45097
544,28197,45099
544,28194,45091
544,28194,45090
544,28194,45092
544,28193,45088
544,28193,45089
544,28199,45105
544,28193,45087
544,28201,45112
544,28201,45111
544,28202,45115
544,28200,45108
544,28200,45110
544,28202,45114
544,28201,45113
544,28200,45109
544,28203,45117
544,28203,45118
544,28206,45126
544,28206,45128
544,28206,45127
544,28209,45136
544,28209,45135
544,28208,45133
544,28208,45134
544,28207,45131
544,28209,45137
544,28208,45132
544,28207,45130
544,28207,45129
544,28212,45145
544,28210,45138
544,28211,45141
544,28210,45139
544,28205,45124
544,28205,45123
544,28213,45147
544,28212,45144
544,28213,45148
544,28211,45142
544,28204,45120
544,28214,45152
544,28204,45121
544,28214,45150
544,28215,45153
544,28214,45151
544,28217,45159
544,28217,45160
544,28215,45154
544,28216,45156
544,28215,45155
544,28216,45157
544,28906,46396
544,28906,46395
544,28908,46401
544,28907,46399
544,28909,46404
544,28908,46402
544,28907,46400
544,28907,46398
544,28906,46397
544,28909,46405
544,28914,46421
544,28915,46425
544,28915,46424
544,28914,46422
544,28910,46408
544,28910,46407
544,28911,46410
544,28911,46412
544,28917,46430
544,28917,46431
544,28916,46427
544,28918,46433
544,28911,46411
544,28916,46429
544,28916,46428
544,28918,46434
544,28912,46413
544,28912,46414
544,28913,46416
544,28913,46417
544,28919,46440
544,28919,46438
544,28919,47186
544,28919,46439
545,28628,46058
544,28919,47187
545,28628,46059
545,28629,46061
545,28629,46062
545,28630,46064
545,28629,46063
544,28913,46418
544,28913,46419
545,28630,46065
545,28631,46067
545,28632,46070
545,28631,46069
545,28631,46068
545,28633,46074
545,28632,46071
545,28633,46073
545,28635,46080
545,28634,46077
545,28634,46076
545,28636,46082
545,28637,46085
545,28635,46079
545,28637,46086
545,28638,46089
545,28637,46087
545,28640,46094
545,28639,46092
545,28636,46083
545,28639,46091
545,28638,46088
545,28641,46097
545,28640,46095
545,28641,46098
545,28642,46100
545,28642,46101
545,28644,46107
545,28643,46104
545,28646,46113
545,28647,46115
545,28644,46106
545,28643,46103
545,28643,46105
545,28647,46116
545,28649,46121
545,28646,46112
545,28648,46119
545,28649,46122
545,28650,46125
545,28650,46124
545,28648,46118
545,28654,46137
545,28651,46128
545,28652,46130
545,28654,46136
545,28652,46131
545,28651,46127
545,28650,46126
545,28655,46139
545,28656,46142
545,28657,46146
545,28656,46143
545,28658,46149
545,28658,46148
545,28657,46145
545,28655,46140
545,28659,46152
545,28661,46157
545,28656,46144
545,28661,46158
545,28662,46160
545,28660,46154
545,28660,46155
545,28662,46161
545,28663,46163
545,28663,46165
545,28664,46167
545,28664,46168
545,28663,46164
545,28659,46151
545,28665,46169
545,28664,46166
545,28665,46170
545,28666,46173
545,28666,46172
545,28669,46181
545,28668,46178
545,28665,46171
545,28667,46176
545,28667,46175
545,28668,46179
545,28670,46184
545,28669,46182
545,28667,46177
545,28671,46187
545,28670,46185
545,28671,46188
545,28673,46193
545,28673,46194
545,28672,46191
545,28672,46190
545,28670,46186
545,28674,46198
545,28674,46196
545,28675,46200
545,28675,46199
545,28674,46197
545,28677,46206
545,28678,46209
545,28679,46211
545,28676,46203
545,28678,46208
545,28677,46205
545,28679,46212
545,28680,46214
545,28680,46215
545,28679,46213
545,28681,46217
545,28676,46202
545,28681,46218
545,28683,46223
545,28682,46221
545,28682,46220
545,28683,46224
545,28573,45977
545,28573,45978
545,28682,46222
545,28574,45980
545,28575,45982
545,28574,45979
545,28573,45976
545,28576,45986
545,28575,45984
545,28575,45983
545,28579,45994
545,28576,45985
545,28577,45990
545,28577,45989
545,28577,45988
545,28579,45995
545,28581,46000
545,28578,45991
545,28578,45992
545,28580,45999
545,28580,45997
545,28580,45998
545,28581,46001
545,28582,46004
545,28582,46003
545,28584,46010
545,28583,46007
545,28584,46011
545,28584,46009
545,28583,46006
545,28587,46018
545,28588,46022
545,28588,46021
545,28587,46019
545,28590,46027
545,28590,46028
545,28592,46033
545,28585,46012
545,28592,46034
545,28593,46037
545,28585,46013
545,28593,46036
545,28594,46039
545,28593,46038
545,28594,46040
545,28586,46016
545,28586,46015
545,28591,46030
545,28591,46031
545,28591,46032
545,28586,46017
545,28595,46042
545,28595,46044
545,28595,46043
545,28596,46046
545,28596,46045
545,28597,46049
545,28597,46050
545,28597,46048
545,28598,46052
545,28598,46051
545,28598,46053
545,28596,46047
545,28920,46441
545,28920,46442
545,28922,46448
545,28922,46449
545,28923,46450
545,28922,46447
545,28921,46444
545,28921,46446
545,28921,46445
545,28923,46451
545,28928,46470
545,28928,46471
545,28929,47148
545,28929,46472
545,28924,46454
545,28924,46453
545,28929,46474
545,28925,46457
545,28928,46469
545,28925,46458
545,28930,46475
545,28924,46455
545,28930,46476
545,28931,46479
545,28925,46456
545,28931,46478
545,28926,46459
545,28932,46482
545,28932,46481
545,28926,46460
545,28931,47210
545,28933,46484
545,28933,46486
545,28933,46485
545,28933,46487
546,28400,45623
545,28927,46464
546,28399,45620
546,28400,45624
545,28927,46466
545,28927,46467
546,28399,45621
545,28927,46465
546,28402,45630
546,28401,45626
546,28402,45629
546,28401,45627
546,28403,45633
546,28405,45638
546,28403,45632
546,28404,45635
546,28404,45636
546,28405,45639
546,28406,45641
546,28408,45647
546,28406,45642
546,28407,45644
546,28410,45653
546,28408,45648
546,28410,45654
546,28407,45645
546,28407,45646
546,28413,45662
546,28413,45663
546,28414,45665
546,28414,45667
546,28414,45666
546,28415,45668
546,28411,45657
546,28415,45669
546,28411,45656
546,28417,45674
546,28417,45675
546,28418,45677
546,28418,45678
546,28419,45680
546,28420,45683
546,28422,45689
546,28420,45684
546,28422,45690
546,28422,45691
546,28423,45692
546,28425,45698
546,28419,45681
546,28423,45693
546,28425,45699
546,28426,45701
546,28426,45702
546,28427,45704
546,28427,45705
546,28430,45713
546,28428,45707
546,28624,46055
546,28430,45714
546,28699,46227
546,28433,45722
546,28427,45706
546,28433,45723
546,28432,45719
546,28432,45720
546,28431,45716
546,28431,45717
546,28624,46056
546,28699,46226
546,28436,45732
546,28438,45737
546,28434,45727
546,28437,45735
546,28436,45731
546,28437,45734
546,28434,45725
546,28434,45726
546,28439,45741
546,28438,45738
546,28439,45740
546,28440,45743
546,28441,45747
546,28440,45744
546,28442,45749
546,28440,45745
546,28443,45753
546,28442,45750
546,28444,45756
546,28443,45752
546,28444,45755
546,28441,45746
546,28445,45758
546,28445,45759
546,28446,45761
546,28445,45760
546,28447,45764
546,28446,45762
546,28448,45768
546,28448,45767
546,28447,45765
546,28449,45771
546,28449,45770
546,28451,45776
546,28452,45780
546,28451,45777
546,28450,45774
546,28451,45778
546,28453,45782
546,28452,45779
546,28454,45785
546,28453,45783
546,28455,45788
546,28454,45786
546,28450,45773
546,28457,45796
546,28456,45793
546,28455,45789
546,28461,45807
546,28457,45794
546,28456,45792
546,28457,45795
546,28456,45791
546,28458,45798
546,28459,45800
546,28461,45806
546,28460,45803
546,28460,45804
546,28462,45809
546,28459,45801
546,28458,45797
546,28465,45818
546,28471,45836
546,28465,45819
546,28462,45810
546,28471,45838
546,28471,45837
546,28472,45839
546,28472,45840
546,28463,45813
546,28466,45821
546,28472,45841
546,28469,45830
546,28470,45833
546,28469,45831
546,28463,45812
546,28466,45822
546,28470,45834
546,28470,45835
546,28464,45815
546,28464,45816
546,28467,45825
546,28467,45824
546,28468,45827
546,28474,45846
546,28473,45842
546,28474,45845
546,28468,45828
546,28473,45843
546,28475,45849
546,28477,45854
546,28475,45850
546,28476,45851
546,28478,45857
546,28477,45856
546,28476,45853
546,28477,45855
546,28475,45848
546,28478,45858
546,28476,45852
546,28479,45862
546,28479,45860
546,28479,45861
546,28936,46492
546,28480,45865
546,28936,46493
546,28935,46489
546,28935,46491
546,28480,45863
546,28480,45864
546,28935,46490
546,28938,46498
546,28938,46499
546,28943,46516
546,28943,46515
546,28937,46497
546,28937,46495
546,28937,46496
546,28944,46519
546,28944,46518
546,28939,46501
546,28940,46504
546,28944,46520
546,28939,46502
546,28940,46505
546,28945,46521
546,28945,46522
546,28941,46508
546,28941,46507
546,28947,46527
546,28945,46523
546,28947,46528
546,28948,46530
546,28948,46532
546,28941,46509
546,28942,46510
546,28942,46511
546,28948,46531
534,26724,42683
546,28942,46514
546,28942,46512
534,26724,42684
546,28942,46513
534,26726,42690
534,26726,42689
534,26725,42686
534,26725,42688
534,26725,42687
534,26727,42693
534,26727,42692
534,26728,42696
534,26728,42697
534,26728,42695
534,26730,42702
534,26730,42701
534,26729,42700
534,26777,42763
534,26731,42704
534,26731,42705
534,26729,42699
534,26729,42698
534,26777,42764
534,26774,42754
534,26774,42755
534,26775,42758
534,26775,42757
534,26776,42760
534,26774,42756
534,26913,42875
534,26913,42874
534,26776,42761
534,26914,42877
534,26915,42880
534,26915,42881
534,26914,42879
534,26914,42878
534,26917,42886
534,26916,42883
611,27199,43175
534,26916,42884
534,26917,42887
534,26918,42889
534,26918,46669
611,27199,43176
611,27200,43178
611,27200,43179
611,27201,43182
611,27202,43184
611,27203,43187
611,27202,43185
611,27203,43188
611,27201,43181
611,27204,43190
611,27206,43197
611,27204,43191
611,27205,43193
611,27205,43194
611,27205,43195
611,27206,43196
611,27208,43203
611,27208,43202
611,27207,43201
611,27207,43199
611,27207,43200
611,27210,43208
611,27211,43211
611,27210,43209
611,27210,43210
611,27209,43205
611,27209,43207
611,27209,43206
611,27212,43216
611,27213,43218
611,27212,43215
611,28560,45950
611,27213,43217
611,28560,45951
611,27212,43214
611,27211,43212
611,28561,45954
611,28560,45952
611,28562,45958
611,28562,45957
611,28562,45956
611,28561,45953
611,28563,45959
611,28565,45965
611,28563,45960
611,28564,45962
611,28564,45963
611,28567,45974
611,28564,45964
611,28567,45973
573,27420,43483
611,28566,45968
611,28566,45969
611,28566,45970
573,27420,43484
611,28566,45972
611,28565,45966
611,28566,45971
573,27421,43487
573,27422,43490
573,27421,43486
573,27424,43496
573,27423,43492
573,27424,43495
573,27423,43493
573,27425,43498
573,27422,43489
573,27425,43499
573,27426,43502
573,27427,43504
573,27427,43505
573,27426,43501
568,26959,42910
573,27427,43506
568,26960,42913
568,26960,42914
568,26959,42911
568,26957,42904
568,26958,42908
568,26958,42907
568,26957,42905
568,26961,42916
568,26962,42919
568,26961,42917
568,26960,42915
568,26963,42922
568,26962,42921
568,26963,42923
568,26962,42920
568,26965,42929
568,26964,42926
568,26966,42931
568,26965,42930
568,26964,42925
568,26965,42928
568,26966,42932
568,26967,42934
568,26968,42937
568,26967,42936
568,26968,42938
568,25990,42254
568,26967,42935
568,25989,46349
568,25991,42255
568,25989,42253
568,25990,46351
568,25991,46360
568,25992,46354
568,25992,46359
568,25992,42256
568,25993,46355
568,25994,46356
568,25993,42257
568,25994,42258
568,25991,46353
568,25995,46367
568,26002,46365
568,26002,42266
568,25995,42259
568,26002,46366
568,25996,46361
603,27444,43527
568,25996,42260
568,25996,46363
568,25996,46362
603,27444,43526
603,27445,43530
603,27447,43535
603,27445,43531
603,27443,43524
603,27443,43553
603,27448,43614
603,27445,43529
603,27449,43541
603,27450,43546
603,27451,43547
603,27449,43542
603,27447,43536
603,27450,43544
603,27451,43548
603,27452,43550
603,27452,43551
603,27450,43545
603,27453,43554
603,27453,43555
603,27454,43557
603,27455,43560
603,27455,43561
603,27454,43558
603,27456,43564
603,27457,43566
603,27456,43563
603,27457,43567
603,25975,42210
603,25977,42216
603,25975,42209
603,25976,42213
603,25977,42215
603,25978,42218
603,25978,42219
603,25980,42224
603,25983,42236
603,25983,42235
603,25976,42212
603,25984,42238
603,25980,42225
603,25979,42221
603,25984,42239
603,25979,42222
603,25986,42245
603,25985,42241
603,25986,42246
603,25986,42244
603,25985,42242
603,25987,42248
603,25988,42250
603,25987,42247
603,25982,42230
603,25981,42227
603,25981,42228
603,25981,42229
603,25988,42251
580,28884,46369
603,25982,42232
580,27853,44306
580,27853,44305
603,25982,42231
580,27853,44307
580,28885,46372
580,28885,46373
580,28886,46376
580,28887,46378
580,28886,46375
580,28887,46379
580,28888,46381
580,28887,46380
580,28884,46370
580,28889,46384
580,28888,46382
580,28888,46383
580,28889,46385
580,28890,46388
580,28891,46390
580,28890,46387
566,27481,43620
566,27482,43623
580,28891,46391
566,27481,43621
580,28891,46393
580,28891,46392
566,27486,43632
566,27486,43631
566,27482,43624
566,27482,43625
566,27487,43634
566,27487,43636
566,27487,43635
566,27486,43633
566,27488,43637
566,27488,43638
566,27488,43639
566,22598,37435
566,22598,37434
566,22599,37438
566,22599,37437
566,22603,37449
566,22600,37440
566,22602,37447
566,22601,37444
566,22601,37443
566,22600,37441
566,22603,37450
566,22602,37446
566,22608,37456
566,22608,37457
566,22609,37459
566,22610,37463
566,22609,37461
566,22610,37462
566,22609,37460
566,22611,37467
566,22611,37466
539,28718,46274
566,22611,37468
566,22611,37465
539,28718,46273
539,28720,46278
539,28719,46275
539,28719,46276
539,28721,46280
539,28723,46284
539,28721,46279
539,28722,46281
539,28720,46277
539,28724,46285
539,28724,46286
539,28722,46282
539,28725,46287
539,28725,46288
539,28726,46290
539,28726,46289
539,28723,46283
539,28728,46294
539,28727,46292
539,28728,46293
539,28729,46295
539,28729,46296
555,24074,40234
555,24074,40233
539,28727,46291
555,24076,40239
555,24076,40240
555,24077,40242
555,24075,40237
555,24078,40245
555,24075,40236
555,24078,40247
555,24079,40248
555,24078,40246
555,24081,40255
555,24079,40249
555,24080,40251
555,24080,40252
555,24081,40254
555,24083,40260
555,24083,40261
555,24084,40263
555,24085,40267
555,24085,40266
555,24084,40264
555,24086,40269
555,24086,40270
555,24085,40268
555,24087,40272
555,24090,40281
555,24089,40278
555,24091,40285
555,24091,40286
555,24091,40284
555,24087,40273
555,24093,40290
555,24092,40287
555,24093,40291
555,24093,40292
555,24616,40928
555,24617,40931
555,24617,40932
555,24616,40929
555,24616,40930
555,24618,40935
555,24619,40937
555,24619,40938
555,24621,40944
555,24620,40941
555,24620,40940
555,24618,40934
555,24622,40946
555,24621,40943
555,24622,40947
555,24623,40949
555,24623,40950
555,24627,40962
555,24625,40955
555,24626,40958
555,24626,40959
555,24625,40956
555,24624,40952
555,24628,40965
555,24624,40953
555,24627,40961
555,24629,40967
555,24628,40964
555,24629,40968
555,24630,40970
555,24630,40971
555,24631,40973
555,24637,40979
555,24631,40974
555,24638,40981
555,24638,40982
555,24639,40984
555,24637,40978
555,24642,40993
555,24641,40991
555,24639,40985
555,24642,40994
555,24641,40992
555,24641,40990
555,24644,40999
555,24643,40998
555,24643,40997
555,24640,40988
555,24915,41255
555,24644,41000
555,24915,41254
555,24643,40996
555,24916,41257
555,24917,41261
555,24916,41258
555,24917,41260
555,25236,41647
555,25236,41648
555,25235,41644
555,24916,41259
555,24918,41264
555,25261,41666
555,25261,41667
555,25235,41645
555,25491,41791
555,24918,41263
555,25493,41798
555,25491,41792
555,25493,41797
555,25492,41794
555,26026,42268
555,25494,41801
555,25494,41802
555,25492,41795
555,25494,41800
555,26026,42270
555,26027,42271
555,25497,41809
555,25497,41810
555,26027,42272
555,26028,42274
555,26026,42269
564,24927,41284
555,26028,42275
564,24927,41285
555,26028,42276
564,24928,41287
564,24928,41289
564,24929,41290
564,24927,41286
564,24928,41288
564,24930,41293
564,24930,41295
564,24939,41304
564,24939,41305
564,24930,41294
564,24940,41307
564,24929,41291
564,22583,37400
564,22584,37401
564,24940,41308
564,22584,37402
564,22583,37398
564,22585,37404
564,22583,37399
564,22585,37405
564,22585,37406
564,22587,37410
564,22586,37407
564,22586,37409
564,22586,37408
564,22593,37421
564,22593,37420
564,22588,37414
564,22588,37413
564,22587,37411
564,22595,37426
572,25373,41716
564,22594,37424
572,25374,41718
564,22594,37423
572,25373,41715
564,22595,37427
572,25374,41720
564,22596,37430
564,22596,37429
572,25375,41722
572,25375,41721
572,25377,41727
572,25376,41725
572,25374,41719
572,25376,41724
572,25377,41728
564,22596,37431
572,25378,41730
572,25378,41731
572,25379,41733
572,25378,41732
572,25379,41734
565,24374,40691
572,25379,41735
565,24374,40692
565,24375,40696
572,25379,41736
565,24375,40695
565,24376,40697
565,24375,40694
565,24377,40700
565,24376,40698
565,24377,40702
565,24377,40701
565,24379,40706
565,24378,40704
565,24379,40707
565,24381,40712
565,24380,40709
565,24378,40703
565,24382,40715
565,24381,40713
565,24382,41266
565,24380,40710
565,24385,40718
565,24385,41272
565,24384,41270
565,24384,40717
565,24383,41268
565,24383,40716
565,25517,41818
565,25520,41827
565,25517,41817
565,25519,41824
565,25521,41829
565,25521,41830
565,25519,41823
565,25518,41820
565,25518,41821
565,25520,41826
565,25522,41833
565,25522,41832
565,25523,41836
565,25523,41835
565,25530,41849
565,25530,41848
565,25523,41837
565,25524,41838
565,25524,41839
565,25524,41840
579,25391,41741
579,25391,41742
579,25392,41745
579,25391,42267
579,25392,41744
579,25393,41747
579,25394,41750
579,25393,41748
579,25394,41751
579,25394,41752
579,25395,41753
579,25395,41754
579,25396,41756
579,25395,41755
579,25396,42411
579,25396,41758
579,25397,41759
579,25397,41760
579,25398,41762
579,25398,41763
538,26087,42302
538,26087,42301
579,25398,41765
579,25398,42631
538,26090,42307
538,26088,42304
538,26089,42305
538,26089,42306
538,26088,42303
538,26090,42308
538,26091,42309
538,26091,42310
538,26092,42311
538,26093,42313
538,26095,42318
538,26094,42315
538,26095,42317
538,26092,42312
538,26094,42316
538,26093,42314
538,26096,42319
538,26096,42320
538,26098,42323
538,26097,42321
538,26097,42322
538,26098,42324
557,25748,42044
557,25748,42043
557,25749,42046
557,25749,42047
557,25749,42048
557,25750,42049
557,25750,42279
557,25751,42052
557,25751,42053
557,25752,42055
557,25752,42056
557,25753,42058
557,25754,42061
557,25753,42059
557,25754,42062
557,25755,42066
557,25755,42064
557,25755,42065
557,26041,42280
557,26041,42281
557,26042,42284
557,26042,42283
557,26042,42285
557,26044,42289
557,26044,42290
557,26043,42286
557,26043,42288
557,26043,42287
557,26045,42292
557,26045,42293
557,26046,42295
557,26046,42296
557,26047,42298
557,26733,42710
557,26047,42300
557,26047,42299
557,26047,42457
557,26949,42890
557,26733,42711
557,26732,42708
557,26732,42707
557,26735,42716
557,26735,42718
557,26735,42717
557,26950,42893
557,26949,42891
557,26950,42894
557,26949,42892
557,26951,42897
557,26951,42896
557,26951,42899
557,28796,46298
557,26951,42898
557,28796,46299
557,28796,46300
557,28797,46301
557,28798,46304
557,28797,46302
557,28799,46307
557,28798,46305
557,28799,46308
557,28800,46310
557,28800,46312
557,28800,46311
557,28801,46313
557,28801,46314
557,28803,46322
557,28803,46323
557,28804,46324
557,28804,46325
557,28804,46326
557,28805,46328
557,28803,46321
557,28806,46331
557,28806,46330
557,28805,46327
557,28802,46317
557,28802,46316
557,28808,46336
557,28807,46334
557,28807,46333
557,28802,46319
557,28802,46318
557,28808,46337
557,28809,46341
557,28809,46339
557,28809,46342
557,28809,46340
557,29333,46652
557,28809,46343
557,29332,46650
557,29331,46646
557,29334,46656
557,29331,46647
557,29334,46655
557,29333,46653
557,30629,47812
557,29332,46649
557,30628,47787
557,30629,47790
557,30628,47786
557,30631,47796
557,30631,47795
557,30630,47792
557,30630,47793
557,29335,46658
557,29336,46662
557,29335,46659
557,29336,46661
557,30818,47994
557,29338,46664
557,29338,46666
557,29338,46665
557,30818,47995
557,30819,47997
557,30820,48000
557,30820,48001
557,30819,47998
557,30821,48003
557,30821,48005
557,30821,48004
557,30822,48007
557,30822,48006
557,30823,48010
557,30824,48012
557,30823,48009
557,30823,48011
557,30825,48016
557,30825,48015
557,30826,48018
557,30826,48019
557,30824,48013
557,30827,48021
557,30827,48022
557,30828,48025
557,30828,48024
557,30632,47799
557,30632,47798
557,30828,48026
557,30633,47802
557,30829,48029
557,30633,47801
557,30636,47808
557,30636,47807
557,30829,48028
557,30634,47804
557,30829,48027
557,30636,47809
557,30634,47805
557,30831,48034
557,31019,48133
557,30831,48033
557,30830,48032
557,30830,48031
557,31019,48134
557,30830,48030
557,30832,48036
557,31019,48135
557,30832,48037
557,31490,48608
557,31491,48611
557,31490,48609
557,30832,48038
557,31491,48612
557,31497,48630
557,31492,49049
557,31492,48614
557,31497,48629
557,31493,48617
557,31493,48618
557,31493,48619
557,31499,48635
557,31499,48637
557,31499,48636
557,31500,48638
557,31501,48641
557,31494,48621
557,31500,48639
557,31494,48620
557,31501,48642
557,31500,48640
557,31495,48623
557,31495,48625
557,31495,48624
557,33034,49309
557,31495,49275
557,33034,49310
557,31495,49274
557,33035,49312
557,33035,49313
557,33042,49333
557,33037,49318
557,33040,49327
557,33037,49319
557,33039,49324
557,33040,49328
557,33042,49334
557,33039,49325
557,33041,49330
557,33036,49315
557,33038,49321
557,33041,49331
557,33043,49336
557,33038,49322
557,33043,49337
557,33044,49339
557,33036,49317
557,33036,49316
557,33044,49340
557,33047,49348
557,33047,49349
557,33045,49343
557,33045,49344
557,33045,49342
557,33046,49345
557,33046,49346
557,33048,49351
557,33048,49352
557,33048,49353
594,23307,38329
557,33049,49354
557,33049,49355
557,33049,49356
594,23307,38330
594,23309,38335
594,23309,38336
557,33049,49358
557,33049,49357
594,23309,38337
594,23310,38338
594,23310,38340
594,23311,38342
594,23310,38339
594,23311,38341
594,23312,38345
594,23312,38344
594,23312,38346
594,23313,38347
594,23313,38348
594,23314,38350
594,23314,38351
594,23325,38383
594,23324,38382
594,23323,38378
594,23327,38389
594,23324,38380
594,23323,38377
594,23324,38381
594,23325,38384
594,23308,38332
594,23327,38390
594,23308,38333
594,23308,38334
594,23322,38375
594,23322,38374
594,23326,38386
594,23326,38387
594,23326,38388
594,23584,38847
594,23583,38843
594,23583,38844
594,23584,38848
594,23584,38846
594,23328,38392
594,23328,38393
594,23329,38395
594,23329,38396
594,23585,38849
594,23585,38850
594,23586,38852
594,23586,38853
594,25739,42023
594,23586,38854
594,25739,42024
594,25740,42026
594,25740,42027
594,25735,42012
594,25735,42011
594,25736,42014
594,25736,42015
594,25741,42029
594,25741,42030
594,25741,42031
594,25742,42032
594,25742,42033
594,27734,43999
594,27734,44000
594,25742,42034
594,27726,43975
594,27726,43976
594,27727,43978
594,27727,43979
594,27729,43984
594,27730,43988
594,27728,43981
594,27730,43987
594,27729,43985
594,27728,43982
594,27732,43993
594,27732,43994
594,27735,44003
594,27736,44005
594,27735,44002
594,27731,43991
594,27731,43990
594,27731,43992
594,27736,44006
594,27733,43997
594,27733,43996
594,27739,44014
594,27737,44008
594,27737,44010
594,27737,44009
594,27736,44007
594,27738,44011
594,27738,44012
594,27739,44015
594,27739,44016
594,27740,44017
594,27741,44022
594,27740,44018
594,27741,44021
594,27741,44020
594,29580,46996
594,29580,46997
594,29581,47000
594,29581,47001
594,29581,46999
594,29579,46993
594,29578,46990
594,29579,46994
594,29582,47002
594,29578,46991
594,29582,47003
594,29582,47004
594,29583,47005
594,29583,47006
594,31512,48644
594,31512,48645
594,31514,48650
594,31514,48651
594,31513,48647
594,31513,48648
594,31513,48649
594,31515,48653
594,31516,48656
594,31516,48657
594,31515,48654
594,31520,48671
594,31517,48659
594,31521,48674
594,31522,48677
594,31517,48660
594,31522,48676
594,31520,48670
594,31521,48673
594,31523,48679
594,31523,48680
594,31518,48662
594,31518,48663
594,31524,48683
594,31524,48682
594,31523,48681
594,31524,48684
594,31525,48685
594,31525,48686
594,31525,48687
533,24194,40454
594,31519,48668
594,31519,48665
594,31519,48666
594,31519,48667
533,24195,40457
533,24196,40460
533,24195,40458
533,24197,40463
533,24196,40461
533,24194,40455
533,24198,40467
533,24197,40464
533,24198,40466
533,24199,40469
533,24199,40470
533,24201,40475
533,24200,40472
533,24201,40476
533,24200,40473
533,24200,40474
533,24204,40484
533,24203,40482
533,24203,40481
533,24202,40478
533,24202,40479
533,24205,40488
533,24204,40485
533,24205,40487
533,24206,40491
533,24206,40490
533,24208,40497
533,24210,40502
533,24208,40496
533,24209,40500
533,24209,40499
533,24207,40495
533,24207,40494
533,24207,40493
533,24210,40503
533,24217,40523
533,24211,40506
533,24211,40505
533,24217,40524
533,24217,40525
533,24212,40508
533,24212,40509
533,24215,40517
533,24215,40518
533,24216,40520
533,24212,40510
533,24216,40521
533,24213,40511
533,24214,40515
533,24213,40512
533,24214,40514
533,24468,40881
533,24473,40893
533,24473,40892
533,24468,40880
533,24473,40891
533,24467,40877
533,24467,40878
533,24467,40879
533,24472,40888
533,24472,40889
533,24469,40884
533,24472,40890
533,24474,40894
516,23183,38193
533,24474,40895
533,24469,40883
516,23183,38194
516,23185,38199
516,23185,38200
533,24474,40896
516,23185,38201
516,23188,38208
516,23188,38209
516,23189,38212
516,23189,38211
516,23189,38213
516,23186,38203
516,23184,38197
516,23190,38214
516,23187,38205
516,23190,38215
516,23187,38206
516,23191,38217
516,23184,38196
516,23186,38202
516,23191,38218
516,23192,38220
516,23192,38221
516,23198,38239
516,23195,38229
516,23198,38238
516,23195,38230
516,23193,38223
516,23193,38224
516,23194,38226
516,23194,38227
516,23196,38232
516,23196,38233
516,23197,38235
516,23197,38236
516,23540,38782
516,23544,38794
516,23544,40602
516,23544,40603
516,23197,38237
516,23545,38797
516,23545,40604
516,23545,40605
516,23546,38800
516,23547,38803
516,23547,38804
516,23546,38801
516,23548,38806
516,23549,38809
516,23549,38810
516,23551,38815
516,23548,38808
516,23548,38807
516,23551,38816
516,23550,38812
516,23552,38819
516,23552,38818
516,23552,38820
516,23550,38813
516,24162,40425
516,24162,40426
516,24162,40427
516,24164,40432
516,24164,40431
516,24166,40438
516,24163,40428
516,24163,40429
516,24166,40437
516,24165,40435
516,24165,40434
516,24167,40440
516,24167,40441
516,24170,40449
516,24169,40447
516,24169,40446
516,24170,40450
516,24168,40443
520,23943,39882
516,24168,40444
520,23943,39883
520,23943,39884
520,23910,39783
520,23912,39789
520,23911,39786
520,23911,39787
520,23913,39793
520,23913,39792
520,23910,39784
520,23914,39796
520,23912,39790
520,23915,39798
520,23915,39799
520,23916,39802
520,23916,39801
520,23917,39804
520,23917,39805
520,23917,39806
520,23918,39808
520,23918,39807
520,23914,39795
520,23919,39811
520,23919,39810
520,23920,39813
520,23920,39814
520,23921,39816
520,23923,39823
520,23923,39822
520,23922,39820
520,23922,39819
520,23921,39817
520,23924,39825
520,23924,39826
520,23927,39834
520,23926,39831
520,23927,39835
520,23925,39828
520,23926,39832
520,23928,39837
520,23925,39829
520,23928,39838
520,23929,39840
520,23930,39843
520,23931,39846
520,23931,39847
520,23930,39844
520,23932,39849
520,23929,39841
520,23933,39853
520,23932,39850
520,23933,39854
520,23934,39855
520,23933,39852
520,23935,39858
520,23934,39856
520,23935,39859
520,23942,39880
520,23942,39879
520,23939,39870
520,23939,39871
520,23936,39862
520,23937,39864
520,23944,39886
520,23937,39865
520,23945,39888
520,23936,39861
520,23945,39889
520,23946,39892
520,23946,39891
520,23947,39894
520,23947,39895
520,23948,39897
520,23949,39900
520,23949,39902
520,23948,39898
520,23949,39901
520,23944,39885
520,23953,39912
520,23951,39907
520,23951,39906
520,23952,39910
520,23953,39913
520,23952,39909
520,23954,39916
520,23954,39915
520,23956,39921
520,23955,39919
520,23957,39924
520,23956,39922
520,23959,39930
520,23958,39927
520,23959,39931
520,23955,39918
520,23960,39933
520,23958,39928
520,23960,39934
520,23961,39937
520,23957,39925
520,23961,39936
520,23962,39939
520,23962,39940
520,23961,39938
520,23963,39942
520,23965,39948
520,23964,39946
520,23965,39949
520,23963,39943
520,23966,39952
520,23967,39955
520,23967,39954
520,23966,39951
520,23964,39945
520,23969,39960
520,23968,39957
520,23968,39958
520,23970,39964
520,23969,39961
520,23971,39966
520,23971,39967
520,23980,39993
520,23980,39994
520,23973,39972
520,23973,39973
520,23970,39963
520,23974,39975
520,23974,39976
520,23978,39989
520,23978,39987
520,23975,39979
520,23978,39988
520,23979,39991
520,23975,39978
520,23979,39990
520,23983,40002
520,23982,40000
520,23981,39997
520,23981,39996
520,23983,40003
520,23991,40026
520,23991,40027
520,23990,40023
520,23993,40033
520,23990,40024
520,23982,39999
520,23995,40038
520,23994,40036
520,23996,40041
520,23994,40035
520,23995,40039
520,23993,40034
520,23996,40042
520,23999,40050
520,24002,40060
520,23993,40032
520,23986,40011
520,24002,40059
520,23999,40051
520,23977,39986
520,24000,40054
520,24000,40053
520,23986,40012
520,23977,39985
520,23985,40008
520,23985,40009
520,23984,40005
520,23984,40006
520,23987,40014
520,23977,39984
520,23987,40015
520,23992,40029
520,23989,40020
520,23989,40022
520,23997,40044
520,23989,40021
520,23997,40045
520,24001,40056
520,24001,40057
520,24003,40063
520,24001,40058
520,23992,40030
520,24003,40062
520,23976,39981
520,23976,39982
520,24007,40075
520,23998,40047
520,23998,40048
520,24011,40086
520,24011,40088
520,24007,40074
520,24011,40087
520,24004,40066
520,24005,40069
520,24008,40077
520,24005,40068
520,24006,40071
520,24006,40072
520,24008,40078
520,24007,40076
520,24004,40065
520,24009,40080
520,24009,40081
520,24009,40082
520,24012,40089
520,24012,40090
520,24010,40083
520,24010,40085
520,24014,40096
520,24013,40093
520,24015,40098
520,24014,40095
520,24010,40084
520,24013,40092
520,24016,40101
520,24015,40099
520,24016,40102
520,24015,40100
520,24017,40104
520,24017,40105
520,24017,40106
520,24019,40110
520,24019,40111
520,24018,40108
520,24018,40107
520,24019,40112
520,24021,40116
520,24020,40114
520,24021,40117
520,24020,40113
520,24022,40119
520,24022,40120
520,24020,40115
520,24022,40121
520,24021,40118
520,24024,40126
520,24025,40130
520,24025,40129
520,24025,40128
520,24024,40125
520,24023,41572
520,24023,40124
520,24023,40123
520,24027,40134
520,24026,40131
520,24026,40132
520,24027,40135
520,25194,41577
520,25194,41576
520,25193,41573
520,25193,41574
520,25195,41581
520,25195,41579
520,25201,41600
520,25195,41580
520,25202,41602
520,25196,41583
520,25196,41582
520,25202,41604
520,25202,41603
520,25197,41586
520,25201,41599
520,25201,41601
520,25197,41585
520,25196,41584
520,25204,41608
520,25204,41609
520,25198,41588
520,25203,41605
520,25198,41590
520,25203,41606
520,25198,41589
520,25199,41591
520,25205,41612
520,25199,41593
520,25199,41592
520,25205,41611
520,25206,41615
520,25206,41614
520,25200,41594
520,25200,41595
541,23644,39024
520,25200,41596
541,23644,39023
541,23648,39035
541,23645,39027
541,23645,39026
520,25200,41597
541,23647,40183
541,23647,40182
541,23649,39039
541,23649,39038
541,23648,39036
541,23651,39044
541,23652,39047
541,23655,39056
541,23651,39045
541,23652,39048
541,23651,39046
541,23654,39053
541,23654,39054
541,23655,39057
541,23656,39059
541,23655,39058
541,23657,39062
541,23658,39066
541,23658,39065
541,23656,39060
541,23657,39063
541,23660,39071
541,23659,39068
541,23659,39069
541,23659,39070
541,23660,39072
541,23661,39074
541,23662,39077
541,23662,39078
541,23661,39075
541,23663,39080
541,23664,39083
541,23662,39079
541,23664,39084
541,23665,39086
541,23665,39087
541,23663,39081
541,23667,39093
541,23667,39092
541,23666,39089
541,23666,39090
541,23670,39101
541,23673,39110
541,23668,39095
541,23670,39102
541,23673,39111
541,23668,39096
541,23676,39119
541,23675,39116
541,23676,39120
541,23674,39113
541,23674,39115
541,23678,39125
541,23674,39114
541,23678,39126
541,23680,39131
541,23680,39133
541,23682,39139
541,23680,39132
541,23681,39134
541,23682,39137
541,23682,39138
541,23681,39135
541,23683,39140
541,23685,39146
541,23684,39144
541,23685,39147
541,23688,39155
541,23683,39141
541,23684,39143
541,23689,39158
541,23689,39159
541,23690,39162
541,23688,39156
541,23688,39157
541,23692,39167
541,23691,39164
541,23690,39161
541,23694,39173
541,23693,39170
541,23693,39171
541,23692,39168
541,23694,39174
541,23695,39176
541,23691,39165
541,23696,39179
541,23695,39177
541,23696,39180
541,23698,39185
541,23697,39183
541,23698,39186
541,23697,39184
541,23697,39182
541,23700,39191
541,23702,39198
541,23700,39192
541,23706,39210
541,23702,39199
541,23702,39197
541,23704,39203
541,23704,39204
541,23707,39212
541,23703,39201
541,23706,39209
541,23703,39200
541,23703,39202
541,23707,39213
541,23709,39218
541,23710,39222
541,23708,39215
541,23709,39219
541,23708,39216
541,23712,39227
541,23711,39224
541,23710,39221
541,23712,39228
541,23711,39225
541,23714,39233
541,23713,39230
541,23713,39231
541,23716,39240
541,23714,39234
541,23715,39236
541,23717,39242
541,23715,39237
541,23716,39239
541,23719,39248
541,23717,39243
541,23720,39251
541,23720,39252
541,23719,39249
541,23721,39255
541,23721,39254
541,23722,39257
541,23722,39258
541,23722,39259
541,23727,39272
541,23724,39265
541,23724,39263
541,23724,39264
541,23727,39274
541,23727,39273
541,23728,39276
541,23730,39281
541,23728,39275
541,23732,39288
541,23732,39289
541,23730,39282
541,23732,39287
541,23735,39297
541,23736,39300
541,23733,39291
541,23736,39299
541,23733,39290
541,23735,39296
541,23735,39298
541,23739,39309
541,23739,39308
541,23738,39305
541,23738,39306
541,23742,39317
541,23740,39311
541,23742,39318
541,23738,39307
541,23740,39312
541,23744,39323
541,23745,39326
541,23745,39327
541,23746,39330
541,23746,39331
541,23747,39333
541,23746,39329
541,23748,39335
541,23747,39332
541,23744,39324
541,23749,39339
541,23749,39340
541,23751,39345
541,23750,39342
541,23748,39336
541,23749,39338
541,23750,39343
541,23751,39344
541,23750,39341
541,23752,39347
541,23751,39346
541,23753,39350
541,23754,39353
541,23752,39348
541,23752,39349
541,23753,39351
541,23754,39354
541,23755,39356
541,23756,39359
541,23755,39357
541,23756,39360
541,23758,39365
541,23758,39367
541,23759,39369
541,23758,39366
541,23761,39375
541,23762,39378
541,23762,39377
541,23760,39371
541,23761,39374
541,23760,39372
541,23759,39368
541,23763,39380
541,23763,39381
541,23764,39383
541,23767,39392
541,23766,39390
541,23766,39389
541,23767,39393
541,23764,39384
541,23768,39395
541,23769,39398
541,23769,39399
541,23770,39401
541,23768,39396
541,23770,39403
541,23769,39400
541,23806,39510
541,23772,39407
541,23770,39402
541,23672,39108
541,23672,39107
541,23772,39408
541,23806,39509
541,23802,39497
541,23818,39545
541,23802,39499
541,23818,39546
541,23820,39551
541,23820,39552
541,23802,39498
541,23828,39576
541,23773,39410
541,23774,39413
541,23775,39416
541,23773,39411
541,23776,39419
541,23775,39417
541,23828,39575
541,23776,39420
541,23774,39414
541,23777,39424
541,23777,39423
541,23777,39422
541,23778,39426
541,23781,39434
541,23780,39432
541,23779,39430
541,23780,39431
541,23779,39428
541,23778,39425
541,23779,39429
541,23781,39435
541,23782,39437
541,23784,39444
541,23784,39443
541,23782,39438
541,23783,39441
541,23785,39446
541,23783,39440
541,23785,39447
541,23786,39449
541,23787,39452
541,23786,39450
541,23787,39454
541,23790,39461
541,23789,39458
541,23787,39453
541,23788,39457
541,23788,39456
541,23789,39459
541,23790,39462
541,23791,39464
541,23788,39455
541,23793,39471
541,23793,39470
541,23792,39468
541,23794,39473
541,23791,39465
541,23794,39474
541,23792,39467
541,23795,39476
541,23796,39479
541,23796,39480
541,23797,39482
541,23795,39477
541,23797,39483
541,23799,39489
541,23797,39484
541,23798,39485
541,23798,39486
541,23799,39488
541,23800,39491
541,23800,39493
541,23800,39492
541,23805,39506
541,23803,39500
541,23804,39504
541,23803,39501
541,23804,39503
541,23801,39496
541,23801,39495
541,23801,39494
541,23805,39507
541,23807,39512
541,23807,39513
541,23808,39516
541,23808,39515
541,23810,39523
541,23811,39524
541,23810,39521
541,23810,39522
541,23811,39525
541,23813,39530
541,23812,39527
541,23812,39528
541,23813,39531
541,23816,39540
541,23814,39533
541,23814,39534
541,23816,39539
541,23819,39549
541,23819,39548
541,23817,39542
541,23817,39543
541,23821,39555
541,23823,39560
541,23822,39558
541,23822,39557
541,23821,39554
541,23824,39563
541,23824,39564
541,23821,39556
541,23825,39566
541,23823,39561
541,23826,39570
541,23826,39569
541,23827,39572
541,23827,39573
541,23829,39578
541,23829,39580
541,23825,39567
541,23830,39582
541,23830,39581
541,23829,39579
541,23832,39588
541,23833,39591
541,23831,39586
541,23831,39585
541,23832,39587
541,23833,39590
541,23831,39584
541,23834,39593
541,23835,39596
541,23834,39594
541,23835,39597
541,23841,39614
541,23836,39599
541,23836,39600
541,23847,39632
541,23841,39616
541,23847,39633
541,23847,39634
541,23849,39638
541,23834,39595
541,23841,39615
541,23849,39639
541,23849,39640
541,23837,39603
541,23837,39602
541,23864,39684
541,23839,39608
541,23837,39604
541,23838,39605
541,23838,39606
541,23839,39609
541,23840,39612
541,23840,39611
541,23864,39683
541,23842,39617
541,23842,39618
541,23843,39620
541,23843,39621
541,23844,39624
541,23843,39622
541,23845,39626
541,23845,39628
541,23846,39630
541,23848,39635
541,23844,39623
541,23846,39629
541,23845,39627
541,23848,39636
541,23848,39637
541,23850,39641
541,23851,39644
541,23850,39642
541,23851,39645
541,23853,39652
541,23852,39647
541,23852,39648
541,23853,39650
541,23853,39651
541,23854,39654
541,23852,39649
541,23855,39656
541,23854,39655
541,23854,39653
541,23856,39659
541,23856,39660
541,23857,39662
541,23857,39663
541,23858,39665
541,23855,39657
541,23859,39669
541,23859,39668
541,23858,39666
541,23858,39667
541,23860,39671
541,23861,39674
541,23862,39677
541,23862,39678
541,23861,39676
541,23861,39675
541,23860,39672
541,23863,39681
541,23863,39680
541,23866,39690
541,23865,39686
541,23865,39687
541,23867,39692
541,23863,39682
541,23866,39689
541,23867,39693
541,23869,39698
541,23867,39694
541,23869,39700
541,23870,39701
541,23870,39702
541,23874,39713
541,23873,39711
541,23874,39714
541,23874,39715
541,23882,39738
541,23882,39737
541,23873,39710
541,23869,39699
541,23875,39716
541,23868,39696
541,23872,39708
541,23868,39695
541,23868,39697
541,23872,39709
541,23875,39717
541,23872,39707
541,23876,39721
541,23876,39720
541,23877,39724
541,23876,39719
541,23878,39726
541,23877,39722
541,23878,39725
541,23877,39723
541,23879,39730
541,23879,39728
541,23881,39734
541,23881,39735
541,23883,39740
541,23880,39731
541,23880,39732
541,23871,39704
541,23871,39706
541,23871,39705
541,23884,39743
541,23884,39745
541,23879,39729
541,23884,39744
541,23885,39746
541,23885,39747
541,23886,39750
541,23886,39749
541,23883,39741
541,23887,39752
541,23889,39758
541,23887,39753
541,23889,39759
541,23888,39755
541,23890,39761
541,23888,39756
541,23890,39762
541,23891,39764
541,24101,40302
541,24104,40313
541,23891,39765
541,24104,40312
541,24101,40303
541,24100,40299
541,24104,40311
541,24099,40296
541,24103,40308
541,24105,40314
541,24103,40309
541,24105,40315
541,24099,40297
541,24100,40300
541,24098,40294
541,24102,40306
541,24102,40307
541,24102,40305
541,24098,40293
541,24106,40318
541,24106,40317
541,24107,40320
541,24107,40321
541,24106,40319
541,24110,40330
541,24110,40329
541,24108,40325
541,24108,40323
541,24109,40326
541,24111,40332
541,24108,40324
541,24111,40333
541,24113,40340
541,24109,40327
541,24113,40338
541,24114,40342
541,24112,40336
541,24113,40339
541,24114,40341
541,24114,40343
541,24112,40335
541,24115,40344
541,24116,40348
541,24117,40351
541,24117,40350
541,24115,40346
541,24115,40345
541,24949,41326
541,24949,41328
541,24950,41331
541,24950,41330
541,24949,41327
541,24950,41329
541,24952,41336
541,24956,41348
541,24956,41347
541,24116,40347
541,24952,41335
541,24957,41350
541,24953,41338
541,24953,41340
541,24957,41351
541,24953,41339
541,24954,41342
541,24954,41341
541,24951,41332
541,24954,41343
541,24958,41353
541,24951,41333
541,24955,41344
541,24959,41356
541,24955,41345
541,24958,41354
541,24959,41357
541,24960,41360
541,24961,41362
541,24960,41361
541,24960,41359
541,24961,41365
541,24961,41364
541,24961,41363
541,24961,41366
541,24962,41369
541,24962,41368
541,24962,41367
600,24598,40910
541,24962,41370
600,24599,40911
600,24601,41274
600,24598,41020
600,24599,41021
600,24597,41002
600,24599,41024
600,24597,40909
600,24603,40915
600,24604,40916
600,24602,41003
600,24605,40917
600,24601,41275
600,24603,41005
600,24604,41007
600,24606,40918
600,24608,40920
600,24602,40914
600,24607,40919
600,24605,41008
600,24607,41010
600,24608,41011
600,24606,41009
600,24609,40921
600,24609,41012
600,24610,41026
600,24611,41027
600,24610,40922
600,24612,40924
600,24611,40923
600,24612,41028
600,24613,40925
600,24613,41029
600,24615,41031
600,24614,40926
600,24614,41036
600,24615,40927
600,25716,41965
600,25716,41966
600,25717,41969
600,25717,41968
600,25717,41970
600,24614,41030
600,25718,41971
600,25718,41972
600,25719,41974
600,25720,41978
600,25719,41975
600,25729,42002
600,25720,41977
600,25729,42003
600,25729,42004
600,25722,41984
600,25723,41987
600,25724,41990
600,25722,41983
600,25723,41986
600,25723,41988
600,25724,41989
600,25721,41981
600,25721,41980
600,25726,41995
600,25725,41992
600,25725,41993
600,25726,41996
600,25726,41997
600,25727,41998
600,25728,42632
469,24696,41081
469,24695,41078
469,24695,41079
600,25728,42001
600,25728,42633
469,24696,41082
469,24697,41084
600,25727,41999
469,24697,41085
469,24698,41087
469,24697,41086
469,24704,41106
469,24704,41105
469,24704,41107
469,24698,41088
469,24706,41111
469,24705,41108
469,24699,41090
469,24699,41091
469,24706,41112
469,24700,41094
469,24701,41096
469,24699,41092
469,24700,41093
469,24702,41099
469,24702,41100
469,24701,41097
469,24859,41191
469,24859,41190
469,24860,41194
469,24863,41203
469,24860,41193
469,24863,41202
469,24864,41205
469,24864,41206
469,24868,41217
469,24864,41207
469,24868,41218
469,24861,41197
469,24867,41216
469,24861,41198
469,24861,41196
469,24867,41215
469,24867,41214
469,24869,41220
469,24862,41199
469,25208,41620
469,24862,41200
469,24865,41208
469,24869,41222
469,24865,41209
469,25208,41621
469,25209,41623
469,25213,41629
469,25213,41630
469,24870,41223
469,24870,41224
469,25209,41624
469,25214,41632
469,24869,41221
469,25216,41638
469,25216,41639
469,25217,41641
469,25214,41633
469,25214,41634
469,25217,41642
469,25574,41945
469,25574,41946
469,25571,41934
469,25574,41947
469,25207,41617
469,25568,41923
469,25568,41924
469,25207,41618
469,25571,41935
469,25575,41948
469,25215,41635
469,25212,41627
469,25212,41626
469,25212,41628
469,25215,41636
469,25572,41937
469,25575,41949
469,25572,41938
469,25569,41926
469,25569,41928
469,25569,41927
469,25576,41952
469,25576,41953
469,25573,41942
469,25573,41941
469,25576,41951
469,25573,41940
469,25570,41929
469,25570,41930
469,25570,41931
542,23588,38856
542,23588,38855
542,23592,38867
469,25570,41932
542,23602,38897
542,23602,38898
542,23618,38946
542,23618,38945
542,23592,38868
542,23589,38860
542,23589,38858
542,23589,38859
542,23591,38865
542,23591,38864
542,23593,38870
542,23595,38876
542,23594,38874
542,23594,38875
542,23595,38877
542,23593,38871
542,23596,38879
542,23596,38881
542,23598,38885
542,23599,38888
542,23599,38889
542,23594,38873
542,23596,38880
542,23598,38886
542,23599,38890
542,23601,38895
542,23601,38894
542,23600,38893
542,23600,38892
542,23600,38891
542,23603,38900
542,23604,38904
542,23604,38903
542,23605,38907
542,23603,38901
542,23605,38906
542,23605,38908
542,23606,38909
542,23607,38913
542,23607,38912
542,23609,38918
542,23609,38919
542,23606,38910
542,23608,38915
542,23608,38916
542,23610,38921
542,23611,38925
542,23613,38930
542,23612,38928
542,23611,38924
542,23614,38934
542,23615,38936
542,23613,38931
542,23612,38927
542,23614,38933
542,23615,38937
542,23616,38940
542,23616,38939
542,23610,38922
542,23617,38942
542,23619,38950
542,23619,38948
542,23627,38972
542,23619,38949
542,23624,38963
542,23617,38943
542,23624,38964
542,23627,38973
542,23626,38969
542,23624,38965
542,23626,38970
542,23629,38978
542,23629,38979
542,23628,38975
542,23630,38982
542,23631,38985
542,23632,38987
542,23632,38988
542,23628,38976
542,23630,38981
542,23631,38984
542,23634,38994
542,23633,38991
542,23635,38996
542,23630,38983
542,23633,38990
542,23634,38993
542,23635,38997
542,23621,38955
542,23623,38960
542,23620,38952
542,23621,38954
542,23623,38961
542,23622,38958
542,23622,38957
542,23620,38951
542,23636,39000
542,23637,39003
542,23625,38967
542,23638,39006
542,23638,39005
542,23636,38999
542,23639,39008
542,23637,39002
542,23640,39011
542,23639,39009
542,23642,39017
542,23642,39018
542,23640,39012
542,23641,39014
542,23641,39015
542,23643,39021
542,24232,40533
542,24232,40534
542,23643,39020
542,24234,40540
542,24235,40542
542,23625,38966
542,24233,40538
542,24233,40537
542,24236,40546
542,24236,40545
542,24235,40543
542,24234,40539
542,24233,40536
542,24237,40550
542,24237,40549
542,24236,40547
542,24234,40541
542,24238,40552
542,24239,40554
542,24238,40551
542,24237,40548
542,24239,40555
542,24238,40553
542,24240,40557
542,24240,40558
542,24241,40562
542,24241,40561
542,24241,40560
542,24244,40569
542,24243,40566
542,24242,40564
542,24245,40572
542,24245,40573
542,24244,40570
542,24243,40567
542,24246,40575
542,24246,40576
542,24245,40574
542,24247,40578
542,24247,40580
542,24242,40563
542,24247,40579
542,24248,40581
542,24249,40584
542,24249,40585
542,24250,40587
542,24248,40582
542,24250,40588
542,24251,40590
542,24251,40591
542,24250,40589
542,24981,41428
542,24979,41421
542,24981,41427
542,24979,41422
542,24978,41418
542,24980,41424
542,24978,41419
542,24987,41448
542,24987,41447
542,24986,41445
542,24980,41425
542,24980,41426
542,24986,41446
542,24982,41430
542,24986,41444
542,24982,41431
542,24983,41433
542,24989,41454
542,24989,41453
542,24983,41435
542,24988,41451
542,24983,41434
542,24988,41450
542,24990,41458
542,24990,41456
542,24990,41457
542,24984,41436
542,24988,41452
542,24984,41437
542,24985,41440
542,24985,41439
542,24991,41460
542,24991,41461
542,24985,41441
542,24991,41463
542,24991,41459
543,23484,38615
543,23484,38614
542,24991,41462
543,23485,38618
543,23485,38617
543,23486,38621
543,23486,38620
543,23488,38626
543,23488,38627
543,23487,38623
542,24985,41442
543,23489,38629
543,23489,38630
543,23490,38632
543,23491,38635
543,23490,38633
543,23491,38636
543,23493,38642
543,23494,38644
543,23493,38641
543,23492,38639
543,23495,38647
543,23496,38650
543,23495,38648
543,23492,38638
543,23494,38645
543,23497,38654
543,23498,38656
543,23498,38658
543,23497,38653
543,23499,38660
543,23500,38662
543,23496,38651
543,23501,38665
543,23498,38657
543,23499,38659
543,23503,38671
543,23500,38663
543,23501,38666
543,23503,38673
543,23503,38672
543,23504,38675
543,23504,38674
543,23499,38661
543,23506,38681
543,23506,38680
543,23508,38686
543,23508,38687
543,23505,38678
543,23505,38677
543,23510,38693
543,23511,38695
543,23512,38699
543,23513,38702
543,23514,38704
543,23510,38692
543,23512,38698
543,23513,38701
543,23514,38705
543,23517,38713
543,23515,38708
543,23517,38714
543,23518,38716
543,23518,38717
543,23515,38707
543,23519,38719
543,23519,38721
543,23515,38709
543,23519,38720
543,23520,38724
543,23520,38723
543,23521,38725
543,23522,38729
543,23522,38728
543,23523,38732
543,23523,38731
543,23521,38726
543,23524,38735
543,23525,38737
543,23524,38734
543,23523,38733
543,23525,38738
543,23527,38744
543,23526,38741
543,23520,38722
543,23526,38742
543,23529,38749
543,23527,38743
543,23530,38752
543,23526,38740
543,23531,38756
543,23529,38750
543,23530,38753
543,23531,38755
543,23533,38762
543,23539,38779
543,23534,38764
543,23539,38780
543,23532,38759
543,23532,38758
543,23532,38760
543,23533,38761
543,23534,38765
543,23534,38766
543,23535,38767
543,23536,38770
543,23535,38768
543,23536,38771
543,23537,38773
543,23537,38774
543,24119,40357
543,24118,40354
543,24120,40359
543,24120,40360
543,24118,40353
543,23538,38777
543,23538,38776
543,24122,40365
543,24122,40366
543,24123,40369
543,24124,40372
543,24123,40368
543,24124,40371
543,24121,40362
543,24125,40374
543,24119,40356
543,24121,40363
543,24125,40375
543,24123,40370
543,24126,40377
543,24126,40378
543,24130,40389
543,24129,40386
543,24127,40381
543,24127,40380
543,24129,40387
543,24131,40392
543,24128,40383
543,24130,40390
543,24128,40384
543,24132,40396
543,24131,40393
543,24132,40395
543,24136,40408
543,24133,40399
543,24132,40397
543,24133,40398
543,24136,40407
543,24134,40402
543,24134,40403
543,24135,40404
543,24135,40405
543,24137,40410
543,24964,41372
543,24964,41373
543,24965,41376
543,24137,40411
543,24134,40401
543,24966,41378
543,24965,41377
543,24967,41382
543,24972,41399
543,24966,41379
543,24967,41383
543,24967,41381
543,24973,41402
543,24972,41398
543,24973,41403
543,24968,41385
543,24973,41401
543,24968,41384
543,24974,41404
543,24974,41405
543,24969,41388
543,24965,41375
543,24968,41386
543,24975,41407
543,24974,41406
543,24969,41387
543,24975,41408
543,24975,41409
543,24976,41410
543,24976,41412
543,24976,41411
543,24970,41391
543,24977,41414
543,24977,41415
403,15780,29071
543,24971,41394
543,24971,41395
543,24971,41393
403,15780,29070
543,24977,41413
403,15783,29079
403,15784,29082
543,24970,41390
403,15783,29080
403,15781,29073
403,15782,29077
403,15781,29075
403,15781,29074
403,15782,29076
403,15785,29085
403,15784,29083
403,15785,29086
403,15785,29087
403,15784,29084
403,15786,29088
403,15786,29089
403,15787,29092
403,15787,29091
403,15794,29098
403,15793,29096
403,15793,29095
403,15794,29099
403,15795,29101
403,15795,29102
403,15795,29103
403,15798,29110
403,15796,29105
403,15797,29108
403,15798,29111
403,15796,29104
403,15797,29107
403,15798,29112
403,16291,30342
403,16295,30347
403,16295,30348
403,15799,29113
403,16291,30341
403,15799,29114
403,15828,29164
403,15828,29165
403,17179,31755
403,17180,31758
403,17179,31757
403,17180,31759
403,17180,31760
403,17182,31765
403,17179,31756
403,17182,31764
403,17181,31762
403,17182,31766
403,17181,31761
403,17236,31815
403,17235,31813
403,17238,31820
403,17238,31822
403,17238,31821
403,17239,31823
403,17235,31811
403,17239,31825
403,17236,31814
403,17235,31812
403,17240,31826
403,17240,31828
403,17240,31827
403,17676,32488
403,17241,31829
403,17239,31824
403,17675,32484
403,17676,32487
403,17241,31830
403,17675,32485
403,17241,31831
403,17675,32486
403,17676,32489
403,17677,32490
403,17677,32491
403,17678,32493
403,17678,32494
403,17681,32504
403,17680,32499
403,17679,32497
403,17679,32496
403,17679,32498
403,17680,32500
403,17692,32508
403,17692,32509
403,17691,32506
403,17681,32502
403,17681,32503
403,17693,32511
403,17691,32505
403,17694,32514
403,17694,32515
403,17697,32523
403,17695,32517
403,17695,32518
403,17693,32512
403,17697,32524
403,17694,32516
403,18656,33648
403,18656,33649
403,17698,32526
403,17698,32527
403,18653,33640
403,17696,32520
403,17696,32521
403,18655,33646
403,18655,33645
403,18653,33639
403,18654,33643
403,18654,33644
403,18657,33652
403,18654,33642
403,18658,33654
403,18658,33655
403,19819,34958
403,19821,34964
403,19819,34959
403,18658,33656
403,18657,33651
403,19821,34965
403,19820,34961
403,19822,34968
403,19820,34962
403,21209,35510
403,19820,34963
403,19822,34967
403,21211,35517
403,21212,35520
403,21209,35511
403,21210,35513
403,21211,35617
403,21211,35516
403,21210,35514
403,21358,35612
403,21212,35519
403,21359,35615
403,21357,35608
403,21359,35614
403,21358,35611
403,21357,35609
403,21419,35686
403,21550,35851
403,21419,35687
403,21551,35853
403,21550,35850
403,21357,35610
403,21551,35855
403,21551,35854
353,19071,34248
353,19072,34252
353,19075,34262
353,19071,34249
353,19074,34971
353,19075,34260
353,19072,34251
353,19074,34258
353,19081,34275
353,19076,34264
353,19076,34263
353,19082,34278
353,19081,34276
353,19075,34261
353,19082,34279
353,19083,34281
353,19073,34255
353,19073,34254
353,19078,34267
353,19079,34270
353,19079,34271
353,19079,34269
353,19084,34285
353,19083,34282
353,19078,34266
353,19076,34265
353,19086,34291
353,19085,34288
353,19080,34272
353,19084,34284
353,19088,34296
353,19086,34290
353,19087,34294
353,19087,34293
353,19080,34273
353,19085,34287
353,19088,34298
353,19088,34297
477,18949,33906
477,18949,33907
477,18951,33912
353,19089,34299
477,18950,33909
477,18951,33913
477,18952,33916
477,18952,33915
477,19019,34104
477,18952,33917
477,18950,33910
477,19019,34105
353,19089,34300
353,19089,34301
477,19019,34106
477,18959,33931
477,18959,33930
477,19020,34108
477,19021,34111
477,19022,34114
477,19022,34113
477,18960,33933
477,19021,34110
477,18960,33934
477,18961,33936
477,18959,33932
477,18961,33937
477,19011,34081
477,19011,34080
477,19020,34107
477,19012,34083
477,19011,34082
477,19012,34084
477,19014,34090
477,19014,34089
477,18963,33943
477,18965,33948
477,19013,34086
477,18965,33949
477,19013,34087
477,18965,33950
477,19039,34164
477,19041,34170
477,19041,34171
477,19042,34173
477,18963,33942
477,19042,34174
477,19040,34167
477,19039,34165
477,19040,34168
477,18955,33918
477,18955,33919
477,18956,33921
477,18956,33922
477,19023,34116
477,18955,33920
477,19026,34125
477,19023,34117
477,19024,34120
477,19026,34126
477,18967,33954
477,18967,33955
477,19024,34119
477,18969,33961
477,18969,33960
477,19026,34127
477,19027,34128
477,19028,34132
477,19028,34131
477,18970,33964
477,19029,34134
477,18970,33965
477,18970,33963
477,19027,34129
477,19029,34135
477,19030,34137
477,19030,34138
477,18974,33976
477,18974,33975
477,18972,33970
477,19030,34139
477,19031,34140
477,19031,34141
477,19033,34146
477,18972,33969
477,19034,34149
477,19033,34148
477,19034,34150
477,18975,33978
477,18975,33979
477,19033,34147
477,18977,33984
477,19036,34155
477,19036,34156
477,19035,34153
477,18975,33980
477,19037,34158
477,19037,34159
477,18977,33985
477,19038,34161
477,18993,34033
477,19035,34152
477,19038,34162
477,18993,34034
477,18995,34038
477,18995,34039
477,18993,34032
477,18995,34040
477,19015,34093
477,19016,34096
477,19015,34092
477,19017,34098
477,19017,34099
477,19018,34102
477,19016,34095
477,19018,34101
477,19045,34182
477,18980,33993
477,18982,33999
477,18982,34000
477,18982,34001
477,18980,34627
477,18980,33994
477,19045,34183
477,19046,34185
477,19003,34063
477,19004,34065
477,19003,34062
477,19046,34186
477,19055,34224
477,19055,34204
477,19004,34066
477,19056,34205
477,19055,34225
477,19056,34226
477,19056,34227
477,18983,34002
477,19058,34207
477,18983,34003
477,19058,34231
477,19047,34188
477,18985,34008
477,19047,34189
477,18985,34010
477,19058,34230
477,19047,34190
477,19050,34197
477,18985,34009
477,19050,34198
477,19048,34191
477,19048,34192
477,19048,34193
477,18998,34048
477,19049,34194
477,19049,34195
477,19063,34212
477,19063,34213
477,18998,34047
477,19065,34218
477,19066,34223
477,19066,34221
477,19066,34222
477,18989,34022
477,18989,34020
477,18989,34021
477,18992,34030
477,18992,34029
477,19008,34077
477,19062,34246
477,19054,34203
477,19008,34078
477,19054,34238
398,17521,32290
398,17521,32291
398,17522,32294
477,19008,34079
398,17522,32293
398,17522,32295
477,19062,34247
398,17524,32300
398,17523,32296
398,17525,32302
398,17525,32303
398,17523,32297
477,19062,34211
398,17526,32306
398,17526,32307
398,17524,32299
398,17526,32308
398,17509,32251
398,17509,32250
398,17512,32260
398,17515,32271
398,17509,32252
398,17512,32259
398,17526,32305
398,17511,32256
398,17513,32263
398,17515,32270
398,17513,32262
398,17511,32257
398,17514,32268
398,17514,32266
398,17514,32265
398,17514,32267
398,17527,32312
366,17615,32470
366,17616,32472
398,17527,32311
398,17527,32313
366,17615,32469
366,17616,32474
398,17527,32310
366,17618,32478
366,17617,32475
366,17616,32473
366,17618,32479
366,17617,32476
366,17747,32534
366,17746,32530
366,17746,32529
366,17747,32533
366,17747,32532
366,17750,32541
366,17748,32537
366,17748,32535
366,17749,32538
366,17749,32539
366,17752,32547
366,17750,32542
366,17751,32544
366,17751,32545
366,17748,32536
366,17752,32548
366,17753,32551
366,17754,32555
366,17755,32558
366,17755,32556
366,17755,32557
366,17753,32550
366,17754,32553
372,16998,31512
372,16998,31511
366,17754,32554
372,17000,31517
372,16999,31516
366,17755,32559
372,17001,31520
372,17000,31518
372,16999,31515
372,16999,31514
372,17385,32025
372,17385,32026
372,17385,32027
372,17386,32028
372,17001,31521
372,17386,32029
372,17386,32030
372,17387,32032
372,17383,32020
372,17382,32018
372,17382,32017
372,17383,32019
372,17387,32031
372,17382,32016
372,17388,32035
372,17388,32036
372,17384,32023
372,17384,32022
372,17389,32038
372,17388,32034
372,17389,32037
372,17384,32024
372,17389,32039
372,17390,32041
372,17390,32040
372,17390,32042
372,17391,32043
372,17391,32045
376,16824,31207
376,16824,31208
372,17391,32044
376,16832,31231
376,16829,31223
376,16825,31211
376,16829,31224
376,16829,31222
376,16825,31210
376,16830,31226
376,16827,31217
376,16830,31225
376,16832,31232
376,16833,31234
376,16827,31216
376,16826,31213
376,16826,31214
376,16831,31228
376,16831,31229
376,16828,31219
376,16833,31236
376,16834,31237
376,16828,31220
376,16835,31240
376,16835,31241
376,16836,31243
429,17584,32424
376,16834,31238
376,16836,31244
376,16836,31245
429,17584,32425
429,17585,32428
376,16833,31235
376,16836,31247
429,17587,32433
429,17587,32435
429,17587,32434
429,17585,32427
429,17588,32436
429,17588,32438
429,17588,32437
429,17586,32430
429,17589,32439
429,17589,32440
429,17586,32431
429,17590,32444
429,17591,32446
376,16836,31246
429,17590,32442
429,17590,32443
429,17602,32465
429,17598,32455
429,17602,32466
429,17591,32445
429,17598,32454
426,15385,28342
429,17591,32447
429,17602,32467
429,17600,32462
429,17599,32457
429,17600,32460
429,17599,32459
426,15385,28343
426,15388,28351
429,17600,32463
429,17600,32461
429,17599,32458
426,15389,28354
426,15389,28355
426,15389,28356
426,15394,28370
426,15394,28369
426,15397,28379
426,15397,28378
426,15386,28346
426,15388,28352
426,15390,28358
426,15395,28372
426,15392,28364
426,15392,28365
426,15390,28357
426,15392,28363
426,15386,28345
426,15398,28383
426,15398,28382
426,15395,28373
426,15387,28349
426,15391,28360
426,15391,28361
426,15387,28348
426,15393,28366
426,15393,28367
426,15399,28385
426,15399,28384
426,15398,28381
426,15400,28387
426,15396,28375
426,15401,28390
426,15400,28388
426,15396,28376
426,15406,28405
426,15406,28406
426,15409,28414
426,15410,28417
426,15409,28415
426,15401,28391
426,15416,28435
426,15410,28418
426,15403,28397
426,15415,28433
426,15416,28436
426,15402,28394
426,15411,28420
426,15403,28396
426,15415,28432
426,15407,28409
426,15407,28408
426,15411,28421
426,15403,28398
426,15402,28393
426,15412,28424
426,15412,28423
426,15418,28442
426,15412,28425
426,15417,28439
426,15408,28411
426,15418,28441
426,15408,28413
426,15408,28412
426,15417,28438
426,15404,28400
426,15405,28402
426,15413,28426
426,15404,28399
426,15405,28403
426,15414,28429
426,15420,28448
426,15420,28447
426,15419,28445
426,15419,28444
426,15414,28430
426,15746,28981
426,15413,28427
426,15747,28984
426,15746,28982
426,15747,28985
426,15751,28997
426,15747,28986
426,15751,28996
426,15752,28999
426,15752,29000
426,15756,29011
426,15756,29012
426,15761,29027
426,15757,29014
426,15757,29015
426,15761,29026
426,15762,29029
426,15749,28991
426,15762,29030
426,15754,29005
426,15749,28990
426,15753,29002
426,15759,29022
426,15753,29003
426,15748,28989
426,15748,28987
426,15759,29020
426,15754,29006
426,15748,28988
426,15759,29021
426,15758,29017
426,15758,29018
426,15758,29019
426,15764,29035
426,15764,29036
426,15763,29032
426,15763,29033
426,15750,28993
426,15750,28994
426,15760,29023
426,15750,28995
426,15765,29038
426,15766,29041
426,15755,29008
426,15755,29009
426,15765,29039
426,15760,29024
426,15765,29040
426,15768,29047
426,15766,29042
426,15767,29044
426,15769,29051
426,15770,29053
426,15769,29050
426,15768,29048
426,15767,29045
426,15767,29046
426,15770,29055
426,15771,29056
426,15772,29061
426,15770,29054
426,15772,29062
441,17421,32092
441,17421,32091
426,15772,29060
426,15771,29057
441,17437,32142
441,17439,32148
441,17438,32145
441,17439,32147
441,17437,32141
441,17438,32146
441,17429,32115
441,17429,32116
441,17428,32112
441,17428,32114
441,17426,32106
441,17426,32107
441,17438,32144
441,17426,32108
441,17427,32110
441,17430,32118
441,17428,32113
441,17431,32121
441,17427,32109
441,17425,32103
441,17425,32105
441,17430,32119
441,17431,32123
441,17431,32122
441,17432,32124
441,17425,32104
441,17434,32130
441,17432,32125
441,17433,32129
441,17433,32127
423,16603,30844
441,17434,32132
441,17433,32128
423,16603,30845
441,17434,32131
423,16605,30850
441,17434,32133
423,16604,30849
423,16604,30847
423,16605,30851
423,16606,30854
423,16604,30848
423,16606,30853
423,16589,30800
423,16589,30801
423,16592,30809
423,16592,30810
423,16590,30803
423,16590,30804
423,16590,30805
423,16575,30757
423,16575,30756
423,16576,30759
423,16577,30762
423,16576,30760
423,16607,30856
423,16578,30765
423,16591,30806
423,16591,30808
423,16591,30807
423,16577,30764
423,16578,30767
423,16608,30859
423,16578,30766
423,16607,30857
423,16577,30763
423,16608,30860
423,16593,30813
423,16594,30815
423,16579,31118
423,16579,31117
423,16593,30812
423,16594,30816
423,16580,30772
423,16580,30773
423,16580,30771
423,16610,30865
423,16596,30822
423,16610,30866
423,16597,30825
423,16596,30823
423,16611,30869
423,16582,30777
423,16611,30868
423,16582,30778
423,16597,30824
423,16583,30782
423,16612,30871
423,16596,30821
423,16613,30875
423,16612,30872
423,16583,30780
423,16613,30874
423,16599,30830
423,16583,30781
423,16598,30828
423,16599,30831
423,16584,30784
423,16584,30783
423,16598,30827
423,16586,30790
423,16600,30834
423,16585,30787
423,16586,30789
423,16614,30877
423,16609,30863
423,16609,30862
423,16600,30833
423,16585,30786
423,16614,30878
423,16615,30880
423,16615,30881
423,16595,30819
423,16587,30792
423,16595,30818
423,16601,30836
423,16601,30837
423,16581,30775
423,16587,30793
423,16581,30774
423,16616,30883
423,16616,30884
423,16602,30840
423,16602,30839
423,16616,30886
423,16588,30796
423,16616,30885
423,16602,30841
423,16588,30795
423,16588,30797
365,16494,30647
365,16494,30646
423,16588,30798
365,16495,30649
365,16494,30648
365,16496,30653
365,16495,30650
365,16497,30655
365,16497,30656
365,16498,30658
365,16496,30652
365,16498,30659
365,16499,30663
365,16500,30665
365,16500,30664
365,16501,30667
365,16499,30662
365,16501,30668
365,16499,30661
365,16501,30669
365,16539,30709
365,16538,30706
365,16538,30708
365,16539,30711
365,16538,30707
365,17041,31609
365,17041,31610
365,16540,30712
365,16539,30710
365,16540,30713
365,17046,31620
365,16541,30716
365,16541,30715
365,16540,30714
365,17046,31621
365,17045,31617
365,17045,31618
365,17040,31607
365,17040,31606
365,17042,31612
365,17047,31623
365,17042,31613
365,17045,31619
365,17047,31624
371,13810,24516
371,13811,24518
371,13811,24519
371,13812,24522
371,13812,24521
371,13810,24515
371,13813,24525
371,13811,24520
371,13813,24524
371,13814,24527
371,13815,24531
371,13816,24533
371,13815,24530
371,13816,24534
371,13814,24528
371,13817,24536
371,13818,24539
371,13817,24537
371,13819,24543
371,13818,24540
371,13820,24545
371,13820,24546
371,13819,24544
371,13821,24548
371,13821,24549
371,13819,24542
371,13823,24555
371,13822,24551
371,13823,24554
371,13822,24552
371,13824,24558
371,13826,24563
371,13824,24557
371,13827,24566
371,13825,24561
371,13825,24560
371,13826,24564
371,13827,24567
371,13828,24570
371,13828,24569
371,13825,24562
371,13829,24573
371,13829,24572
371,13830,24575
371,13831,24578
371,13830,24576
371,13833,24584
371,13831,24579
371,13832,24581
371,13833,24585
371,13832,24582
371,13834,24588
371,13834,24587
371,13835,24590
371,13835,24591
371,13836,24594
371,13836,24593
371,13837,24597
371,13835,24592
371,13838,24599
371,13838,24600
371,13839,24602
371,13840,24606
371,13840,24605
371,13837,24596
371,13841,24608
371,13839,24603
371,13843,24615
371,13842,24611
371,13843,24614
371,13842,24612
371,13845,24620
371,13845,24621
371,13846,24624
371,13846,24623
371,13841,24609
371,13849,24632
371,13847,24626
371,13847,24627
371,13849,24633
371,13850,24636
371,13851,24639
371,13851,24638
371,13848,24629
371,13852,24641
371,13850,24635
371,13852,24643
371,13853,24645
371,13853,24644
371,13852,24642
371,13855,24650
371,13856,24654
371,13848,24630
371,13856,24653
371,13855,24651
371,13858,24660
371,13859,24662
371,13859,24663
371,13858,24659
371,13857,24657
371,13857,24656
371,13860,24666
371,13861,24668
371,13861,24669
371,13860,24667
371,13860,24665
371,13863,24674
371,13863,24675
371,13865,24680
371,13864,24678
371,13862,24671
371,13865,24681
371,13867,24687
371,13864,24677
371,13866,24683
371,13866,24684
371,13868,24689
371,13867,24688
371,13868,24690
371,13867,24686
371,13862,24672
371,13871,30986
371,13869,24693
371,13869,24692
371,13871,30985
371,13870,24695
371,13872,24701
371,13872,24702
371,13870,24696
371,13878,24716
371,13873,24706
371,13897,24774
371,13873,24705
371,13876,24710
371,13897,24773
371,13878,24717
371,13881,24726
371,13881,24725
371,13877,24713
371,13876,24711
371,13877,24714
371,13880,24723
371,13873,24704
371,13886,24741
371,13886,24740
371,13898,24776
371,13880,24722
371,13884,24734
371,13884,24735
371,13898,24777
371,13898,24778
371,13890,24752
371,13891,24756
371,13891,24755
371,13890,24754
371,13890,24753
371,13892,24760
371,13883,24731
371,13892,24758
371,13883,24732
371,13892,24759
371,13899,24780
371,13899,24779
371,13894,24764
371,13893,24761
371,13894,24765
371,13893,24762
371,13887,24743
371,13887,24744
371,13885,24737
371,13888,24746
371,13879,24719
371,13888,24748
371,13885,24738
371,13888,24747
371,13889,24750
371,13889,24749
371,13879,24720
371,13902,24789
371,13895,24768
371,13902,24788
371,13895,24767
371,13903,24791
371,13901,24786
371,13901,24787
371,13901,30988
371,13903,24792
371,13905,24798
371,13900,24782
371,13905,24797
371,13875,24708
371,13904,24794
371,13904,24795
371,13882,24729
371,13882,24730
371,13906,24802
371,13875,24707
371,13900,24783
371,13906,24800
371,13882,24728
371,13907,24803
371,13908,24806
371,13906,24801
371,13907,24804
371,13896,24771
371,13909,24809
371,13908,24807
371,13909,24810
371,13910,24812
371,13896,24770
371,13911,24815
371,13910,24813
371,13911,24817
371,13912,24819
371,13911,24816
371,13912,24818
371,13913,24822
371,13914,24824
371,13915,24827
371,13914,24826
371,13914,24825
371,13916,24830
371,13915,24828
371,13916,24832
371,13917,24833
371,13916,24831
371,13917,24834
371,13913,24821
371,13918,24836
371,13919,24841
371,13920,24844
371,13920,24842
371,13918,24837
371,13919,24839
371,13920,24843
371,13921,24846
371,13922,24848
371,13922,24849
371,13921,24845
371,13923,24852
371,13919,31131
371,13928,24866
371,13924,24855
371,13924,24854
371,13928,24867
371,13925,24858
371,13923,24851
371,13925,24857
371,13927,24864
371,13930,24872
371,13930,24874
371,13925,24859
371,13929,24870
371,13930,24873
371,13929,24871
371,13929,24869
371,13926,24862
371,13931,24876
371,13927,24863
371,13926,24860
371,13931,24875
371,13926,24861
371,13932,24879
371,13933,24881
371,13932,24878
371,13933,24882
371,13933,24883
371,13934,24885
371,13934,24884
371,16984,31467
371,16985,31470
371,16985,31471
371,16987,31476
371,16984,31468
371,16987,31477
371,16986,31473
371,16986,31474
371,16991,31488
371,16991,31489
371,16986,31475
371,16989,31482
371,16988,31480
371,16988,31479
371,16992,31491
371,16992,31493
371,16992,31492
371,16989,31484
371,16993,31494
371,16989,31483
371,16994,31498
371,16993,31495
371,16994,31497
371,16990,31485
371,16990,31486
371,16995,31501
371,16996,31504
371,16996,31503
371,16995,31500
397,16654,30908
371,16995,31502
371,16997,31508
397,16654,30909
397,16655,30912
397,16655,30911
371,16997,31507
397,16655,30913
397,16656,30915
371,16997,31506
397,16656,30914
397,16656,30916
397,16657,30918
397,16657,30917
397,16659,30924
397,16659,30923
397,16658,30921
397,16660,30926
397,16660,30927
397,16661,30929
397,16677,30944
397,16679,30951
397,16680,30953
397,16677,30945
397,16681,30956
397,16680,30954
397,16681,30957
397,16679,30950
397,16661,30930
397,16658,30920
397,16682,30960
397,16683,30964
397,16683,30963
397,16682,30961
397,16682,30959
397,16684,30966
397,16684,30965
397,16683,30962
397,16665,30936
397,16666,30938
397,16665,30935
397,16664,30932
397,16667,30942
397,16667,30941
397,16685,30969
397,16667,30943
397,16666,30939
397,16664,30933
397,16688,30977
397,16687,30974
397,16687,30975
397,16686,30972
397,16850,31283
397,16685,30968
397,16688,30978
397,16686,30971
397,16850,31315
397,16850,31316
397,17107,31664
397,17107,31663
397,17108,31666
397,17108,31667
397,17108,31668
397,17107,31665
397,17018,31554
397,17018,31555
397,17018,31556
397,17109,31669
397,17019,31557
397,17019,31558
397,17110,31673
397,17015,31545
397,17109,31671
397,17016,31548
397,17109,31670
397,17015,31546
397,17016,31549
397,17126,31690
397,17126,31691
397,17021,31560
397,17017,31551
397,17022,31563
397,17110,31672
397,17021,31561
397,17128,31696
397,17022,31564
397,17128,31698
397,17128,31697
397,17017,31552
397,17129,31701
397,17172,31748
397,17023,31566
397,17129,31842
397,17129,31699
397,17210,31775
397,17023,31567
397,17210,31776
397,17203,31767
397,17172,31749
397,17203,31769
397,17203,31768
397,17209,31770
397,17209,31771
421,17034,31595
421,17033,31592
421,17036,31601
421,17033,31593
421,17036,31602
421,17146,31712
421,17034,31596
421,17035,31599
421,17035,31598
421,17146,31713
421,17148,31718
421,17148,31719
421,17149,31721
421,17148,31720
421,17147,31715
421,17149,31723
421,17149,31722
422,17026,31570
422,17026,31569
422,17027,31572
422,17028,31575
422,17028,31576
422,17027,31573
422,17029,31578
422,17029,31579
421,17147,31716
422,17029,31580
422,17031,31584
422,17030,31582
422,17031,31585
395,16867,31294
395,16866,31291
422,17030,31581
422,17032,31589
422,17032,31588
395,16867,31295
395,16866,31292
395,16868,31297
395,16868,31298
395,16869,31301
395,16869,31302
395,16870,31304
395,16869,31300
422,17032,31587
395,16870,31303
395,16871,31306
395,16872,31310
395,16872,31309
395,16870,31305
395,16873,31312
395,16873,31313
395,17081,31646
395,16871,31307
395,17081,31645
395,16873,31754
395,17080,31642
395,17079,31639
395,17079,31640
395,17080,31643
395,17078,31808
395,17214,31778
395,17214,31779
395,17078,31637
395,17215,31782
395,17153,31728
395,17154,31730
395,17154,31729
395,17215,31781
395,17153,31726
395,17154,31731
395,17324,31927
395,17324,31928
395,17325,31930
395,17324,31929
395,17153,31727
395,17325,31931
395,17327,31936
395,17363,32008
395,17325,31932
395,17326,31933
395,17363,32009
395,17327,31937
395,17326,31934
432,17222,31784
395,17362,32005
395,17326,31935
432,17222,31785
395,17362,32006
395,17362,32007
432,17223,31788
432,17223,31787
432,17224,31790
432,17224,31792
432,17225,31793
432,17225,31794
432,17328,31939
432,17328,31941
432,17329,31943
432,17328,31940
432,17349,32000
452,17226,31796
432,17349,32001
432,17349,32002
452,17226,31797
432,17349,32003
432,17224,31791
452,17227,31799
452,17228,31803
452,17228,31802
432,17329,31942
452,17229,31805
452,17322,31922
452,17229,31806
452,17227,31800
452,17323,31924
452,17323,31925
452,17322,31921
452,17227,31801
452,17347,31993
452,17348,31997
452,17348,31996
452,17348,31995
452,17348,31998
452,17347,31992
440,17309,31904
440,17307,31900
440,17306,31897
440,17308,31902
440,17308,31901
440,17309,31903
440,17311,31907
440,17312,31909
440,17306,31898
440,17312,31910
440,17307,31899
440,17313,31912
440,17310,31906
440,17310,31905
440,17311,31908
440,17313,31911
440,17316,31918
440,17315,31916
440,17314,31914
440,17314,31913
440,17316,31917
440,17317,31920
440,17317,31919
399,14371,25695
440,17315,31915
399,14371,25696
399,14373,25701
399,14371,25697
399,14375,31809
399,14375,25707
399,14375,31810
399,14376,31818
399,14378,25713
399,14377,25709
399,14373,25702
399,14378,25712
399,14377,25711
399,14376,25708
399,14379,25715
399,14379,31834
399,14377,25710
399,14383,25721
399,14381,25718
399,14381,25719
399,14379,31835
399,14383,25723
399,14381,25717
399,14383,25722
399,14384,25725
399,14384,25724
399,14384,25727
364,15657,28778
364,15656,28775
364,15657,28779
399,14384,25728
399,14384,25726
364,15659,28785
364,15656,28777
364,15656,28776
364,15658,28781
364,15655,28773
364,15660,28787
364,15659,28784
364,15655,28772
364,15658,28783
364,15658,28782
364,15660,28788
364,15661,28790
364,15662,28794
364,15661,28791
364,15662,28793
364,15665,28803
364,15665,28802
364,15663,28796
364,15666,28805
364,15666,28806
364,15663,28797
364,15664,28800
364,15664,28799
364,15736,28964
364,15736,28965
364,15741,28976
364,15735,28963
364,15740,28972
364,15735,28961
364,15735,28962
364,15741,28975
364,15737,28967
364,15737,28968
364,15740,28974
364,15742,28979
364,15742,28978
364,15742,28980
375,15989,29596
375,15866,29228
375,15866,29227
375,15989,29597
375,15871,29243
375,15870,29240
375,15871,29242
375,15870,29239
375,15870,29241
364,15740,28973
375,15874,29252
375,15875,29256
375,15874,29251
375,15876,29258
375,15875,29254
375,15872,29245
375,15872,29246
375,15875,29255
375,15876,29257
375,15877,29261
375,15878,29264
375,15878,29263
375,15877,29260
375,15880,29269
375,15879,29266
375,15881,29273
375,15880,29270
375,15879,29267
375,15883,29279
375,15881,29272
375,15883,29278
375,15884,29282
375,15885,29284
375,15885,29285
375,15884,29281
375,15886,29287
375,15886,29288
375,15888,29293
375,15889,29296
375,15888,29294
375,15887,29291
375,15889,29298
375,15887,29292
375,15891,29302
375,15889,29297
375,15891,29303
375,15887,29290
375,15892,29306
375,15892,29305
375,15893,29308
375,15894,29312
375,15894,29311
375,15893,29309
375,15895,29315
375,15895,29314
375,15896,29318
375,15891,29304
375,15896,29319
375,15899,29327
375,15896,29317
375,15899,29326
375,15902,29335
375,15900,29329
375,15900,29330
375,15902,29336
375,15901,29333
375,15900,29331
375,15903,29338
375,15901,29332
375,15903,29339
375,15905,29344
375,15903,29340
375,15904,29341
375,15904,29342
375,15906,29347
375,15906,29348
375,15908,29354
375,15910,29360
375,15905,29345
375,15908,29353
375,15912,29365
375,15907,29350
375,15910,29359
375,15912,29366
375,15914,29371
375,15915,29374
375,15914,29372
375,15907,29351
375,15915,29375
375,15918,29384
375,15919,29386
375,15918,29383
375,15914,29373
375,15917,29382
375,15921,29393
375,15921,29392
375,15922,29395
375,15917,29381
375,15917,29380
375,15919,29387
375,15922,29396
375,15923,29399
375,15924,29401
375,15924,29402
375,15923,29398
375,15927,29410
375,15926,29408
375,15926,29407
375,15927,29411
375,15924,29403
375,15928,29414
375,15932,29425
375,15928,29413
375,15929,29417
375,15930,29419
375,15931,29424
375,15929,29416
375,15931,29422
375,15930,29420
375,15935,29434
375,15931,29423
375,15934,29432
375,15934,29431
375,15937,29440
375,15935,29435
375,15936,29437
375,15932,29426
375,15937,29441
375,15938,29443
375,15939,29446
375,15938,29444
375,15939,29447
375,15940,29449
375,15936,29438
375,15940,29450
375,15942,29456
375,15942,29455
375,15944,29462
375,15943,29460
375,15944,29461
375,15943,29459
375,15945,29465
375,15946,29467
375,15946,29468
375,15945,29464
375,15945,29466
375,15943,29458
375,15950,29479
375,15953,30191
375,15950,29480
375,15948,29473
375,15954,29492
375,15956,29497
375,15948,29474
375,15957,29501
375,15956,29498
375,15954,29491
375,15957,29500
375,15958,29503
375,15958,29504
375,15953,29489
375,15959,29506
375,15959,29507
375,15962,29515
375,15961,29512
375,15960,29509
375,15963,29518
375,15959,29508
375,15960,29510
375,15961,29514
375,15965,29524
375,15962,29516
375,15961,29513
375,15967,29530
375,15963,29519
375,15966,29527
375,15966,29529
375,15966,29528
375,15967,29531
375,15967,29532
375,15965,29525
375,15968,29534
375,15968,29533
375,15969,29537
375,15969,29536
375,15970,29541
375,15970,29540
375,15970,29539
375,15971,29542
375,15971,29543
375,15973,29549
375,15972,29546
375,15972,29545
375,15973,29550
375,15973,29548
375,15977,29560
375,15976,29557
375,15976,29558
375,15977,29561
375,15976,29559
375,15979,29566
375,15979,29567
375,15980,29569
375,15982,29575
375,15981,29572
375,15982,29576
375,15981,29573
375,15980,29570
375,15983,29579
375,15983,29578
375,15984,29582
375,15984,29581
375,15986,29587
375,15992,29606
375,15986,29588
375,15991,29602
375,15988,29594
375,15978,29563
375,15991,29604
375,15992,29605
375,15988,29593
375,15991,29603
375,15978,29564
375,15868,29233
375,15890,29299
375,15890,29300
375,15898,29323
375,15911,29362
375,15925,29404
375,15925,29405
375,15933,29428
375,15868,29234
375,15911,29363
375,15933,29429
375,15941,29452
375,15898,29324
375,15941,29453
375,15916,29378
375,16009,29656
375,16013,29668
375,15920,29389
375,15916,29377
375,15920,29390
375,16013,29669
375,16009,29657
375,16027,29711
375,16027,29710
375,16016,29678
375,16042,29756
375,16016,29677
375,16049,29776
375,15993,29608
375,16049,29777
375,15993,30192
375,15994,29611
375,15994,29612
375,15995,29614
375,16042,29755
375,15995,29615
375,15996,29618
375,15996,29617
375,15997,29620
375,15995,29616
375,15997,29621
375,16001,29633
375,15999,29627
375,15998,29623
375,15998,29624
375,16001,29632
375,16000,29630
375,16000,29629
375,16002,29635
375,15999,29626
375,16002,29636
375,16005,29644
375,16003,29638
375,16003,29639
375,16003,29640
375,16004,29641
375,16006,29647
375,16005,29645
375,16006,29648
375,16004,29642
375,16007,29651
375,16007,29650
375,16008,29654
375,16008,29653
375,16010,30338
375,16010,29661
375,16010,29660
375,16011,29662
375,16012,29665
375,16011,29663
375,16014,29672
375,16012,29666
375,16014,29671
375,16017,30339
375,16012,29667
375,16015,29675
375,16015,29674
375,16017,30340
375,16018,29683
375,16018,29684
375,16019,29686
375,16019,29687
375,16020,29690
375,16020,29689
375,16021,29693
375,16021,29692
375,16022,29695
375,16022,29696
375,16022,29697
375,16023,29699
375,16026,29708
375,16023,29698
375,16026,29707
375,16025,29704
375,16021,29694
375,16025,29705
375,16028,29713
375,16028,29714
375,16024,29701
375,16024,29702
375,16029,29716
375,16030,29719
375,16032,29725
375,16031,29722
375,16030,29720
375,16029,29717
375,16031,29723
375,16032,29726
375,16033,29729
375,16033,29728
375,16034,29732
375,16034,29731
375,16033,29730
375,16035,29736
375,16035,29735
375,16036,29737
375,16036,29738
375,16035,29734
375,16037,29742
375,16037,29740
375,16038,29744
375,16039,29746
375,16038,29743
375,16037,30337
375,16039,29747
375,16041,29753
375,16041,29752
375,16040,29750
375,16040,29751
375,16040,29749
375,16043,29759
375,16043,29758
375,16044,29761
375,16044,29762
375,16045,29764
375,16047,29770
375,16045,29765
375,16046,29768
375,16046,29769
375,16046,29767
375,16048,29774
375,16047,29771
375,16048,29773
375,16050,29780
375,16048,29775
375,16050,29779
375,16051,29782
375,16051,29783
375,16052,29786
375,16052,29785
375,16053,29788
375,16055,29794
375,16053,29789
375,16054,29791
375,16052,29787
375,16056,29798
375,16054,29792
375,16055,29795
375,16056,29797
375,16238,30193
375,16238,30194
375,16242,30205
375,16240,30199
375,16240,30200
375,16240,30201
375,16241,30204
375,16241,30203
375,16241,30202
375,16243,30208
375,16242,30206
375,16243,30209
375,16244,30212
375,16244,30211
375,16246,30217
375,16244,30213
375,16245,30216
375,16245,30214
375,16246,30218
375,16245,30215
375,16247,30220
375,16247,30221
375,16247,30222
375,16248,30225
375,16249,30226
375,16248,30223
375,16249,30227
375,16248,30224
375,16250,30230
375,16251,30232
375,16250,30229
375,16252,30236
375,16252,30235
375,16256,30247
375,16251,30234
375,16251,30233
375,16255,30244
375,16255,30245
375,16253,30238
375,16254,30242
375,16253,30239
375,16254,30241
375,16256,30248
375,16258,30253
375,16257,30251
375,16257,30250
375,16258,30254
375,16259,30256
375,16258,30255
375,16257,30252
375,16259,30258
375,16259,30257
375,16260,30261
375,16260,30260
375,16260,30259
375,16261,30262
375,16261,30264
375,16262,30266
375,16262,30265
375,16263,30268
375,16263,30269
375,16263,30270
375,16264,30273
375,16264,30271
375,16264,30272
375,16265,30274
375,16265,30275
375,16265,30276
375,16266,30278
375,16266,30277
375,16267,30280
375,16261,30263
375,16267,30281
375,16268,30373
375,16268,30283
375,16268,30284
375,16269,30286
375,16278,30313
375,16269,30287
375,16272,30296
375,16272,30295
375,16277,30311
375,16278,30314
375,16270,30289
375,16270,30290
375,16277,30310
375,16284,30331
375,16284,30332
375,16275,30305
375,16276,30307
375,16275,30304
375,16276,30308
375,16283,30328
375,16283,30329
375,16274,30302
375,16274,30301
375,16285,30334
375,16271,30293
375,16271,30292
375,16280,30320
375,16280,30319
375,16274,30303
375,16285,30335
375,16285,30336
375,16281,30323
375,16281,30322
375,16282,30325
375,16282,30326
375,16326,30410
375,16279,30316
375,16279,30317
375,16273,30299
375,16279,30318
375,16326,30411
375,16273,30298
375,16327,30413
375,16327,30414
375,16329,30419
375,16328,30416
375,16329,30420
375,16330,30422
375,16331,30425
375,16328,30417
375,16330,30423
375,16330,30424
375,16331,30427
375,16332,30428
375,16332,30429
375,16332,30430
375,16333,30431
375,16331,30426
375,16333,30432
375,16334,30436
375,16335,30439
375,16335,30438
375,16334,30435
375,16335,30437
375,16334,30434
375,16336,30441
375,16477,30601
375,16337,30443
375,16477,30600
375,16337,30444
375,16478,30603
375,16337,30445
375,16478,30604
375,16480,30609
375,16480,30610
375,16336,30440
375,16479,30607
375,16481,30612
375,16479,30608
375,16481,30613
375,16482,30615
375,16482,30617
375,16482,30616
375,16483,30620
392,16118,29955
375,16483,30619
375,16483,30618
392,16118,29956
392,16119,29958
392,16118,30370
392,16119,29959
392,16120,29962
392,16122,29967
375,16483,30621
392,16119,29960
392,16120,29961
392,16122,29968
392,16123,29971
392,16123,29970
392,16124,29973
392,16123,29972
392,16124,29974
392,16126,29980
392,16125,29977
392,16125,29976
392,16127,29982
392,16126,29979
392,16127,29983
392,16129,29988
392,16129,29990
392,16128,29985
392,16128,29986
392,16130,29991
392,16130,29992
392,16129,29989
392,16130,29993
392,16135,30006
392,16132,29998
392,16135,30007
392,16132,29997
392,16134,30003
392,16131,29994
392,16131,29995
392,16136,30009
392,16136,30010
392,16134,30004
392,16137,30012
392,16137,30013
392,16138,30016
392,16138,48176
392,16140,30021
392,16140,30022
392,16138,30015
392,16141,30025
392,16141,30024
392,16142,30027
392,16143,30030
392,16139,30018
392,16142,30028
392,16144,30033
392,16139,30019
392,16144,30034
392,16145,30036
392,16143,30031
392,16146,30039
392,16146,30040
392,16147,30043
392,16145,30037
392,16147,30042
392,16148,30045
392,16149,30048
392,16149,30049
392,16148,30046
392,16149,30050
392,16159,30078
392,16159,30080
392,16159,30079
392,16165,30096
392,16150,30052
392,16150,30051
392,16151,30056
392,16165,30097
392,16151,30054
392,16151,30055
392,16152,30058
392,16152,30059
392,16153,30061
392,16152,30057
392,16155,30066
392,16156,30069
392,16153,30060
392,16154,30063
392,16154,30065
392,16154,30064
392,16156,30070
392,16157,30073
392,16155,30067
392,16158,30075
392,16157,30072
392,16158,30076
392,16160,30082
392,16161,30084
392,16161,30085
392,16162,30087
392,16160,30081
392,16162,30088
392,16162,30089
392,16163,30090
392,16163,30091
392,16167,30102
392,16166,30099
392,16168,30106
392,16166,30100
392,16166,30101
392,16167,30103
392,16169,30108
392,16169,30109
392,16170,30113
392,16170,30111
392,16170,30112
392,16171,30116
392,16171,30114
392,16168,30105
392,16172,30117
392,16173,30120
392,16172,30118
392,16171,30115
392,16173,30121
392,16462,30586
392,16461,30584
392,16461,30599
392,16461,30583
392,16172,30119
392,16462,30588
392,16462,30587
392,16463,30590
392,16463,30589
392,16463,30591
392,16487,30626
392,16464,30593
392,16487,30627
392,16464,30592
392,16486,30625
392,16488,30629
392,16488,30630
392,16489,30633
392,16486,30624
392,16490,30635
392,16486,30623
392,16491,30639
392,16491,30638
392,16490,30636
392,16489,30632
392,16492,30641
420,15712,28904
420,15713,28905
420,15713,28906
392,16492,30643
420,15712,28903
392,16492,30642
420,15712,28902
420,15714,28908
420,15714,28909
392,16492,30644
420,15715,28911
420,15715,28912
420,15715,28913
420,15716,28915
420,15717,28917
420,15716,28914
420,15719,28923
420,15719,28924
420,15722,28932
420,15721,28929
420,15727,28948
420,15727,28947
420,15728,28950
420,15728,28951
420,15730,28957
420,15729,28955
420,15729,28953
420,15729,28954
420,15730,28956
420,15811,29116
420,15812,29119
420,15812,29120
420,15813,29123
420,15811,29117
420,15813,29122
420,15815,29129
420,15815,29128
420,15816,29131
420,15816,29132
420,15816,29133
420,15814,29127
420,15814,29125
420,15814,29126
420,15817,29134
420,15818,29137
420,15817,29135
420,15819,29140
420,15818,29138
420,15819,29141
420,15820,29143
420,15820,29144
420,15820,29145
420,15823,29152
420,15823,29153
420,15824,29155
420,15824,29156
420,15825,29159
420,15825,29158
420,15823,29154
420,15825,29160
420,15826,29161
420,15826,29162
420,16193,30136
420,16194,30139
420,16193,30137
420,16194,30140
420,16195,30142
420,16195,30143
420,16194,30141
420,16195,30144
420,16197,30148
420,16196,30145
420,16196,30147
420,16196,30146
420,16200,30157
420,16199,30155
420,16197,30149
420,16199,30154
420,16200,30158
420,16217,30181
420,16216,30177
420,16216,30178
420,16215,30174
420,16215,30175
420,16218,30183
420,16299,30360
420,16297,30353
420,16299,30359
420,16217,30180
420,16297,30354
420,16298,30358
420,16557,30721
420,16298,30357
420,16298,30356
420,16557,30722
420,16558,30725
420,16559,30728
420,16559,30727
420,16556,30719
420,16556,30718
420,16558,30724
420,16561,30733
420,16561,30734
420,16560,30730
420,16560,30731
420,16560,30732
420,16562,30736
420,16562,30737
420,16563,30739
420,16563,30740
420,16563,30741
433,16570,30744
433,16570,30745
433,16571,30748
433,16572,30750
433,16571,30747
433,16573,30754
433,16572,30751
433,16571,30749
433,16573,30753
433,16573,30755
433,16704,31013
433,16704,31012
433,16705,31015
433,16706,31018
433,16706,31019
433,16705,31016
433,16707,31022
433,16707,31021
431,16697,30989
431,16697,30990
431,16698,30992
433,16707,31024
433,16707,31023
431,16698,30993
433,16707,31025
431,16700,30998
431,16701,31001
431,16700,30999
431,16701,31002
431,16699,30996
431,16702,31004
431,16699,30995
431,16699,30997
431,16702,31005
383,14314,25564
383,14313,25562
431,16703,31008
431,16703,31007
383,14313,25561
383,14314,25565
383,14315,25567
383,14315,25568
383,14316,25570
383,14316,25571
383,14319,25580
383,14319,25579
383,14317,25573
383,14320,25582
383,14317,25574
383,14317,25575
383,14320,25583
383,14320,25584
383,14321,25586
383,14322,25588
383,14321,25585
383,14322,25589
383,14323,25591
383,14323,25592
383,14324,25594
383,14324,25595
383,14325,25597
383,14326,25600
383,14325,25598
383,14347,25631
383,14343,25620
383,14343,25619
383,14326,25602
383,14326,25601
383,14347,25632
383,14350,25640
383,14348,25634
383,14348,25636
383,14348,25635
383,14350,25641
383,14351,25643
383,14351,25644
383,14352,25647
383,14352,25646
383,14353,25650
383,14352,25648
383,14353,25649
383,14354,25653
383,14353,25651
383,14354,25652
383,14355,25655
383,14355,25656
383,14356,25658
383,14356,25660
383,14356,25659
383,14357,25662
383,14357,25661
383,14360,25671
383,14357,25663
383,14363,25676
383,14359,25667
383,14363,25675
383,14358,25664
383,14358,25665
383,14360,25670
383,14359,25668
383,14364,25678
383,14363,25677
383,14364,25679
383,14367,25684
383,14364,25680
383,14367,25685
383,14367,25683
383,14369,25687
383,14369,25688
383,14370,25690
383,14370,25691
383,14370,25692
370,14537,25988
370,14538,25992
370,14538,25991
383,14370,25693
370,14539,25994
370,14537,25989
370,14539,25995
370,14541,26001
370,14540,25997
370,14542,26003
370,14540,25998
370,14541,26000
370,14543,26006
370,14542,26004
370,14543,26007
370,14544,26010
370,14545,26012
370,14544,26009
370,14545,28292
370,14546,26016
370,14546,26015
370,14547,26018
370,14549,26024
370,14548,26021
370,14548,26022
370,14547,26019
370,14549,26025
370,14550,26029
370,14550,26027
370,14550,26028
370,14552,26033
370,14554,26040
370,14551,26031
370,14553,26036
370,14551,26030
370,14553,26037
370,14552,26034
370,14555,26043
370,14554,26039
370,14554,26041
370,14555,26042
370,14557,26048
370,14557,26049
370,14556,26045
370,14556,26046
370,14556,26047
370,14558,26051
370,14558,26052
370,14559,26054
370,14559,26055
370,14560,26058
370,14562,26064
370,14562,26063
370,14560,26057
370,14561,26060
370,14561,26061
370,14563,26067
370,14563,26066
370,14565,26072
370,14564,26070
370,14564,26069
370,14565,26073
370,14566,26076
370,14566,26075
370,14567,26078
370,14567,26079
370,14568,26081
370,14568,28293
370,14569,26084
370,14569,26085
370,14570,26087
370,14570,26088
370,14570,26089
370,14572,26093
370,14572,26094
370,14573,26096
370,14573,26097
370,14574,26100
370,14575,26103
370,14575,26102
370,14574,26099
370,14580,26117
370,14580,26118
370,14576,26106
370,14576,26105
370,14581,26120
370,14577,26109
370,14582,26124
370,14582,26123
370,14581,26121
370,14577,26108
370,14583,26127
370,14583,26126
370,14586,26135
370,14585,26132
370,14586,26136
370,14585,26133
370,14588,26141
370,14587,26139
370,14588,26142
370,14587,26138
370,14590,26148
370,14590,26147
370,14589,26145
370,14591,26150
370,14589,26144
370,14591,26151
370,14591,26152
370,14592,26153
370,14592,26154
370,14593,26157
370,14594,26160
370,14594,26159
370,14596,26165
370,14595,26162
370,14593,26156
370,14598,26171
370,14595,26163
370,14596,26167
370,14599,26175
370,14599,26174
370,14598,26172
370,14596,26166
370,14600,26178
370,14597,26169
370,14597,26168
370,14604,26189
370,14600,26177
370,14604,26190
370,14615,26224
370,14615,26222
370,14620,26237
370,14615,26223
370,14631,26271
370,14625,26253
370,14625,26252
370,14620,26238
370,14631,26270
370,14603,26186
370,14626,28294
370,14603,26187
370,14626,26256
370,14603,26188
370,14612,26213
370,14614,26220
370,14614,26219
370,14612,26214
370,14621,26240
370,14621,26241
370,14618,26231
370,14618,26232
370,14624,26249
370,14624,26250
370,14619,26235
370,14618,26233
370,14619,26234
370,14605,26192
370,14605,26193
370,14602,26183
370,14606,26196
370,14602,26184
370,14606,26195
370,14608,26202
370,14611,26210
370,14608,26201
370,14611,26211
370,14613,26217
370,14622,26243
370,14627,26258
370,14627,26259
370,14627,26260
370,14632,26273
370,14632,26274
370,14616,26226
370,14616,26225
370,14623,26246
370,14623,26247
370,14601,26181
370,14629,26265
370,14629,26264
370,14601,26180
370,14613,26216
370,14628,26262
370,14609,26204
370,14630,26267
370,14622,26244
370,14628,26261
370,14617,26229
370,14617,26228
370,14630,26268
370,14630,26269
370,14609,26205
370,14607,26199
370,14610,26209
370,14610,26208
370,14610,26207
370,14607,26198
370,14634,26279
370,14633,26277
370,14634,26281
370,14633,26276
370,14635,26282
370,14635,26283
370,14636,26285
370,14636,26286
370,14634,26280
370,14637,26289
370,14637,26288
370,14638,26293
370,14638,26291
370,14639,26295
370,14638,26292
370,14640,26297
370,14639,26294
370,14640,26298
370,14640,26299
370,14641,26300
370,14642,26304
370,14641,26302
370,14642,26303
370,14641,26301
370,14643,26306
370,14643,26307
370,14643,26308
370,14644,26309
370,14644,26310
370,14645,26313
370,14646,26315
370,14645,26312
370,14646,26316
370,14647,26318
370,14647,26319
370,14648,26322
370,14648,26321
370,13803,24494
370,13803,24495
370,13804,24497
370,13804,24498
370,13804,24499
370,13802,24491
370,13807,24506
370,13802,24492
370,13805,24501
370,13805,24500
370,13805,24502
370,13807,24507
370,13806,24503
370,13806,24505
370,13806,24504
370,13808,24509
370,13808,24510
370,13809,24512
370,15622,28705
370,15622,28704
370,13809,24513
370,15623,28707
370,15625,28713
370,15625,28714
370,15625,28715
370,15624,28710
370,15623,28709
370,15624,28711
370,15623,28708
370,15629,28725
370,15629,28726
370,15630,28729
370,15630,28728
370,15626,28716
370,15627,28719
370,15630,28730
370,15626,28717
370,15631,28731
370,15627,28720
370,15631,28733
370,15631,28732
370,15632,28734
370,15632,28735
370,15632,28736
370,15633,28737
370,15628,28722
370,15628,28723
370,15633,28738
370,15628,28724
370,15633,28739
370,15634,28740
370,15634,28742
396,15293,28173
370,15634,28741
370,15635,28746
396,15293,28174
370,15635,28743
396,15293,28175
370,15635,28744
370,15635,28745
396,15294,28176
396,15296,28182
396,15294,28177
396,15295,28179
396,15295,28180
396,15296,28183
396,15297,28185
396,15297,28186
396,15299,28191
396,15298,28188
396,15298,28189
396,15298,28190
396,15299,28192
396,15300,28194
396,15285,28149
396,15300,28195
396,15300,28196
396,15285,28150
396,15288,28159
396,15286,28152
396,15286,28153
396,15286,28525
396,15288,28158
396,15289,28162
396,15289,28161
396,15287,28155
396,15287,28156
396,15290,28164
396,15290,28165
396,15291,28167
396,15291,28168
396,15292,28170
396,15292,28171
396,15688,28873
396,15688,28874
396,15688,28875
396,15674,28829
396,15674,28831
396,15689,28876
396,15674,28830
396,15689,28877
396,15686,28868
396,15671,28820
396,15671,28821
396,15685,28864
396,15672,28824
396,15686,28867
396,15685,28865
396,15690,28879
396,15672,28823
396,15672,28825
396,15690,28880
396,15691,28882
396,15676,28836
396,15691,28883
396,15676,28835
396,15677,28838
396,15677,28839
396,15692,28885
396,15687,28871
396,15687,28870
396,15692,29800
396,15678,28841
396,15673,28826
396,15678,28842
396,15673,28827
396,15693,28888
396,15693,28889
396,15679,28846
396,15694,28891
396,15679,28844
396,15679,28845
396,15693,28890
396,15694,28892
396,15680,28847
396,15680,28848
377,15831,29170
377,15832,29171
377,15831,29169
377,15833,29173
377,15834,29175
377,15832,29172
377,15833,29174
377,15834,29176
377,15835,29177
377,15835,29178
377,15836,29179
377,15837,29181
377,15836,29180
377,15837,29182
377,15838,29184
377,15838,29183
377,15841,29189
377,15839,29185
377,15841,29190
377,15840,29188
377,15839,29186
377,15842,29192
377,15842,29191
377,15840,29187
374,14981,27301
374,14981,27302
374,14949,27205
374,14954,27221
374,14953,27217
374,14954,27220
374,14953,27218
374,14949,27206
374,14956,27226
374,14956,27227
374,14957,27229
374,14957,27230
374,14959,27235
374,14958,27232
374,14960,27238
374,14958,27233
374,14959,27236
374,14960,27240
374,14960,27239
374,14961,27241
374,14961,27242
374,14962,27244
374,14962,27928
374,14963,27247
374,14963,27248
374,14964,27250
374,14964,27251
374,14965,27253
374,14965,27255
374,14965,27254
374,14966,27257
374,14966,27256
374,14969,27265
374,14969,27266
374,14971,27271
374,14970,27269
374,14970,27268
374,14971,27272
374,14972,27275
374,14973,27278
374,14973,27277
374,14972,27274
374,14975,27284
374,14976,27287
374,14975,27283
374,14978,27293
374,14974,27280
374,14976,27286
374,14974,27281
374,14979,27296
374,14979,27295
374,14978,27292
374,14982,27305
374,14980,27298
374,14982,27304
374,14983,27308
374,14983,27307
374,14984,27311
374,14985,27932
374,14980,27299
374,14984,27310
374,14986,27316
374,14985,27313
374,14986,27317
374,14987,27319
374,14987,27320
374,14986,27318
374,14988,27322
374,14988,27324
374,14988,27323
374,14989,27325
374,14989,27326
374,14990,27328
374,14990,27329
374,14992,27334
374,14992,27335
374,14994,27340
374,14993,27337
374,14993,27338
374,14994,27341
374,14996,27346
374,14995,27343
374,14995,27344
374,14994,27342
374,14996,27347
374,14997,27931
374,14998,27352
374,14997,27349
374,14998,27353
374,14999,27355
374,14999,27356
374,15000,27358
374,15000,27359
374,15002,27364
374,15005,27373
374,15004,27371
374,15001,27361
374,15005,27374
374,15002,27365
374,15004,27370
374,15001,27362
374,15007,27926
374,15007,27927
374,15009,27386
374,15010,27388
374,15008,27382
374,15008,27383
374,15009,27385
374,15007,27381
374,15010,27389
374,15011,27391
374,15011,27392
374,15014,27401
374,15014,27400
374,15011,27393
374,15012,27395
374,15012,27394
374,15016,27406
374,15014,27402
374,15016,27407
374,15016,27408
374,15017,27410
374,15017,27409
374,15018,27412
374,15018,27413
374,15019,27415
374,15019,27416
374,15020,27419
374,15021,27422
374,15020,27418
374,15023,27427
374,15021,27421
374,15021,27423
374,15023,27428
374,15025,27433
374,15025,27434
374,15026,27436
374,15026,27437
374,15027,27439
374,15027,27440
374,15031,27451
374,15028,27442
374,15031,27452
374,15028,27443
374,15034,27460
374,15034,27461
374,15039,27475
374,15033,27457
374,15037,27469
374,15037,27470
374,15037,27471
374,15033,27458
374,15039,27476
374,15040,27478
374,15041,27482
374,15040,27479
374,15042,27484
374,15042,27485
374,15041,27481
374,15043,27487
374,15045,27493
374,15043,27488
374,15045,27494
374,15046,27496
374,15046,27497
374,15047,27499
374,15047,27500
374,15048,27503
374,15048,27504
374,15046,27498
374,15048,27502
374,15049,27505
374,15049,27506
374,15051,27511
374,15050,27509
374,15051,27512
374,15050,27508
374,15052,27514
374,15052,27515
374,15053,27518
374,15054,27520
374,15053,27517
374,15054,27521
374,15055,27524
374,15055,27523
374,15056,27527
374,15056,27526
374,15057,27529
374,15059,27536
374,15058,27532
374,15057,27530
374,15058,27533
374,15061,27543
374,15061,27542
374,15061,27541
374,15066,27556
374,15059,27535
374,15063,27547
374,15067,27559
374,15068,27563
374,15066,27557
374,15067,27560
374,15068,27562
374,15063,27548
374,15068,27564
374,15070,27568
374,15069,27565
374,15071,27571
374,15070,27569
374,15071,27572
374,15072,27574
374,15069,27566
374,15072,27575
374,15073,27578
374,15073,27577
374,15076,27586
374,15074,27580
374,15076,27587
374,15076,27588
374,15030,27448
374,15074,27581
374,15030,27449
374,15032,27454
374,15032,27455
374,15134,27761
374,15134,27760
374,15115,27704
374,15115,27703
374,15101,27661
374,15101,27662
374,15111,27691
374,15093,27637
374,15111,27692
374,15114,27700
374,15093,27639
374,15114,27701
374,15093,27638
374,15131,27751
374,15131,27752
374,15131,27753
374,15084,27611
374,15084,27610
374,15097,27649
374,15102,27664
374,15097,27650
374,15102,27665
374,15077,27589
374,15130,27749
374,15128,27743
374,15132,27755
374,15132,27754
374,15130,27750
374,15128,27742
374,15077,27590
374,15130,27748
374,15078,27592
374,15078,27593
374,15079,27596
374,15081,27601
374,15079,27595
374,15080,27599
374,15080,27598
374,15081,27602
374,15086,27616
374,15086,27617
374,15094,27641
374,15090,27628
374,15100,27658
374,15100,27659
374,15090,27629
374,15106,27676
374,15094,27640
374,15137,27769
374,15137,27770
374,15106,27677
374,15095,27643
374,15138,27772
374,15139,27776
374,15138,27773
374,15139,27775
374,15095,27644
374,15082,27604
374,15082,27605
374,15085,27613
374,15083,27930
374,15083,27929
374,15085,27614
374,15088,27622
374,15087,27619
374,15088,27623
374,15087,27620
374,15091,27631
374,15089,27625
374,15089,27626
374,15091,27632
374,15092,27635
374,15092,27634
374,15103,27933
374,15096,27647
374,15096,27646
374,15104,27670
374,15104,27671
374,15105,27674
374,15105,27673
374,15103,27667
374,15107,27679
374,15107,27681
374,15107,27680
374,15108,27682
374,15109,27686
374,15108,27683
374,15109,27685
374,15112,27694
374,15112,27695
374,15116,27706
374,15112,27696
374,15117,27709
374,15116,27708
374,15117,27710
374,15118,27713
374,15116,27707
374,15118,27712
374,15118,27714
374,15119,27716
374,15119,27715
374,15120,27718
374,15120,27719
374,15122,27725
374,15122,27724
374,15120,27720
374,15123,27727
374,15124,27730
374,15123,27728
374,15125,27733
374,15124,27731
374,15125,27734
374,15125,27735
374,15126,27737
374,15126,27736
374,15127,27739
374,15127,27740
374,15129,27746
374,15129,27745
374,15136,27766
374,15133,27758
374,15133,27757
374,15135,27763
374,15135,27764
374,15099,27655
374,15136,27767
374,15099,27656
374,15099,27657
374,15110,27688
374,15110,27689
374,15113,27697
374,15140,27778
374,15113,27698
374,15146,27787
374,15144,27781
374,15140,27779
374,15144,27782
374,15145,27784
374,15145,27785
374,15146,27789
374,15146,27788
374,15147,27791
374,15147,27790
374,15148,27793
374,15148,27794
374,15150,27800
374,15149,27797
374,15149,27796
374,15150,27799
374,15151,27803
374,15150,27801
374,15152,27805
374,15151,27802
374,15152,27806
374,15153,27810
374,15152,27807
374,15153,27808
374,15153,27809
374,15154,27811
374,15155,27814
374,15154,27812
374,15155,27815
374,15156,27817
374,15156,27818
374,15157,27821
374,15159,27826
374,15158,27823
374,15158,27824
374,15159,27827
374,15157,27820
374,15162,27833
374,15162,27832
374,15160,27829
374,15163,27836
374,15160,27830
374,15164,27839
374,15164,27838
374,15164,27840
374,15166,27844
374,15165,27841
374,15165,27842
374,15163,27835
374,15167,27847
374,15189,27913
374,15189,27914
374,15178,27881
374,15178,27882
374,15178,27880
374,15186,27905
374,15186,27904
374,14827,26851
374,14827,26850
374,14828,26853
374,14827,26852
374,14829,26856
374,14829,26857
374,14828,26854
374,14830,26859
374,15301,28197
374,14830,26860
374,15303,28203
374,15302,28200
374,15302,28201
374,15303,28204
374,15301,28198
374,15304,28206
374,15304,28207
374,15306,28212
374,15306,28213
374,15305,28210
374,15305,28209
374,15307,28215
374,15307,28216
374,15307,28217
374,15308,28218
374,15308,28219
374,15308,28220
374,14834,26872
374,14834,26871
374,14833,26869
374,14834,26873
374,14837,26880
374,14835,26875
374,14836,26878
374,14833,26868
374,14835,26874
374,14836,26877
374,14836,26879
374,14837,26881
374,14837,26882
374,14838,26883
374,14838,26884
374,14839,26887
387,14883,27010
387,14883,27011
374,14838,26885
374,14839,26888
374,14839,26886
387,14886,27019
387,14884,27013
387,14884,27014
387,14886,27020
387,14887,27022
387,14888,27025
387,14888,27026
387,14887,27023
387,14890,27031
387,14890,27032
387,14892,27038
387,14892,27037
387,14890,27033
387,14893,27040
387,14894,27043
387,14893,27041
387,14894,27044
387,14896,27049
387,14896,27050
387,14897,27052
387,14897,27053
387,14898,28148
387,14898,27056
387,14896,27051
387,14899,27058
387,14899,27059
387,14899,27060
387,14900,27061
387,14900,27062
387,14901,27064
387,14901,27065
387,14901,27066
387,14904,27074
387,14905,27076
387,14904,27073
387,14903,27070
387,14902,27067
387,14902,27068
387,14903,27071
387,14903,27072
387,14905,27077
387,14906,27079
387,14908,27085
387,14907,27082
387,14907,27083
387,14906,27080
387,14910,27091
387,14909,27089
387,14906,27081
387,14909,27088
387,14910,27092
387,14911,27094
387,14911,27095
387,14913,27100
387,14912,27098
387,14912,27097
387,14913,27101
387,14915,27106
387,14915,27107
387,14914,27103
387,14916,27109
387,14917,27112
387,14914,27104
387,14917,27113
387,14916,27110
387,14918,27115
387,14918,27117
387,14919,27118
387,14918,27116
387,14921,27124
387,14919,27119
387,14920,27122
387,14920,27121
387,14921,27125
387,14922,27127
387,14922,27128
387,14924,27134
387,14923,27132
387,14924,27133
387,14923,27130
387,14923,27131
387,14924,27135
387,14926,27139
387,14927,27142
387,14928,27146
387,14925,27136
387,14927,27143
387,14926,27140
387,14928,27145
387,14925,27137
387,14928,27147
387,14930,27151
387,14929,27148
387,14930,27152
387,14931,27154
387,14932,27157
387,14932,27158
387,14929,27149
387,14931,27155
387,14931,27156
387,14935,27167
387,14933,27161
387,14933,27160
387,14935,27166
387,14936,27170
387,14936,27169
387,14936,27171
387,14944,27194
387,14944,27193
387,14946,27199
387,14945,27196
387,14946,27200
387,14944,27195
387,14945,27197
387,14947,27202
387,14947,27203
387,14947,27204
387,14937,27173
387,14937,27172
387,14938,27175
387,14938,27176
387,14939,27178
387,14940,27181
387,14939,27179
387,14940,27182
387,14941,27184
387,14941,27185
387,14942,27188
387,14942,27187
387,14941,27186
387,14943,27190
387,14943,27191
387,14943,29167
387,14943,27192
387,14943,29168
388,15225,27987
388,15223,27981
388,15223,27980
388,15224,27983
388,15222,27978
388,15224,27984
388,15225,27986
388,15222,27977
388,15227,27992
388,15226,27989
388,15229,27999
388,15228,27995
388,15227,27993
388,15228,27996
388,15226,27990
388,15229,27998
388,15231,28004
388,15230,28001
388,15231,28005
388,15230,28002
388,15231,28006
388,15232,28007
388,15232,28008
388,15233,28011
388,15233,28010
388,15234,28013
388,15236,28020
388,15235,28017
388,15234,28014
388,15235,28016
388,15235,28018
388,15236,28019
388,15238,28025
388,15237,28023
388,15237,28022
388,15238,28026
388,15240,28032
388,15239,28029
388,15239,28028
388,15241,28034
388,15240,28031
388,15241,28035
388,15242,28037
388,15242,28038
388,15243,28040
388,15243,28041
388,15244,28044
388,15244,28043
388,15245,28047
388,15245,28046
388,15249,28058
388,15248,28055
388,15247,28053
388,15247,28052
388,15248,28056
388,15246,28050
388,15246,28051
388,15249,28059
388,15250,28062
388,15246,28049
388,15252,28068
388,15250,28061
388,15251,28065
388,15252,28067
388,15251,28064
388,15251,28066
388,15253,28070
388,15253,28071
388,15254,28074
388,15254,28073
388,15255,28076
388,15254,28075
388,15255,28077
388,15256,28079
388,15256,28080
388,15256,28081
388,15258,28085
388,15258,28087
388,15257,28082
388,15257,28083
388,15259,28089
388,15259,28088
388,15258,28086
388,15260,28092
388,15260,28091
388,15261,28095
388,15261,28094
388,15263,28100
388,15262,28098
388,15262,28097
388,15263,28101
388,15264,28103
388,15265,28106
388,15265,28107
388,15264,28104
388,15264,28105
388,15266,28109
388,15266,28110
388,15267,28113
388,15267,28112
388,15269,28118
388,15268,28116
388,15268,28115
388,15270,28123
388,15270,28122
388,15269,28119
388,15270,28121
388,15271,28124
388,15272,28127
388,15271,28125
388,15274,28134
388,15273,28130
388,15274,28133
388,15275,28136
388,15272,28128
388,15273,28131
388,15275,28137
388,15275,28138
388,15277,28142
388,15276,28140
388,14864,26963
388,14864,26964
388,15276,28139
388,15277,28143
388,14865,26966
388,14865,26967
388,14866,26970
388,14867,26973
388,14866,26969
388,14866,26971
388,14870,26981
388,14867,26972
388,14870,26982
388,14871,26984
388,14872,26987
388,14871,26985
388,14873,26991
388,14873,26990
388,14872,26988
388,14874,26994
388,14874,26995
388,14874,26993
388,14875,26997
388,14875,26996
388,14876,26999
388,14876,27000
385,15516,28544
388,14876,27001
385,15516,28545
385,15516,28546
385,15518,28550
385,15519,28554
385,15518,28551
385,15517,28548
385,15517,28549
385,15519,28555
385,15517,28547
385,15519,28553
385,15520,28557
385,15520,28556
385,15521,28560
385,15521,28559
385,15522,28563
385,15522,28565
385,15522,28562
385,15522,28564
384,15364,28298
384,15363,28295
385,15522,28566
384,15363,28296
384,15364,28299
384,15365,28301
384,15365,28302
384,15368,28307
384,15366,28304
384,15368,28308
384,15366,28305
384,15369,28311
384,15370,28313
384,15369,28310
384,15370,28314
384,15371,28316
384,15371,28318
384,15371,28317
384,15371,28319
386,15214,27955
386,15214,27954
386,15216,27960
386,15215,27958
386,15215,27957
386,15216,27961
386,15217,27964
386,15217,27963
386,15219,27966
386,15219,27967
386,15220,27969
386,15220,27970
386,15221,27972
386,15221,27973
386,15221,27975
386,15221,27974
379,13984,24939
379,13983,24938
379,13985,24942
379,13983,24936
379,13982,24933
379,13982,24934
379,13983,24937
379,13982,24935
379,13985,24943
379,14011,25021
379,14010,25018
379,14011,25020
379,14012,25023
379,14010,25019
379,14013,25027
379,14012,25025
379,14012,25024
379,14013,25026
379,14015,25032
379,14017,25038
379,14015,25033
379,14014,25029
379,14016,25035
379,14014,25030
379,14016,25036
379,14019,25044
379,14017,25039
379,14018,25041
379,14018,25042
379,14018,25043
379,14019,25045
379,14020,25048
379,14020,25049
379,14020,25047
379,14533,25976
379,14535,25982
379,14534,25981
379,14534,25979
379,14533,25977
379,14535,25983
379,14534,25980
379,14533,25978
379,14536,25986
379,14536,25985
379,15375,28321
379,15377,28327
379,15375,28322
379,15376,28325
379,15376,28324
379,15377,28328
379,15378,28332
379,15378,28330
379,15378,28331
379,15378,28333
379,15378,28334
373,14125,25262
373,14126,25265
373,14124,25258
373,14126,25264
373,14125,25261
373,14128,25270
373,14127,25268
373,14124,25259
373,14127,25267
373,14130,25277
373,14129,25274
373,14128,25271
373,14131,25279
373,14129,25273
373,14131,25280
373,14132,25282
373,14132,25283
373,14130,25276
373,14133,25285
373,14133,25286
373,14134,25288
373,14133,25287
373,14134,25289
373,14283,25510
373,14283,25511
373,14284,25513
373,14284,25514
373,14286,25520
373,14285,25516
373,14286,25519
373,14285,25517
373,14289,25524
373,14289,25525
373,14289,25526
373,14290,25528
373,14290,25527
373,14293,25532
373,14295,25536
373,14293,25534
373,14295,25537
373,14290,28567
373,14293,25533
373,14296,25539
373,14296,25540
373,14296,25541
391,16063,29802
391,16063,29801
391,16065,29807
391,16064,29804
391,16064,29805
391,16065,29808
391,16066,29810
391,16068,29816
391,16068,29817
391,16067,29813
391,16069,29820
391,16069,29819
391,16066,29811
391,16067,29814
391,16069,29821
391,16072,29828
391,16070,29823
391,16071,29825
391,16070,29822
391,16073,29831
391,16072,29829
391,16071,29826
391,16074,29834
391,16073,29832
391,16075,29837
391,16076,29841
391,16077,29843
391,16074,29836
391,16075,29838
391,16074,29835
391,16077,29844
391,16076,29840
391,16078,29847
391,16078,29846
391,16080,29852
391,16079,29849
391,16080,29853
391,16079,29850
391,16081,29856
391,16081,29855
391,16083,29861
391,16082,29858
391,16084,29865
391,16082,29859
391,16084,29864
391,16086,29870
391,16085,29867
391,16083,29862
391,16085,29868
391,16087,29873
391,16086,29871
391,16087,29875
391,16088,29877
391,16088,29876
391,16090,29882
391,16087,29874
391,16102,29918
391,16090,29884
391,16090,29883
391,16092,29889
391,16094,29894
391,16092,29888
391,16091,29887
391,16091,29885
391,16094,29895
391,16101,29915
391,16103,29922
391,16102,29919
391,16091,29886
391,16103,29921
391,16101,29916
391,16106,29932
391,16106,29931
391,16106,29930
391,16097,29903
391,16099,29909
391,16095,29898
391,16095,29897
391,16095,29899
391,16097,29904
391,16099,29910
391,16105,29927
391,16104,29924
391,16104,29925
391,16105,29928
391,16110,29943
391,16110,29942
391,16096,29900
391,16096,29901
391,16098,29906
391,16098,29907
391,16096,29902
391,16100,29913
391,16100,29912
391,16100,29914
391,16107,29933
391,16107,29934
391,16108,29936
391,16109,29939
391,16108,29937
391,16108,29938
391,16109,29941
391,16109,29940
391,16312,30374
391,16312,30375
391,16312,30376
391,16313,30377
391,16313,30378
391,16314,30382
391,16316,30387
391,16314,30380
391,16315,30384
391,16314,30381
391,16315,30385
391,16315,30383
391,16316,30386
391,16317,30389
391,16317,30390
391,16317,30391
391,16318,30393
391,16319,30395
391,16318,30392
391,16319,30396
391,16323,30407
391,16323,30408
391,16321,30401
391,16322,30404
391,16321,30402
391,16322,30405
391,16320,30399
391,16323,30409
391,16320,30400
391,16320,30398
391,16510,30670
391,16510,30671
391,16510,30672
391,16511,30675
391,16512,30676
391,16511,30673
391,16512,30677
391,16511,30674
391,16513,30680
391,16514,30682
391,16513,30679
391,16514,30683
391,16515,30685
391,16515,30686
391,16516,30688
391,16516,30689
363,14082,25167
391,16516,30690
391,16516,30691
363,14083,25170
363,14082,25168
363,14083,25171
363,14084,25173
363,14085,25176
363,14084,25174
363,14085,25177
363,14088,25185
363,14086,25180
363,14086,25179
363,14088,25186
363,14089,25188
363,14087,25182
363,14087,25183
363,14090,25191
363,14087,25184
363,14089,25189
363,14091,25195
363,14090,25192
363,14092,25197
363,14092,25198
363,14091,25196
363,14091,25194
363,14093,25200
363,14093,25201
363,14095,25206
363,14094,25203
363,14095,25207
363,14096,25344
363,14095,25208
363,14096,25210
363,14094,25204
363,14097,25213
363,14097,25212
363,14098,25216
363,14098,25215
363,14098,25217
363,14101,25225
363,14101,25224
363,14103,25230
363,14103,25231
363,14105,25237
363,14105,25236
363,14099,25218
363,14099,25219
363,14104,25233
363,14103,25232
363,14100,25221
363,14104,25234
363,14100,25222
363,14102,25227
363,14102,25228
363,14204,25396
363,14205,25398
363,14205,25399
363,14204,25395
363,14202,25389
340,12661,22451
363,14206,25401
363,14202,25390
363,14203,25392
363,14203,25393
363,14206,25402
340,12662,22454
363,14207,25405
363,14207,25404
363,14207,25406
340,12661,22453
340,12662,22455
340,12669,22476
340,12669,22475
340,12670,22478
340,12670,22479
340,12661,22452
340,12670,22480
340,12665,22463
340,12665,22464
340,12673,22487
340,12673,22489
340,12673,22488
340,12663,22458
340,12663,22457
340,12663,22459
340,12671,22482
340,12671,22481
340,12666,22466
340,12666,22468
340,12674,22490
340,12674,22491
340,12674,22492
340,12664,22461
340,12664,22460
340,12672,22484
340,12672,22485
340,12664,22462
340,12672,22486
340,12675,22493
340,12675,22494
340,12675,22495
340,12675,22497
340,12676,22499
340,12675,22496
340,12676,22498
340,12677,22501
340,12677,22502
340,12667,22469
340,12667,22470
297,10523,18338
297,10311,17866
297,10314,17874
297,10314,17875
297,10311,17865
297,10312,17868
297,10312,17870
297,10312,17869
297,10313,17872
297,10313,17871
297,10313,17873
297,10316,17880
297,10316,17881
297,10315,17877
297,10315,17879
297,10315,17878
297,10318,17887
297,11946,21157
297,10318,17886
297,11947,21158
297,11947,21193
297,11946,21191
297,11948,21195
297,11948,21196
297,11948,21159
297,11950,21161
297,11950,21199
297,11950,21200
297,11951,21201
297,11952,21163
297,11952,21203
297,11951,21202
297,11953,21164
297,11953,21189
297,11951,21162
297,11954,21165
297,11954,21166
297,11955,21168
297,11955,21169
297,11955,21170
297,11956,21172
297,11957,21175
297,11956,21171
297,11958,21178
297,11958,21179
297,11958,21177
297,11957,21174
297,11959,21180
297,11959,21181
297,10322,17901
326,12076,21356
326,12077,21358
326,12079,21364
326,12079,21365
326,12078,21361
326,12081,21370
326,12081,21371
326,12080,21368
326,12080,21367
339,12397,21979
339,12397,21978
339,12397,21980
339,12399,21984
339,12398,21981
339,12398,21982
339,12400,21987
339,12400,21988
339,12399,21985
339,12401,21990
339,12400,21989
339,12401,21991
339,12402,21993
339,12401,21992
339,12402,21994
339,12403,21996
339,12404,21999
339,12405,22002
339,12403,21997
339,12404,22000
339,12405,22003
339,12407,22010
339,12406,22005
339,12407,22008
339,12407,22009
339,12406,22006
339,12408,22011
339,12408,22012
339,12409,22015
339,12409,22014
339,12409,22016
339,12410,22017
339,12410,22018
339,12412,22023
339,12411,22021
339,12411,22020
339,12412,22024
339,12413,22026
339,12413,22027
339,12417,22038
339,12413,22028
328,11662,20476
328,11666,20486
328,11663,20477
328,11665,20484
328,11663,20478
328,11667,20489
328,11665,20483
328,11664,20480
328,11664,20481
328,11666,20487
328,11670,20499
328,11670,20498
328,11668,20493
328,11667,20490
328,11671,20502
328,11668,20492
328,11675,20513
328,11674,20510
328,11674,20511
328,11671,20501
328,11653,20447
328,11648,20434
328,11648,20433
328,11653,20448
328,11648,20432
328,11656,20457
328,11656,20456
328,11669,20496
328,11669,20495
328,11675,20514
328,11669,20497
328,11672,20504
328,11615,20333
328,11672,20505
328,11616,20336
328,11615,20334
328,11616,20337
328,11618,20342
328,11617,20339
328,11617,20340
328,11618,20344
328,11619,20345
328,11620,20348
328,11619,20346
328,11618,20343
328,11620,20349
328,11621,20351
328,11621,20352
328,11622,20355
328,11622,20354
345,12872,22758
345,12874,22762
345,12873,22760
345,12957,22940
345,12874,22761
345,12960,22946
345,12957,22941
345,12961,22948
345,12959,22945
345,12958,22943
345,12961,22949
345,12958,22942
345,12960,22947
345,12959,22944
345,12962,22950
345,12962,22951
323,11056,19320
323,11055,19319
323,11055,19318
323,11055,19317
323,11056,19321
323,11056,19322
323,11058,19326
323,11057,19324
323,11057,19323
323,11059,19329
323,11058,19327
323,11060,19332
323,11059,19330
323,11060,19333
323,11061,19336
323,11061,19335
323,11062,19338
323,11068,19357
323,11062,19339
323,11068,19356
323,11070,19362
323,11071,19365
323,11070,19364
323,11069,19360
323,11069,19359
323,11070,19363
323,11072,19368
323,11071,19366
323,11072,19369
323,11066,19351
323,11074,19375
323,11074,19374
323,11073,19371
323,11073,19372
277,9397,16030
277,9396,16028
277,9397,16029
277,9398,16033
277,9398,16032
277,9400,16039
277,9399,16036
277,9400,16038
277,9399,16035
277,9398,16034
277,9401,16042
277,9519,16203
277,9401,16043
277,9401,16041
277,9517,16197
277,9517,16198
277,9516,16195
277,9518,16201
277,9516,16194
277,9518,16200
277,9519,16204
277,9522,16213
277,9523,16215
277,9518,16202
277,9522,16212
277,9523,16216
277,9526,16225
277,9526,16224
277,9529,16233
277,9526,16226
277,9529,16234
277,9529,16235
277,9530,16236
277,9530,16237
303,9841,16654
277,9530,16769
303,9841,16655
277,9530,16238
303,9842,16657
303,9842,16658
303,9843,16660
303,9844,16665
303,9843,16661
303,9844,16663
303,9844,16664
303,9856,16685
303,9857,16688
303,9856,16686
303,9857,16689
303,9856,16687
1825,278336,143442
1825,278334,143435
1825,278331,143427
1825,278331,143426
1825,278334,143436
1825,278335,143439
1825,278335,143438
1825,278336,143441
1825,278337,143444
1825,278337,143445
1747,271412,140455
1825,278337,143446
1747,271418,140458
1747,271414,140457
1747,271425,140462
1747,271413,140456
1747,271426,140463
1747,271437,140471
1747,271436,140470
1747,271433,140467
1747,271439,140473
1747,271432,140466
1747,271438,140472
1747,271423,140459
1747,271428,140465
1747,271441,140475
1747,271434,140468
1747,271440,140474
1747,271435,140469
1747,271442,140476
1747,271443,140477
984,99598,83803
984,99600,83811
984,99600,83809
984,99598,83804
984,99598,83805
984,99601,83812
984,99601,83813
984,99601,83814
984,99600,83810
984,99602,83815
984,99602,83816
984,99603,83818
984,99603,83819
984,99603,83820
984,107023,88590
984,107024,88593
984,107024,88594
984,107023,88591
984,107024,88595
984,107528,88807
984,107026,88600
984,107025,88597
984,107025,88596
984,107026,88601
984,107026,88599
984,107527,88804
984,107528,88809
984,107527,88805
984,107528,88808
984,107527,88806
882,96384,80994
882,96385,80995
882,96386,80996
882,96387,80997
972,96772,81117
972,96773,81118
972,96779,81124
799,66989,67783
972,96774,81119
972,96776,81121
972,96778,81123
972,96777,81122
972,96775,81120
799,68639,69654
799,68640,69657
799,68639,69655
799,68640,69658
799,68664,69730
799,68641,69661
799,68641,69660
799,68664,69729
799,68641,69662
799,68644,69670
799,68644,69669
799,68659,69714
799,68644,69671
799,68642,69663
799,68659,69715
799,68643,69666
799,68643,70014
799,68642,69664
799,68645,69672
799,68646,69675
799,68645,69673
799,68651,69691
799,68651,69690
799,68646,69676
799,68652,69693
799,68652,69694
799,68654,69699
799,68655,69703
799,68655,69702
799,68654,69700
799,68656,69707
799,68658,69712
799,68658,69711
799,68660,69717
799,68656,69706
799,68656,69705
799,68661,69720
799,68660,69718
799,68661,69721
799,68663,69728
799,68663,69726
799,68663,69727
799,68665,69732
799,68665,69734
799,68671,69750
799,68665,69733
799,68668,69741
799,68667,69738
799,68668,69742
799,68671,69751
799,68672,69753
799,68667,69740
799,68667,69739
799,68672,69754
799,68647,69678
799,68647,69679
799,68648,69681
799,68670,69748
799,68670,69747
799,68650,69688
799,68650,69687
799,68648,69682
799,68649,69684
799,68657,69708
799,68649,69686
799,68649,69685
799,68657,69709
799,68653,69696
799,68653,69697
799,68662,69723
799,68666,69735
799,68662,69724
799,68666,69736
799,68669,69744
799,68669,69745
799,68673,69756
799,68674,69759
799,68674,69760
799,68673,69757
799,68675,69762
799,68675,69763
799,68675,69764
799,68677,69768
799,68677,69769
799,68676,69765
799,68676,69766
799,68678,69772
799,68678,69771
799,68679,69774
799,68680,69777
799,68679,69775
799,68680,69778
799,68679,69776
799,68681,69781
799,68681,69780
799,68682,69784
799,68683,69788
799,68684,69791
799,68684,69789
799,68683,69787
799,68683,69786
799,68682,69783
799,68684,69790
799,68685,69792
799,68685,69793
799,68686,69796
799,68688,69801
799,68686,69795
799,68687,69800
799,68687,69799
799,68687,69798
799,68688,69802
799,68689,69804
799,68693,69817
799,68693,69816
799,68689,69805
799,68705,69853
799,68705,69852
799,68707,69859
799,68707,69858
799,68707,69860
799,68691,69812
799,68691,69810
799,68691,69811
799,68711,69871
799,68711,69870
799,68690,69808
799,68690,69807
799,68694,69821
799,68694,69819
799,68694,69820
799,68695,69822
799,68695,69823
799,68696,69825
799,68696,69826
799,68697,69828
799,68697,69829
799,68697,69830
799,68704,69849
799,68708,69862
799,68704,69850
799,68709,69865
799,68709,69864
799,68708,69863
799,68708,69861
799,68710,69867
799,68706,69855
799,68706,69856
799,68710,69868
799,68698,69831
799,68692,69815
799,68692,69813
799,68692,69814
799,68698,69832
799,68699,69834
799,68698,69833
799,68699,69836
799,68699,69835
799,68701,69840
799,68700,69837
799,68700,69838
799,68701,69841
799,68701,69842
799,68712,69873
799,68712,69875
799,68712,69874
799,68713,69876
799,68713,69878
799,68714,69880
799,68713,69877
799,68714,69879
799,68714,69881
799,68715,70440
799,68715,69883
799,68716,69886
799,68716,69885
799,68718,69892
799,68718,69891
799,68716,69887
799,68717,69888
799,68717,69889
799,68719,69894
799,68718,69893
799,68719,69895
799,68723,69906
799,68723,69907
799,68721,69900
799,68723,69908
799,68702,69843
799,68702,69845
799,68702,69844
799,68721,69901
799,68721,69902
799,68722,69904
799,68722,69903
799,68722,69905
799,68724,69910
799,68724,69909
799,68725,69913
799,68725,69912
799,68720,69898
799,68720,69899
799,68724,69911
799,68720,69897
799,68727,69918
799,68727,69919
799,68703,69846
799,68703,69847
799,68728,69922
799,68728,69921
799,68726,69915
799,68726,69916
799,68728,69923
799,68729,69925
799,68729,69924
799,68730,69927
799,68730,69928
799,68731,69932
799,68731,69930
799,68730,69929
799,68731,69931
799,69877,70808
799,69878,70811
799,69878,70812
799,69877,70809
799,69879,70814
799,69880,70818
799,69880,70817
799,69881,70820
799,69882,70823
799,69879,70816
799,69879,70815
799,69881,70822
799,69881,70821
799,69882,70824
799,70058,71131
799,70058,71132
799,70058,71130
799,70057,71127
799,70057,71129
799,70057,71128
799,70059,71133
799,70059,71135
799,70059,71134
799,70060,71137
799,70060,71136
799,70064,71146
799,70064,71145
799,70061,71140
799,70061,71139
799,70064,71147
799,70063,71144
799,70063,71143
799,70063,71142
799,70065,71149
799,70065,71148
799,70066,71153
799,70067,71154
799,70067,71156
799,70066,71152
799,70066,71151
799,70067,71155
799,70069,71160
799,70069,71161
799,70068,71158
799,70068,71157
799,70068,71159
799,70069,71162
799,70070,71164
799,70071,71166
799,70070,71163
799,70071,71167
799,70070,71165
799,70072,71169
799,70072,71170
799,70073,71172
799,70073,71174
799,70073,71173
799,70075,71178
799,70074,71176
799,70074,71175
799,70074,71177
799,70075,71179
799,70075,71180
799,70077,71184
799,70076,71182
799,70081,71196
799,70077,71185
799,70079,71191
799,70076,71181
799,70079,71190
799,70076,71183
799,70081,71197
799,70078,71187
799,70080,71193
799,70080,71194
799,77786,74748
799,70078,71188
799,77786,74747
799,77785,74746
799,77785,74744
799,77786,74749
799,77787,74750
799,77787,74751
799,77785,74745
799,77787,74752
799,77789,74756
799,77789,74757
799,77790,74760
799,77790,75938
799,77793,74770
799,77789,74758
799,77788,74754
799,77793,74771
799,77795,74778
799,77795,74776
799,77788,74753
799,77794,74774
799,77796,74780
799,77796,74779
799,77794,74773
799,77796,74781
799,77794,74775
799,77797,74782
799,77797,74783
799,77791,74763
799,77797,74784
799,77798,74786
799,77791,74762
799,77798,74785
799,77798,74787
799,77792,74765
799,77792,74768
799,77792,74767
799,77792,74766
799,77792,74769
854,68989,70178
854,68990,70181
854,68990,70180
854,68990,70182
854,68989,70177
854,68991,70185
854,68991,70183
854,68991,70184
854,68993,70190
854,68993,70189
854,68992,70187
854,68992,70186
854,68996,70198
854,68995,70195
854,68995,70197
854,68994,70192
854,68996,70200
854,68997,70201
854,68996,70199
854,68994,70193
854,68995,70196
854,68997,70203
854,68997,70202
854,68999,70207
854,68999,70208
854,68998,70204
854,68998,70205
854,69000,70210
854,69000,70211
854,69007,70231
854,69000,70212
854,69007,70232
854,69008,70235
854,69010,70240
854,69008,70234
854,69018,70265
854,69010,70241
854,69018,70264
854,69010,70242
854,69004,70223
854,69001,70213
854,69001,70214
854,69001,70215
854,69002,70216
854,69004,70222
854,69015,70256
854,69017,70261
854,69017,70263
854,69015,70255
854,69002,70217
854,69017,70262
854,69003,70219
854,69003,70220
854,69014,70252
854,69014,70253
854,69006,70228
854,69003,70221
854,69006,70229
854,69016,70258
854,69016,70259
854,69005,70225
854,69005,70226
854,69016,70260
854,69011,70244
854,69011,70243
854,69009,70239
854,69009,70238
854,69009,70237
854,69012,70248
854,69012,70247
854,69012,70246
854,69013,70249
854,69013,70250
854,79073,75813
854,79073,75793
854,79074,75794
854,79074,75812
854,79074,75811
854,79075,75795
854,79076,75817
854,79075,75816
854,79075,75815
854,79076,75796
854,79079,75803
854,79079,75819
854,79080,75804
854,79081,75805
854,79077,75797
854,79080,75821
854,79081,75823
854,79082,75808
854,79082,75806
854,79077,76131
854,79078,75798
854,79082,75807
850,68917,70015
854,79078,75799
850,68923,70024
850,68917,70016
854,79078,75801
850,68923,70025
850,68928,70036
854,79078,75800
850,68928,70037
850,68931,70045
850,68931,70046
850,68932,70048
850,68932,70049
850,68936,70061
850,68936,70060
850,68941,70070
850,68941,70069
850,68942,70072
850,68941,70071
850,68949,70091
850,68946,70084
850,68946,70085
850,68949,70090
850,68942,70073
850,68955,70105
850,68955,70106
850,68959,70117
850,68959,70118
850,68962,70126
850,68955,70107
850,68962,70127
850,68965,70136
850,68971,70144
850,68971,70145
850,68974,70154
850,68980,70159
850,68974,70153
850,68965,70135
850,68980,70160
850,68985,70174
850,68933,70051
850,68985,70175
850,68924,70027
850,68924,70028
850,68933,70052
850,68950,70094
850,68918,70018
850,68981,70162
850,68950,70093
850,68981,70163
850,68921,70021
850,68918,70019
850,68929,70040
850,68921,70022
850,68929,70039
850,68947,70087
850,68947,70088
850,68938,70063
850,68963,70129
850,68938,70064
850,68963,70130
850,68983,70168
850,68964,70133
850,68964,70132
850,68983,70169
850,68956,70108
850,68973,70151
850,68943,70075
850,68956,70110
850,68956,70109
850,68973,70150
850,68944,70079
850,68943,70076
850,68960,70121
850,68960,70120
850,68944,70078
850,68927,70034
850,68935,70057
850,68927,70033
850,68934,70055
850,68934,70054
850,68930,70043
850,68935,70058
850,68930,70042
850,68961,70124
850,68961,70123
850,68939,70066
850,68961,70125
850,68939,70067
850,68951,70096
850,68951,70097
850,68951,70098
850,68966,70138
850,68966,70139
850,68984,70171
850,68984,70172
850,68982,70165
850,68925,70031
850,68925,70030
850,68982,70166
850,68970,70141
850,68975,70156
850,68975,70158
850,68945,70081
850,68970,70142
850,68953,70099
850,68945,70082
850,68953,70100
850,68975,70157
850,68957,70111
850,68958,70114
850,68958,70115
850,68957,70112
850,69153,70278
850,68972,70148
850,69153,70279
850,69155,70281
850,68972,70147
850,69161,70297
850,69155,70282
850,69161,70296
850,69157,70288
850,69156,70284
850,69162,70299
850,69157,70287
850,69162,70301
850,69156,70285
850,69156,70286
850,69162,70300
850,69163,70302
850,69164,70305
850,69164,70306
850,69163,70303
850,69168,70315
850,69169,70317
850,69168,70316
850,69168,70314
850,69169,70318
850,69170,70320
850,69170,70321
850,69170,70322
850,69171,70323
850,69171,70324
850,69171,70325
850,69182,70356
850,69180,70351
850,69180,70350
850,69182,70357
850,69184,70362
850,69181,70353
850,69181,70354
850,69183,70359
850,69183,70360
850,69184,70363
850,69185,70365
850,69185,70366
850,69186,70369
850,69186,70368
850,69187,70371
850,69187,70372
850,69192,70387
850,69192,70388
850,69192,70386
850,69193,70389
850,69193,70391
850,69194,70393
850,69193,70390
850,69194,70392
850,69195,70395
850,69195,70396
850,69191,70384
850,69191,70383
850,69195,70397
850,69190,70380
850,69190,70381
850,69190,70382
850,69188,70374
850,69188,70375
850,69189,70378
850,69189,70377
850,69197,70402
850,69197,70401
850,69189,70379
850,69196,70398
850,69196,70399
850,69196,70400
850,69172,72962
850,69172,72963
850,69173,70329
850,69173,70330
850,69174,70332
850,69174,70333
850,69175,70335
850,69175,70336
850,69176,70338
850,69176,70340
850,69177,70342
850,69176,70339
850,69177,70341
850,69178,70345
850,69179,70347
850,69179,70348
850,69178,70344
850,69252,70419
850,69252,70420
850,69252,70421
850,69247,72965
850,69247,72964
850,69254,70425
850,69250,70414
850,69250,70415
850,69250,70413
850,69254,70426
850,69248,70407
850,69248,70408
850,69249,70411
850,69249,70410
850,69251,70416
850,69253,70422
850,69251,70417
850,69253,70423
850,69255,70428
850,69256,70431
850,69258,70438
850,69257,70434
850,69257,70435
850,69256,70432
850,69255,70429
850,71614,72128
850,69258,70437
850,71614,72130
850,71614,72129
850,71615,72131
850,71615,72132
850,71617,72137
850,71616,72134
850,71616,72135
850,71617,72138
850,71618,72140
850,71620,72147
850,71618,72141
850,71617,72139
850,71619,72143
850,71619,72144
850,71620,72146
850,71623,72156
850,71621,72149
850,71620,72148
850,71622,72152
850,71621,72150
850,71623,72155
850,71624,72160
850,71624,72159
850,71624,72158
850,71622,72153
850,71626,72164
850,71626,72165
850,71627,72168
850,71627,72167
850,71627,72169
850,71625,72162
850,71625,72161
850,71628,72171
850,71628,72170
850,71629,72173
850,71629,72174
850,71630,72177
850,71630,72176
850,71631,72180
850,71631,72179
850,71631,72181
850,71633,72186
850,71633,72185
850,71634,72190
850,71635,72191
850,71634,72189
850,71634,72188
850,71632,72182
850,71635,72192
850,71636,72194
850,71636,72196
850,71636,72195
850,71637,72197
850,71632,72183
850,71637,72199
850,71638,72200
850,71637,72198
850,71639,72203
850,71638,72201
850,71640,72206
850,71639,72204
850,71641,72210
850,71641,72209
850,77428,74633
850,71640,72207
850,77428,74634
850,77429,74636
850,77429,74637
850,77430,74639
850,77430,74640
850,77432,74645
850,77431,74643
850,77431,74644
850,77430,74641
850,77431,74642
850,77432,74646
850,77432,74647
850,77433,74648
850,77434,74651
850,77434,74652
850,77435,74654
850,77435,74655
850,77436,74657
850,77433,74649
850,77436,74658
850,77437,74662
850,77437,74663
850,77436,74659
853,77527,74682
853,77534,74703
853,77528,74687
853,77527,74683
850,77437,74664
853,77530,74692
853,77530,74691
853,77528,74686
853,77529,74688
853,77529,74689
853,77528,74685
853,77534,74704
853,77535,74706
853,77535,74707
853,77531,74694
853,77532,74697
853,77532,74698
853,77531,74695
853,77531,74696
853,77532,74699
853,77537,74710
853,77537,74709
853,77538,74713
853,77539,74715
853,77533,74700
853,77538,74714
853,77533,74701
853,77539,74716
853,77540,74719
853,77538,74712
884,76101,73901
853,77540,74718
853,77541,74721
853,77541,74722
884,76101,73902
853,77541,74724
884,76099,73896
884,76104,73910
884,76099,73895
853,77541,74723
884,76104,73911
884,76100,73899
884,76103,73907
884,76100,73898
884,76105,73913
884,76103,73908
884,76102,73904
884,76105,73914
884,76102,73905
884,76107,73919
884,76108,73922
884,76107,73920
884,76106,73916
884,76106,73917
884,76209,74116
884,76108,73923
884,76209,74117
884,76209,74115
884,76211,74121
884,76214,74128
884,76214,74127
884,76211,74122
884,76211,74123
884,76214,74129
884,76216,74134
884,76216,74133
884,76208,74113
884,76210,74118
884,76210,74119
884,76208,74112
884,76215,74131
884,76215,74130
884,76223,74149
884,76213,74125
884,76223,74150
884,76213,74124
884,76213,74126
884,76224,74152
884,76223,74148
884,76218,74136
884,76224,74151
884,76225,74154
884,76225,74155
884,76225,74156
884,76218,74137
884,76219,74140
884,76219,74139
884,76227,74160
884,76219,74141
884,76226,74157
884,76226,74158
884,76227,74161
884,76228,74164
884,76222,74145
884,76228,74165
884,76228,74163
884,76229,74166
884,76231,74173
884,76229,74167
884,76222,74146
884,76231,74172
884,76232,74175
884,76230,74169
884,76232,74176
884,76232,74177
884,76230,74170
884,76233,74178
884,76234,74182
884,76235,74184
884,76235,74185
884,76235,74186
884,76234,74181
884,76233,74179
884,76236,74187
884,76236,74188
884,76240,74198
884,76240,74199
884,76241,74201
884,76242,74205
884,76241,74202
884,76241,74203
884,76242,74204
884,76240,74200
884,76243,74207
884,76243,74208
884,76244,74210
884,76237,74190
884,76244,74211
884,76244,74212
884,76245,74213
884,76245,74214
884,76237,74191
884,76245,74215
884,76238,74193
884,76238,74195
884,76238,74194
884,76238,74197
884,76238,74196
845,66064,66426
845,66064,66425
845,66066,66432
845,66065,66428
845,66063,66422
845,66065,66429
845,66063,66423
845,66066,66433
845,66066,66431
845,66068,66437
845,66067,66435
845,66067,66434
845,66067,66436
845,66068,66439
845,66069,66441
845,66068,66438
845,66070,66444
845,66857,67576
845,66069,66440
845,66859,67582
845,66070,66443
845,66859,67583
845,66857,67577
845,66857,67578
845,66858,67579
845,66860,67585
845,66860,67586
845,66860,67587
845,66861,67589
845,66858,67580
845,66861,67590
845,66863,67594
845,66861,67588
845,66864,67597
845,66863,67596
845,66864,67598
845,66862,67591
845,66863,67595
845,66862,67592
845,66866,67603
845,66865,67600
845,66866,67604
845,66865,67601
845,69661,70506
845,69662,70511
845,69662,70509
845,69662,70510
845,69661,70507
845,69663,70512
845,69666,70522
845,69663,70513
845,69666,70521
845,69665,70518
845,69667,70524
845,69664,70515
845,69664,70517
845,69665,70519
845,69664,70516
845,69667,70525
845,69669,70530
845,69668,70527
845,69668,70528
845,69671,70536
845,69669,70531
845,69670,70533
845,69671,70537
845,69672,70539
845,69672,70540
845,69670,70534
845,69673,70543
845,69673,70542
845,69674,70545
845,69674,70546
845,69675,70548
845,76439,74375
845,69675,70549
845,76439,74376
845,76440,74378
845,76440,74379
852,75181,73674
852,75182,73677
845,76441,74381
852,75181,73675
845,76441,74382
852,75182,73679
852,75182,73678
852,75186,73684
852,75186,73683
852,75187,73686
852,75187,73687
852,75187,73688
852,75190,73693
852,75191,73695
852,75190,73692
852,75191,73696
852,75194,73705
852,75183,73680
852,75193,73701
852,75194,73704
852,75183,73681
852,76271,74216
852,75195,73708
852,75193,73702
852,75188,73690
852,75192,73699
852,75192,73700
852,75188,73689
852,75195,73707
852,75192,73698
852,76271,74217
852,76273,74223
852,76272,74219
852,77049,74587
852,77049,74588
852,76273,74222
852,76272,74220
852,76274,74225
852,77122,74590
852,77122,74591
852,76274,74227
844,66205,66577
852,76274,74226
844,66204,66574
844,66204,66575
844,66205,66578
852,77122,74592
844,66206,66581
844,66207,66583
844,66208,66586
844,66207,66584
844,66208,66587
844,66206,66580
844,66207,66585
844,66209,66589
844,66210,66593
844,66210,66592
844,66209,66590
844,66211,66595
844,66211,66596
844,66752,67339
844,66754,67346
844,66754,67347
844,66754,67345
844,66752,67340
844,66751,67336
844,66751,67337
844,66753,67344
844,66753,67343
844,66756,67349
844,66756,67348
844,66753,67342
844,66759,67358
844,66757,67351
844,66759,67357
844,66758,67355
844,66760,67360
844,66757,67352
844,66758,67354
844,66760,68462
844,66758,67356
844,66760,68463
844,66761,67363
844,66761,67365
844,66761,67364
844,69676,70552
844,69676,70551
844,69676,70553
844,69677,70554
844,69680,70563
844,69677,70555
844,69680,70564
844,69680,70565
844,69681,70567
844,69681,70566
844,69681,70568
844,69682,70570
844,69682,70569
844,69683,70572
844,69683,70573
844,69678,70557
844,69678,70558
844,69679,70561
844,69679,70560
844,69684,70576
844,69679,70562
844,69685,70578
844,69684,70575
844,69685,70579
844,69686,70581
844,69687,70586
844,69686,70582
844,69687,70584
844,69687,70585
844,69688,70588
844,69689,70590
844,69689,70591
844,69690,70594
844,69690,70593
844,69690,70595
844,69688,70587
844,76436,74367
842,65734,66105
842,65733,66104
842,65732,66103
844,76437,74369
844,76438,74373
842,65736,66107
844,76437,74370
844,76437,74371
844,76436,74366
842,65737,66108
842,65735,66106
842,65738,66109
842,65739,66110
844,76438,74372
842,65746,66124
842,65748,66126
842,65761,66138
842,65747,66125
842,65762,66139
842,65760,66137
842,65763,66140
842,65745,66123
842,65741,66114
842,65740,66113
842,65741,66115
842,65740,66112
842,65740,66111
842,65742,66118
842,65750,66128
842,65743,66121
842,65742,66117
842,65749,66127
842,65743,66120
842,65754,66136
842,65751,66129
842,65752,66132
842,65794,66213
842,65753,66135
842,65797,66223
842,65795,66216
842,65796,66219
842,65797,66222
842,65796,66220
842,67492,68654
842,67494,68656
842,67496,68658
842,67495,68657
842,67493,68655
842,67498,68660
842,67497,68659
842,67499,68661
842,67501,68667
842,67501,68666
842,67502,68669
842,67500,68663
842,67501,68665
842,67502,68668
842,67500,68662
842,67503,68671
842,67504,68874
842,67503,68672
842,67505,68675
842,67508,68678
842,67510,68680
842,67503,68673
842,67506,68676
842,67511,68681
842,67512,68682
842,67512,68683
842,67509,68679
842,67513,68686
842,69923,71352
842,67513,68685
842,69923,70861
842,69923,70860
842,69924,70862
842,69924,70863
842,69925,70866
842,69926,70869
842,69925,70865
842,69925,70867
842,69927,70871
842,69926,70868
842,69927,70873
842,69928,70874
842,69929,70878
842,69929,70877
842,69927,70872
842,69931,70883
842,69930,70880
842,69930,70881
842,69928,70876
842,69928,70875
842,69931,70884
842,69932,70886
842,69932,70888
842,69934,70893
842,69933,70889
842,69933,70891
842,69933,70890
842,69934,70892
842,69939,70904
842,69936,70896
842,69932,70887
842,69938,70901
842,69938,70902
842,69937,70899
842,69937,70900
842,69936,70895
842,69937,70898
842,69940,70907
842,69939,70906
842,69939,70905
842,69940,70908
842,69942,70913
842,69941,70911
842,69941,70910
842,69943,70916
842,69942,70914
842,69944,70920
842,69944,70919
842,69945,70922
842,69943,70917
842,69945,70923
842,69943,70918
842,69946,70925
842,69946,70927
842,69947,70928
858,64819,65212
858,64820,65213
842,69957,70931
858,64821,65214
842,69947,70929
858,64822,65215
535,29799,47189
535,29798,47188
842,69946,70926
625,30788,47971
625,30790,47973
535,29801,47191
625,30791,47974
535,29800,47190
625,30789,47972
567,30414,47691
567,30420,47701
567,30417,47694
567,30415,47692
567,30416,47693
567,30421,47702
567,25938,42122
567,25937,42121
567,25939,42123
569,29880,47338
569,25957,42160
567,25940,42124
569,29881,47341
569,29879,47335
569,25958,42161
569,25956,42159
581,30149,47495
569,25955,42158
581,30151,47497
581,30150,47496
581,30153,47499
581,30155,47501
581,30156,47502
581,30152,47498
581,30154,47500
581,30157,47503
581,30158,47504
581,30160,47506
581,30162,47508
581,30161,47507
581,30389,47676
581,30392,47679
581,30394,47681
581,30390,47677
581,30159,47505
581,30395,47682
581,30391,47678
581,30396,47683
581,30397,47684
581,30398,47685
581,30400,47687
581,30393,47680
581,30399,47686
581,30401,47688
581,30402,47689
581,30567,47741
581,30569,47743
581,30571,47745
581,30568,47742
581,30570,47744
581,30576,47750
581,30575,47749
581,30572,47746
581,30577,47751
581,30579,47753
581,30574,47748
581,30580,47754
581,30578,47752
574,30143,47490
517,27675,43873
517,27673,43871
517,27676,43874
574,30144,47491
574,30146,47493
517,27891,44308
517,27674,43872
574,30147,47494
517,27893,44310
517,27892,44309
534,26911,42872
517,27894,44311
534,26910,42871
534,26912,42873
573,27418,43481
534,26909,42870
568,25997,42261
573,27419,43482
568,26001,42265
568,26000,42264
568,25999,42263
568,25998,42262
580,27165,43155
580,27163,43153
580,27164,43154
580,27168,43158
580,27167,43157
580,27170,43160
580,27166,43156
580,27173,43163
580,27174,43164
580,27171,43161
580,27172,43162
580,27169,43159
580,27175,43165
580,27429,43510
580,27431,43512
580,27432,43513
580,27430,43511
580,27176,43166
580,27428,43509
580,27434,43515
580,27433,43514
580,27437,43518
580,27436,43517
580,27440,43521
580,27438,43519
580,27435,43516
580,27439,43520
580,27845,44298
580,27841,44294
580,27441,43522
580,27844,44297
580,27839,44292
580,27842,44295
580,27838,44291
580,27843,44296
580,27847,44300
580,27840,44293
580,27846,44299
580,27848,44301
566,27477,43616
580,27850,44303
566,27478,43617
566,27480,43619
580,27849,44302
580,27851,44304
566,27483,43626
566,27479,43618
566,22606,37454
566,22607,37455
566,22605,37453
539,27319,43388
539,27334,43401
539,27317,43386
566,22604,37452
539,27332,43399
539,27351,43418
539,27342,43409
539,27346,43413
566,27484,43629
539,27356,43423
539,27376,43442
539,27381,43447
539,27385,43451
539,27391,43457
539,27399,43465
539,27358,43425
539,27367,43434
539,27330,43397
539,27345,43412
539,27395,43461
539,27349,43416
539,27348,43415
539,27389,43455
539,27411,43477
539,27318,43387
539,27180,43167
539,27383,43449
539,27328,43395
539,27397,43463
539,27388,43454
539,27371,43438
539,27374,43440
539,27315,43384
539,27327,43394
539,27335,43402
539,27341,43408
539,27365,43432
539,27372,43439
539,27352,43419
539,27377,43443
539,27354,43421
539,27387,43453
539,27379,43445
539,27392,43458
539,27396,43462
539,27181,43168
539,27406,43472
539,27403,43469
539,27320,43389
539,27182,43169
539,27322,43391
539,27316,43385
539,27326,43393
539,27340,43407
539,27331,43398
539,27347,43414
539,27366,43433
539,27361,43428
539,27375,43441
539,27386,43452
539,27390,43456
539,27350,43417
539,27394,43460
539,27382,43448
539,27402,43468
539,27325,43392
539,27321,43390
539,27314,43383
539,27337,43404
539,27343,43410
539,27344,43411
539,27355,43422
539,27359,43426
539,27378,43444
539,27393,43459
539,27384,43450
539,27398,43464
539,27380,43446
539,27184,43171
539,27185,43172
539,27187,43174
564,24921,41278
564,24920,41277
539,27183,43170
564,24919,41276
564,24924,41281
564,24923,41280
539,27186,43173
564,24922,41279
564,24931,41296
564,24932,41297
564,24933,41298
564,24934,41299
564,24925,41282
564,24926,41283
564,24935,41300
564,24938,41303
564,22590,37417
564,22591,37418
564,24937,41302
564,24936,41301
572,24224,40526
564,22589,37416
572,24225,40527
572,24227,40529
564,22592,37419
572,24226,40528
572,24228,40530
572,24229,40531
565,24387,40719
565,24388,40720
565,24390,40722
565,24391,40723
565,24389,40721
579,24580,40897
565,24392,40724
565,25526,41844
565,25527,41845
565,25525,41843
565,25529,41847
579,24581,40898
579,24582,40899
565,25528,41846
579,24584,40901
579,24585,40902
579,24587,40904
579,24586,40903
579,24583,40900
579,24590,40906
579,24592,40908
579,24591,40907
579,24635,40976
579,24589,40905
579,24636,40977
579,24886,41228
579,24885,41227
579,24884,41226
579,24889,41231
579,24887,41229
579,24888,41230
579,24890,41232
579,24892,41234
579,24893,41235
579,24894,41236
579,24895,41237
579,24897,41239
579,24898,41240
579,24891,41233
579,24900,41242
579,24901,41243
579,24902,41244
579,24903,41245
579,24906,41248
579,24904,41246
579,24905,41247
579,24907,41249
579,24896,41238
579,24908,41250
579,24909,41251
579,24911,41253
538,25051,41485
538,25029,41464
538,25030,41465
579,24910,41252
538,25098,41527
538,25074,41506
538,25075,41507
538,25076,41508
538,25052,41486
538,25053,41487
538,25033,41468
538,25099,41528
538,25032,41467
538,25054,41488
538,25100,41529
538,25056,41490
538,25078,41510
538,25077,41509
538,25079,41511
538,25101,41530
538,25103,41532
538,25125,41551
538,25055,41489
538,25127,41553
538,25243,41651
538,25102,41531
538,25244,41652
538,25247,41654
538,25250,41657
538,25248,41655
538,25249,41656
538,25035,41470
538,25252,41659
538,25037,41472
538,25080,41512
538,25058,41492
538,25081,41513
538,25059,41493
538,25082,41514
538,25057,41491
538,25104,41533
538,25106,41535
538,25105,41534
538,25130,41556
538,25036,41471
538,25256,41661
538,25128,41554
538,25260,41665
538,25259,41664
538,25258,41663
538,25264,41671
538,25039,41474
538,25255,41660
538,25262,41669
538,25040,41475
538,25060,41494
538,25085,41517
538,25107,41536
538,25084,41516
538,25062,41496
538,25061,41495
538,25109,41538
538,25108,41537
538,25083,41515
538,25132,41558
538,25133,41559
538,25279,41686
538,25266,41673
538,25267,41674
538,25265,41672
538,25280,41687
538,25041,41476
538,25064,41498
538,25281,41688
538,25295,41702
538,25043,41478
538,25063,41497
538,25086,41518
538,25065,41499
538,25087,41519
538,25088,41520
538,25111,41540
538,25294,41701
538,25134,41560
538,25110,41539
538,25136,41562
538,25112,41541
538,25135,41561
538,25284,41691
538,25282,41689
538,25270,41677
538,25269,41676
538,25283,41690
538,25044,41479
538,25298,41705
538,25297,41704
538,25046,41481
538,25067,41500
538,25068,41501
538,25090,41521
538,25092,41523
538,25114,41543
538,25113,41542
538,25091,41522
538,25285,41692
538,25144,41569
538,25286,41693
538,25115,41544
538,25137,41563
538,25272,41679
538,25138,41564
538,25048,41483
538,25287,41694
538,25300,41707
538,25094,41525
538,25072,41505
538,25070,41503
538,25093,41524
538,25049,41484
538,25116,41545
538,25140,41566
538,25141,41567
538,25118,41547
538,25095,41526
538,25288,41695
538,25273,41680
538,25117,41714
538,25146,41570
538,25275,41682
538,25303,41710
538,25290,41697
538,25291,41698
538,25278,41685
538,25292,41699
538,25148,41571
538,25289,41696
538,25305,41712
538,25277,41684
594,25732,42008
594,25733,42009
594,29576,46988
594,25734,42010
594,25731,42007
594,29577,46989
594,29575,46987
594,29574,46986
533,24471,40887
533,24465,40875
516,23541,38785
533,24470,40886
516,23543,38791
533,24466,40876
516,24158,40413
516,23542,38788
403,16693,30980
516,24160,40419
403,16696,30983
516,24159,40416
403,16694,30981
516,24161,40422
403,18649,33635
403,16695,30982
403,18652,33638
403,18650,33636
403,18651,33637
429,17593,32449
429,17592,32448
429,17595,32451
429,17596,32452
429,17594,32450
429,17597,32453
365,17039,31605
365,17044,31616
365,17038,31604
397,16847,31280
365,17043,31615
397,16848,31281
397,16851,31284
397,17048,31626
397,16853,31286
397,16854,31287
397,17049,31627
397,17010,31541
397,17051,31629
397,17050,31628
397,16852,31285
397,17011,31542
397,17012,31543
397,17013,31544
422,16220,30187
422,16221,30188
422,16222,30189
422,16442,30573
422,16445,30576
422,16219,30186
422,16446,30577
422,16443,30574
422,16447,30578
422,16444,30575
422,16449,30580
422,16448,30579
422,16450,30581
440,16713,31038
422,16451,30582
440,16768,31157
440,16771,31160
440,16770,31159
440,16769,31158
440,16777,31165
440,16715,31040
440,16775,31164
440,16717,31042
440,16780,31168
440,16788,31175
440,16783,31170
440,16772,31161
440,16782,31169
440,16779,31167
440,16787,31174
440,16789,31176
440,16778,31166
440,16784,31171
440,16786,31173
440,16794,31181
440,16796,31183
440,16795,31182
440,16790,31177
440,16785,31172
440,16791,31178
440,16773,31162
440,16714,31039
440,16793,31180
440,16792,31179
440,16798,31185
440,16799,31186
440,16800,31187
440,16797,31184
440,16802,31189
440,16805,31192
440,16716,31041
440,16806,31193
440,16804,31191
440,16803,31190
440,16807,31194
440,16801,31188
440,16808,31195
440,16815,31202
440,16809,31196
440,16811,31198
440,16810,31197
440,16718,31043
440,16816,31203
440,16812,31199
440,16813,31200
440,16819,31206
440,16719,31044
440,16817,31204
440,16818,31205
440,16814,31201
433,16432,30563
433,16431,30562
364,15739,28971
364,15733,28959
364,15734,28960
364,15738,28970
433,16434,30565
433,16440,30571
433,16439,30570
433,16433,30564
433,16441,30572
433,16438,30569
431,16202,30161
431,16201,30160
431,16203,30162
431,16208,30167
433,16435,30566
431,16205,30164
431,16207,30166
431,16209,30168
431,16204,30163
431,16211,30170
431,16212,30171
431,16210,30169
431,16213,30172
431,16300,30362
431,16214,30173
431,16306,30368
431,16303,30365
431,16302,30364
431,16341,30446
431,16307,30369
431,16301,30363
431,16304,30366
431,16342,30447
431,16347,30450
431,16305,30367
431,16349,30452
383,15698,28895
431,16344,30449
431,16343,30448
431,16348,30451
383,15699,28896
383,15701,28898
383,15702,28899
383,15703,28900
383,15700,28897
383,14362,25674
383,14361,25673
383,15790,29094
383,14366,25682
383,14368,25686
396,15321,28224
383,14365,25681
396,15322,28225
396,15324,28615
396,15335,28238
396,15323,28226
396,15338,28241
396,15337,28240
396,15326,28229
396,15336,28239
396,15327,28230
396,15339,28242
396,15681,28852
396,15340,28243
396,15682,28855
396,15667,28808
396,15668,28811
396,15684,28861
396,15683,28858
377,15424,28454
377,15423,28453
377,15429,28459
377,15430,28460
377,15425,28455
377,15439,28469
396,15670,28817
377,15449,28479
377,15450,28480
377,15426,28456
377,15432,28462
377,15431,28461
377,15442,28472
377,15440,28470
377,15451,28481
377,15427,28457
377,15428,28458
377,15433,28463
377,15441,28471
377,15443,28473
377,15453,28483
377,15434,28464
377,15444,28474
377,15435,28465
377,15454,28484
377,15446,28476
377,15452,28482
377,15436,28466
377,15445,28475
377,15459,28489
377,15470,28499
377,15486,28515
377,15487,28516
377,15460,28490
377,15456,28486
377,15471,28500
377,15455,28485
377,15438,28468
377,15447,28477
377,15437,28467
377,15457,28487
377,15458,28488
377,15472,28501
377,15473,28502
377,15462,28492
377,15489,28518
377,15448,28478
377,15463,28493
377,15475,28504
377,15490,28519
377,15461,28491
377,15481,28510
377,15491,28520
377,15480,28509
377,15488,28517
377,15464,28494
377,15483,28512
377,15493,28522
377,15466,28496
377,15477,28506
377,15465,28495
377,15476,28505
377,15474,28503
377,15492,28521
377,15468,28498
377,15478,28507
377,15479,28508
377,15467,28497
377,15484,28513
377,15482,28511
377,15495,28524
385,14263,25477
377,15494,28523
385,14264,25478
385,14265,25479
385,14270,25484
385,14266,25480
385,14271,25485
385,14267,25481
385,14269,25483
385,14272,25486
385,14436,25828
385,14434,25826
377,15485,28514
385,14438,25830
385,14437,25829
385,14274,25488
385,14439,25831
385,14440,25832
385,14435,25827
385,14441,25833
385,14442,25834
385,14444,25836
385,14448,25840
385,14443,25835
384,14173,25346
385,14446,25838
384,14175,25348
385,14445,25837
385,14447,25839
384,14177,25350
384,14176,25349
384,14178,25351
384,14179,25352
386,14250,25464
386,14249,25463
386,14254,25468
386,14258,25472
386,14256,25470
386,14252,25466
386,14251,25465
386,14259,25473
386,14255,25469
386,14257,25471
386,14260,25474
386,14261,25475
386,14253,25467
373,14108,25240
373,14114,25246
386,14262,25476
373,14109,25241
373,14118,25250
373,14122,25254
373,14287,25522
373,14292,25531
373,14291,25530
373,14112,25244
373,14288,25523
373,14117,25249
373,14294,25535
363,14200,25387
363,14199,25386
363,14201,25388
348,13029,23041
363,14198,25385
348,13030,23042
348,13032,23044
349,12906,22810
349,12908,22812
349,12909,22813
349,12910,22814
349,12907,22811
349,12912,22816
349,12905,22809
349,12969,22954
348,13031,23043
349,12911,22815
349,12967,22952
349,12971,22956
349,12970,22955
349,12968,22953
349,12976,22973
296,12624,22408
349,12972,22957
296,12625,22409
296,12623,22407
296,12632,22416
296,12629,22413
296,12635,22419
296,12634,22418
296,12633,22417
296,12630,22414
296,12627,22411
296,12638,22422
296,12640,22424
296,12649,22433
296,12639,22423
296,12636,22420
296,12641,22425
296,12626,22410
296,12631,22415
296,12642,22426
296,12644,22428
296,12645,22429
326,12072,21351
294,12888,22790
326,12074,21353
326,12073,21352
294,12891,22793
326,12075,21354
350,12701,22554
350,12700,22553
350,12703,22556
350,12702,22555
350,12704,22557
350,12705,22558
350,12706,22559
350,12707,22560
350,12709,22562
350,12711,22564
350,12710,22563
350,12713,22566
350,12712,22565
350,12718,22571
350,12708,22561
350,12719,22572
350,12714,22567
350,12715,22568
350,12722,22575
350,12720,22573
350,12717,22570
350,12721,22574
350,12724,22577
350,12725,22578
350,12723,22576
350,12726,22579
350,12728,22581
350,12727,22580
345,12802,22682
345,12782,22662
345,12767,22647
345,12766,22646
345,12803,22683
345,12781,22661
345,12804,22684
345,12824,22704
345,12785,22665
345,12823,22703
345,12805,22685
345,12770,22650
345,12784,22664
345,12806,22686
345,12807,22687
345,12769,22649
302,9904,16775
302,10290,17810
302,9903,16774
302,9902,16773
302,10333,17933
302,10276,17783
302,10297,17829
302,10559,18425
302,10561,18429
301,10340,17947
301,10339,17946
320,10724,18667
320,10719,18662
301,10342,17949
320,10716,18659
301,10341,17948
320,10718,18661
320,10722,18665
320,10726,18669
320,10717,18660
320,10730,18673
320,10727,18670
320,10740,18683
320,10725,18668
320,10734,18677
320,10733,19076
320,10743,18686
320,10741,18684
320,10732,18675
320,10745,18688
320,10744,18687
320,10761,18704
320,10758,18701
320,10747,18690
320,10759,18702
320,10764,18707
320,10762,19079
320,10768,18711
320,10751,18694
320,10767,18710
320,10769,18712
320,10773,18716
320,10765,18708
320,10763,18706
320,10771,18714
320,10772,18715
320,10778,18721
320,10774,18717
320,10779,18722
320,10777,18720
320,10781,18724
320,10786,18729
320,10776,18719
320,10783,18726
320,10782,18725
320,10787,18730
320,10790,18733
320,10794,18737
320,10792,18735
320,10796,18739
320,10811,18754
320,10800,18743
320,10807,18750
320,10799,18742
320,10809,18752
320,10812,18755
320,10804,18747
320,10816,18759
320,10819,18762
320,10821,18764
320,10818,18761
320,10820,18763
320,10829,18772
320,10828,18771
320,10822,18765
320,10824,18767
320,10830,18773
320,10813,18756
320,10833,18776
320,10836,18779
320,10834,18777
320,10823,18766
320,10835,18778
320,10839,18782
316,11028,19290
316,11034,19296
316,11027,19289
316,11049,19311
316,11041,19303
316,11134,19449
316,11133,19448
316,11048,19310
316,11135,19450
316,11042,19304
316,11035,19297
316,11139,19454
316,11136,19451
316,11137,19452
316,11140,19455
316,11165,19480
