tournament_id,match_id
2283,542195
2283,542196
2283,542207
2283,542205
2283,542212
2283,542211
2283,542200
2283,542201
2283,542197
2283,542208
2283,542213
2283,542202
2283,542209
2283,542198
2283,542203
2283,542214
2283,542210
2283,542199
2283,542215
2283,542204
2283,542265
2283,542264
2283,542266
2283,542267
2283,542273
2283,542274
2283,542268
2283,542269
2283,542277
2283,542276
2283,542270
2283,542278
2283,542279
2283,542272
2590,538566
2590,538565
2590,538567
2590,538568
2590,538569
2590,538570
2590,538571
2590,538572
2590,538573
2590,538574
2590,538576
2590,538575
2501,509801
2501,509802
2501,509803
2501,509804
2501,509805
2501,509806
2501,509807
2501,509808
2501,509809
2501,509810
2501,509811
2501,509812
2501,509813
2501,509814
2501,509815
2501,509816
2501,509817
2501,509818
2501,509819
2501,509820
2501,509821
2501,509822
2501,509823
2501,509824
2501,509825
2501,509826
2501,509827
2501,509829
2501,509830
2501,509831
2501,530902
2501,530903
2501,530906
2501,530907
2501,530904
2501,530905
2501,530908
2501,530909
2501,530910
2501,530911
2501,536985
2501,530912
2501,530913
2498,511543
2498,511544
2498,511545
2498,511546
2498,511547
2498,511548
2498,511549
2498,511550
2498,511551
2498,511552
2498,511553
2498,511554
2498,511562
2498,511563
2498,511564
2498,511565
2498,511566
2498,511567
2498,511568
2498,511569
2498,511570
2498,511571
2498,511572
2498,511573
2498,511575
2498,511576
2498,511577
2498,511579
2498,511580
2498,511581
2498,530924
2498,530925
2498,530928
2498,530929
2498,530926
2498,530927
2498,530930
2498,530931
2498,530932
2498,530933
2498,530934
2498,538583
2498,530935
2500,508815
2500,508816
2500,508817
2500,508818
2500,508819
2500,508820
2500,508821
2500,508822
2500,508823
2500,508824
2500,508825
2500,508826
2500,508828
2500,508829
2500,508830
2500,508831
2500,508832
2500,508833
2500,508834
2500,508835
2500,508836
2500,508837
2500,508838
2500,508839
2500,508840
2500,508841
2500,508842
2500,508843
2500,508844
2500,508845
2500,530354
2500,530355
2500,530356
2500,530357
2500,530358
2500,530359
2500,530360
2500,530361
2500,530362
2500,530363
2500,530514
2500,530364
2500,530365
2499,506930
2499,506931
2499,506932
2499,506933
2499,506934
2499,506935
2499,506936
2499,506937
2499,506938
2499,506939
2499,506940
2499,506941
2499,506942
2499,506943
2499,506945
2499,506946
2499,506947
2499,506948
2499,506949
2499,506950
2499,506951
2499,506952
2499,506953
2499,506954
2499,506955
2499,506956
2499,506957
2499,506958
2499,506959
2499,506960
2499,527577
2499,527576
2499,527584
2499,527583
2499,527580
2499,527579
2499,527585
2499,527586
2499,536176
2499,527581
2499,527587
2499,527588
2499,527582
2282,490309
2282,490307
2282,490308
2282,490306
2282,490311
2282,490310
2282,490312
2282,490313
2282,490315
2282,490314
2282,498622
2282,498621
2282,498623
2282,498624
2282,498629
2282,498630
2282,498626
2282,498625
2282,498631
2282,498632
2282,498627
2282,498633
2282,498634
2282,507067
2282,498628
2380,459826
2380,459827
2380,459828
2380,459829
2380,459830
2380,459831
2380,459832
2380,459833
2380,459834
2380,459835
2380,459836
2380,459837
2380,459839
2380,459840
2380,459841
2380,459842
2380,459843
2380,459844
2380,459845
2380,459846
2380,459847
2380,459848
2380,459849
2380,459850
2380,459852
2380,459853
2380,459854
2380,459855
2380,459856
2380,459857
2380,482503
2380,482504
2380,482505
2380,482506
2380,482507
2380,482508
2380,482510
2380,482509
2380,482515
2380,482511
2380,482512
2380,482513
2379,458805
2379,458806
2379,458807
2379,458808
2379,458809
2379,458810
2379,458811
2379,458812
2379,458813
2379,458814
2379,458815
2379,458816
2379,458817
2379,458818
2379,458819
2379,458820
2379,458821
2379,458822
2379,458823
2379,458824
2379,458825
2379,458826
2379,458827
2379,458828
2379,458830
2379,458831
2379,458832
2379,458833
2379,458834
2379,458835
2379,473833
2379,473834
2379,473837
2379,473838
2379,473835
2379,473836
2379,473839
2379,473840
2379,473841
2379,473842
2379,473843
2379,473844
2450,485370
2450,485371
2450,485372
2450,485373
2450,485374
2450,485375
2450,485376
2450,485377
2450,485378
2450,485379
2450,485381
2450,485380
2359,450047
2359,450048
2359,450049
2359,450050
2359,450051
2359,450052
2359,450053
2359,450054
2359,450055
2359,450056
2359,450057
2359,450058
2359,450059
2359,450060
2359,450061
2359,450062
2359,450063
2359,450064
2359,450065
2359,450066
2359,450067
2359,450068
2359,450069
2359,450070
2359,450071
2359,450072
2359,450073
2359,450074
2359,450075
2359,450076
2359,473233
2359,473234
2359,473235
2359,473236
2359,473237
2359,473238
2359,473240
2359,473239
2359,473241
2359,473242
2359,473243
2359,473244
2347,459517
2347,459518
2347,459519
2347,459520
2347,459521
2347,459522
2347,459523
2347,459524
2347,459525
2347,459526
2347,459527
2347,459528
2347,459529
2347,459530
2347,459531
2347,459532
2347,459533
2347,459534
2347,459535
2347,459536
2347,459537
2347,459538
2347,459539
2347,459540
2347,459541
2347,459542
2347,459543
2347,459544
2347,459545
2347,459546
2347,475897
2347,475898
2347,475903
2347,475904
2347,475899
2347,475900
2347,475906
2347,475905
2347,475901
2347,475907
2347,475908
2347,475902
2281,448598
2281,448600
2281,448599
2281,448597
2281,449000
2281,449001
2281,449002
2281,449003
2281,449004
2281,449005
2281,449008
2281,449009
2281,449010
2281,449012
2281,449013
2281,450589
2281,449011
2339,440530
2339,440531
2339,440532
2339,440533
2339,440534
2339,440535
2339,440536
2339,440537
2339,440538
2339,440539
2339,440541
2339,440540
2276,429381
2276,429380
2276,429379
2276,429382
2276,429385
2276,429384
2276,429383
2276,429386
2276,429393
2276,429392
2276,429394
2276,429391
2276,429388
2276,429387
2276,429395
2276,429396
2276,429397
2276,429398
2276,429389
2276,429400
2276,429401
2276,429390
2277,430514
2277,430515
2277,430516
2277,430517
2277,430521
2277,430518
2277,430519
2277,430520
2277,430526
2277,430529
2277,430527
2277,430528
2277,430522
2277,430523
2277,430530
2277,430531
2277,430532
2277,430533
2277,430524
2277,430534
2277,430535
2277,430525
2274,427991
2274,427992
2274,427994
2274,427993
2274,427995
2274,427996
2274,427998
2274,427997
2274,428003
2274,428004
2274,428006
2274,428005
2274,427999
2274,428000
2274,428007
2274,428008
2274,428009
2274,428010
2274,428001
2274,428011
2274,428012
2274,428002
2275,430838
2275,430837
2275,430839
2275,430840
2275,430842
2275,430841
2275,430843
2275,430844
2275,430851
2275,430853
2275,430850
2275,430849
2275,430845
2275,430846
2275,430854
2275,430855
2275,430856
2275,430857
2275,430847
2275,430858
2275,430860
2275,430848
2097,378662
2097,378663
2097,378657
2097,378656
2097,378667
2097,378669
2097,378674
2097,378673
2097,378664
2097,378658
2097,378670
2097,378675
2097,378665
2097,378659
2097,378671
2097,378676
2097,378666
2097,378660
2097,378672
2097,378677
2097,378822
2097,378823
2097,378824
2097,378825
2097,378831
2097,378832
2097,378826
2097,378827
2097,378834
2097,378833
2097,378828
2097,378835
2097,378836
2097,378829
2095,353177
2095,353178
2095,353179
2095,353180
2095,353181
2095,353182
2095,353183
2095,353184
2095,353185
2095,353186
2095,353187
2095,353188
2095,353189
2095,353190
2095,353191
2095,353192
2095,353193
2095,353194
2095,353195
2095,353196
2095,353197
2095,353198
2095,353199
2095,353200
2095,353201
2095,371266
2095,371267
2095,371268
2095,371269
2095,371270
2095,371272
2095,371273
2095,371271
2096,359603
2096,359604
2096,359605
2096,359606
2096,359607
2096,359608
2096,359609
2096,359610
2096,359611
2096,359612
2096,359613
2096,359614
2096,359615
2096,359616
2096,359617
2096,359618
2096,359619
2096,359621
2096,359622
2096,359623
2096,359624
2096,359625
2096,359626
2096,359627
2096,359628
2096,370723
2096,370722
2096,370725
2096,370724
2096,370726
2096,370728
2096,370729
2096,370727
2005,314340
2005,314341
2005,314342
2005,314343
2005,314344
2005,314345
2005,314346
2005,314347
2005,314348
2005,314349
2005,314350
2005,314351
2005,314352
2005,314353
2005,314354
2005,314355
2005,314356
2005,314357
2005,314358
2005,314359
2005,314360
2005,314361
2005,314362
2005,314363
2005,314364
2005,365316
2005,365317
2005,365318
2005,365319
2005,365320
2005,365322
2005,365323
2005,365321
2094,353153
2094,353154
2094,353155
2094,353157
2094,353156
2094,353159
2094,353158
2094,353202
2094,353161
2094,353160
2094,353162
2094,353163
2094,353164
2094,353165
2094,353166
2094,353167
2094,353168
2094,353169
2094,353170
2094,353171
2094,353172
2094,353173
2094,353174
2094,353175
2094,353203
2094,371278
2094,371279
2094,371280
2094,371281
2094,371282
2094,371284
2094,371285
2094,371283
1999,348063
1999,348061
1999,348064
1999,348059
1999,348458
1999,348457
1999,348459
1999,348460
1999,348462
1999,348461
1999,348465
1999,348466
1999,348463
1999,348464
1999,348468
1999,348467
1999,348470
1999,348469
1999,348471
1999,348472
1999,348473
1999,348474
1999,348475
1999,359463
1999,348476
2006,319765
2006,319766
2006,319767
2006,319768
2006,319769
2006,319770
2006,319771
2006,319772
2006,319773
2006,319774
2006,319775
2006,319776
2006,319777
2006,319778
2006,319779
2006,319780
2006,319781
2006,319782
2006,319783
2006,319784
2006,319785
2006,319786
2006,319787
2006,319788
2006,319789
2006,319790
2006,319791
2006,319792
2006,319793
2006,319794
2006,342356
2006,342357
2006,342358
2006,342359
2006,342360
2006,342361
2006,342362
2006,342363
2004,314622
2004,314623
2004,314624
2004,314625
2004,314626
2004,314628
2004,314629
2004,314630
2004,314631
2004,314632
2004,314634
2004,314635
2004,314636
2004,314637
2004,314638
2004,314639
2004,314640
2004,314641
2004,314642
2004,314643
2004,314644
2004,314645
2004,314646
2004,314647
2004,314648
2004,314650
2004,314651
2004,314652
2004,314653
2004,314654
2004,337407
2004,337408
2004,337409
2004,337410
2004,337411
2004,337413
2004,337414
2004,337412
1998,318911
1998,318913
1998,318914
1998,318915
1998,318916
1998,318917
1998,318918
1998,318919
1998,318920
1998,318921
1998,318922
1998,318923
1998,318924
1998,318925
1998,318926
1998,318927
1998,318928
1998,318929
1998,318930
1998,318931
1998,318932
1998,318933
1998,318934
1998,318935
1998,318936
1998,318937
1998,318938
1998,318939
1998,318940
1998,318941
1998,341816
1998,341817
1998,341818
1998,341819
1998,341820
1998,341822
1998,341823
1998,341821
2002,314301
2002,314302
2002,314303
2002,314304
2002,314305
2002,314306
2002,314307
2002,314308
2002,314309
2002,314310
2002,314311
2002,314312
2002,314313
2002,314314
2002,314315
2002,314316
2002,314317
2002,314318
2002,314319
2002,314320
2002,314321
2002,314322
2002,314323
2002,314324
2002,314325
2002,314326
2002,314327
2002,314328
2002,314329
2002,314330
2002,329907
2002,329908
2002,329909
2002,329910
2002,329912
2002,329911
2002,329913
2002,329914
1921,312765
1921,312766
1921,312767
1921,312768
1921,312798
1921,312797
1921,312800
1921,312799
1921,312803
1921,312802
1921,312777
1921,312776
1921,312778
1921,312780
1921,312781
1921,321373
1921,312779
1923,295605
1923,295606
1923,295610
1923,295611
1923,295615
1923,295608
1923,295613
1923,295607
1923,295612
1923,295617
1923,295609
1923,295614
1923,295619
1923,307572
1923,307573
1923,307574
1923,303087
1923,303088
1923,303086
1926,298687
1926,298688
1926,298692
1926,298693
1926,298697
1926,298690
1926,298695
1926,298689
1926,298694
1926,298698
1926,298691
1926,298696
1926,298699
1926,298830
1926,298831
1926,298832
1926,298833
1926,298834
1926,298835
1925,297401
1925,297402
1925,297406
1925,297407
1925,297412
1925,297403
1925,297404
1925,297408
1925,297409
1925,297414
1925,297416
1925,297405
1925,297410
1925,307567
1925,307565
1925,307564
1925,303093
1925,303094
1925,303095
1924,296735
1924,296745
1924,296730
1924,296731
1924,296736
1924,296747
1924,296738
1924,296737
1924,296733
1924,296732
1924,296749
1924,296734
1924,296739
1924,297254
1924,297253
1924,297255
1924,297256
1924,297257
1924,297258
1880,283380
1880,283386
1880,283392
1880,283398
1880,283382
1880,283387
1880,283393
1880,283399
1880,283381
1880,283388
1880,283394
1880,283400
1880,283383
1880,283389
1880,283395
1880,283401
1880,283384
1880,283396
1880,283402
1880,283385
1880,283397
1880,283403
1880,283642
1880,283649
1880,283644
1880,283651
1880,283646
1880,283652
1880,283648
1880,283653
1880,284211
1880,284212
1880,284216
1880,284217
1880,284221
1880,284222
1880,284226
1880,284227
1880,284213
1880,284218
1880,284223
1880,284228
1880,284214
1880,284219
1880,284224
1880,284229
1880,284215
1880,284220
1880,284225
1880,284230
1880,285009
1880,285010
1880,285011
1880,285012
1880,285013
1880,285014
1880,285015
1880,285016
1880,285021
1880,285022
1880,285017
1880,285023
1880,285024
1880,285018
1880,285026
1880,285025
1880,285028
1880,285027
1880,285019
1880,285029
1880,285030
1880,285020
1825,278103
1825,278109
1825,278117
1825,278127
1825,278104
1825,278110
1825,278118
1825,278128
1825,278105
1825,278111
1825,278119
1825,278129
1825,278106
1825,278112
1825,278120
1825,278130
1825,278107
1825,278113
1825,278121
1825,278131
1825,278108
1825,278114
1825,278122
1825,278132
1825,278320
1825,278321
1825,278322
1825,278323
1825,278325
1825,278324
1825,278326
1825,278327
1825,278328
1825,278332
1825,278329
1825,278333
1825,278330
1825,278334
1825,278331
1825,278335
1825,278336
1825,278337
1825,278338
1825,278339
1825,278898
1825,278899
1825,278903
1825,278904
1825,278900
1825,278905
1825,278901
1825,278906
1825,278902
1825,278907
1825,279095
1825,279096
1825,279100
1825,279101
1825,279097
1825,279102
1825,279098
1825,279103
1825,279099
1825,279104
1825,279105
1825,279106
1825,279107
1825,279109
1825,279110
1825,279108
1747,271412
1747,271413
1747,271425
1747,271427
1747,271414
1747,271418
1747,271426
1747,271428
1747,271423
1747,271432
1747,271436
1747,271438
1747,271433
1747,271437
1747,271439
1747,271441
1747,271434
1747,271440
1747,271442
1747,271435
1747,271443
1747,271481
1747,271482
1747,271483
1747,271484
1747,271485
1747,271486
1747,271487
1747,271488
1747,271940
1747,271941
1747,271942
1747,271943
1747,271935
1747,271936
1747,271937
1747,271938
1747,271945
1747,271946
1747,271947
1747,271948
1747,272988
1747,272989
1747,272993
1747,272994
1747,272990
1747,272995
1747,272991
1747,272996
1747,272992
1747,272997
1747,274401
1747,274402
1747,274403
1747,274404
1747,274409
1747,274410
1747,274405
1747,274406
1747,274412
1747,274411
1747,274407
1747,274413
1747,274414
1747,274408
1657,247100
1657,247101
1657,247087
1657,247086
1657,247102
1657,247094
1657,247093
1657,247088
1657,247075
1657,247076
1657,247095
1657,247103
1657,247089
1657,247077
1657,247078
1657,247096
1657,247104
1657,247090
1657,247079
1657,247098
1657,248270
1657,248271
1657,248272
1657,248273
1657,248278
1657,248279
1657,248274
1657,248275
1657,248281
1657,248280
1657,248276
1657,248282
1657,248283
1657,248277
1658,232729
1658,232731
1658,232730
1658,232732
1658,232733
1658,232734
1658,232736
1658,232737
1658,232735
1659,235363
1659,235364
1659,235365
1659,235366
1659,235367
1659,235371
1659,235372
1659,235368
1660,237266
1660,237267
1660,237268
1660,237269
1660,237270
1660,237271
1660,237272
1660,237273
1660,237274
1664,219595
1664,219596
1664,219594
1664,219598
1664,219597
1664,219599
1664,219601
1664,219600
1664,221176
1664,221177
1664,221178
1664,221179
1664,221180
1664,221181
1664,221183
1664,221182
1664,221837
1664,221838
1664,221839
1664,221840
1664,221841
1664,221842
1664,221844
1664,221843
1664,222364
1664,222367
1664,222365
1664,222368
1664,222366
1664,222369
1664,222530
1664,222531
1664,222532
1664,235566
1664,235567
1664,235568
1664,235569
1664,235552
1664,235553
1664,235554
1664,235555
1664,235560
1664,235561
1664,235556
1664,235557
1664,235562
1664,235563
1664,235558
1664,235564
1664,235565
1664,235559
1494,220297
1494,220296
1494,220292
1494,220290
1494,220298
1494,220293
1494,220299
1494,220294
1494,220300
1494,220295
1494,220444
1494,220443
1494,220442
1494,220441
1494,220450
1494,220449
1494,220446
1494,220445
1494,220451
1494,220452
1494,220447
1494,220453
1494,220454
1494,220448
1189,183774
1189,183775
1189,183776
1189,183777
1189,183778
1189,183779
1189,183780
1189,183781
1189,183782
1189,183783
1189,183785
1189,183786
1189,183787
1189,183788
1189,183789
1189,183791
1189,183792
1189,183793
1189,183794
1189,183795
1189,183796
1189,183797
1189,183798
1189,183799
1189,183800
1189,183801
1189,183802
1189,183803
1189,183804
1189,183805
1189,183807
1189,183808
1189,183809
1189,183810
1189,183811
1189,183812
1189,183813
1189,183814
1189,183815
1189,183816
1189,184032
1189,184033
1189,184034
1189,184035
1189,184036
1189,189050
1189,189051
1189,189052
1189,189053
1189,189057
1189,189056
1189,189054
1189,189058
1189,189059
1189,189055
1190,173215
1190,173214
1190,173216
1190,173217
1190,173218
1190,173219
1190,173220
1190,173221
1190,173222
1190,173223
1190,183944
1190,183945
1190,183946
1190,183947
1190,183948
1190,183949
1190,183950
1190,183951
1190,183952
1190,183953
1190,184037
1190,184039
1190,184040
1190,184041
1190,184042
1190,184043
1190,184044
1190,184045
1190,184046
1190,184047
1190,184048
1190,184049
1190,184050
1190,184051
1190,184038
1190,184052
1190,184053
1190,184054
1190,184055
1190,184056
1190,184057
1190,184058
1190,184059
1190,184060
1190,184061
1190,213193
1190,213194
1190,213195
1190,213196
1190,213200
1190,213199
1190,213197
1190,213201
1190,213202
1190,213198
1191,184456
1191,184457
1191,184458
1191,184459
1191,184460
1191,184461
1191,184462
1191,184463
1191,184465
1191,184466
1191,184467
1191,184468
1191,184469
1191,184470
1191,184471
1191,184472
1191,184473
1191,184474
1191,184475
1191,184476
1191,184477
1191,184478
1191,184479
1191,184480
1191,184481
1191,184482
1191,184483
1191,184484
1191,184485
1191,184486
1191,184488
1191,184489
1191,184490
1191,184491
1191,184492
1191,184493
1191,184494
1191,184495
1191,184496
1191,184497
1191,184498
1191,184499
1191,184500
1191,184501
1191,184502
1191,184513
1191,184514
1191,184515
1191,184516
1191,184518
1191,184517
1191,184519
1191,184520
1191,214088
1191,184521
1191,184522
1188,167348
1188,167349
1188,167351
1188,167352
1188,167353
1188,167354
1188,167355
1188,167350
1188,167356
1188,167357
1188,167358
1188,167359
1188,167360
1188,167361
1188,167362
1188,167363
1188,167364
1188,167365
1188,167366
1188,167367
1188,167368
1188,167369
1188,167370
1188,167371
1188,167372
1188,167373
1188,167374
1188,167375
1188,167391
1188,167392
1188,180279
1188,167393
1015,130617
1015,130618
1015,130623
1015,130622
1015,130619
1015,130632
1015,130633
1015,130624
1015,130628
1015,130627
1015,130634
1015,130625
1015,130620
1015,130630
1015,130635
1015,130629
1015,130621
1015,130626
1015,130631
1015,130636
1015,130679
1015,130678
1015,130680
1015,130681
1015,130686
1015,130687
1015,130682
1015,130683
1015,130689
1015,130688
1015,130684
1015,130690
1015,130691
1015,130685
1111,123859
1111,123860
1111,123862
1111,123861
1111,123863
1111,123864
1111,123866
1111,123867
1111,123869
1111,123868
1111,123870
1111,123865
1111,123871
1130,123322
1130,123324
1130,123325
1130,123323
1130,123326
1130,123330
1130,123327
1130,123331
1130,123332
1130,123333
1130,123328
1130,123334
1130,123335
1130,123329
1117,112600
1117,112601
1117,112602
1117,112603
1117,112608
1117,112609
1117,112604
1117,112605
1117,112610
1117,112611
1117,112606
1117,112612
1117,112613
1117,112607
1083,124195
1083,124196
1083,124197
1083,124198
1083,124203
1083,124204
1083,124199
1083,124200
1083,124205
1083,124206
1083,124201
1083,124207
1083,124208
1083,124202
1084,123033
1084,123034
1084,123035
1084,123036
1084,123037
1084,123038
1084,123039
1084,123040
1084,123041
1084,123042
1084,123043
1084,123044
1084,123045
1084,123046
1084,123047
1084,123048
1084,123049
1084,123050
1014,112288
1014,112283
1014,112282
1014,112287
1014,112284
1014,112289
1014,112290
1014,112285
1014,112291
1014,112286
1014,112320
1014,112321
1014,112322
1014,112323
1014,112328
1014,112329
1014,112324
1014,112325
1014,112331
1014,112330
1014,112326
1014,112332
1014,112334
1014,112327
1113,111758
1113,111759
1113,111760
1113,111761
1113,111762
1113,111763
1113,111764
1113,111765
1085,107065
1086,108002
1086,108003
1086,108006
1086,108004
1086,108007
1086,108005
800,94199
800,94200
800,94201
800,94202
800,94203
800,94204
800,94207
800,94208
800,94209
800,94210
800,94211
800,94212
800,94215
800,94216
800,94217
800,94218
800,94219
800,94220
800,94223
800,94224
800,94225
800,94226
800,94227
800,94228
800,94231
800,94232
800,94233
800,94234
800,94235
800,94236
800,94239
800,94240
800,94241
800,94242
800,94243
800,94244
800,94247
800,94248
800,94249
800,94250
800,94251
800,94252
800,94255
800,94256
800,94257
800,94258
800,94259
800,94260
800,94262
800,94264
800,94266
800,94267
800,94271
800,94272
800,94274
800,94276
800,94278
800,94279
800,94280
800,94282
800,94288
800,94291
800,94292
800,94263
800,94275
800,94270
800,94287
800,94290
800,94283
800,94268
800,94284
800,94286
800,94299
800,94300
800,94301
800,94302
800,94303
800,94304
800,94305
800,94306
800,94307
800,94308
800,94309
800,94310
800,94311
800,94312
800,94313
800,94314
800,94335
800,94321
800,94316
800,94330
800,94318
800,94332
800,94315
800,94322
800,94329
800,94334
800,94336
800,94319
800,94333
800,94320
800,94317
800,94331
800,94323
800,94324
800,94325
800,94326
800,94337
800,94338
800,94339
800,94340
800,94341
800,94342
800,94343
800,94344
800,94327
800,94348
800,94345
800,94346
800,94347
800,94328
800,94349
800,94352
800,94350
800,94351
800,94353
800,94354
800,94355
800,94356
800,96983
800,96984
800,96985
800,96986
800,96987
800,96988
800,96991
800,96992
800,96993
800,96994
800,96995
800,96996
800,96999
800,97000
800,97001
800,97002
800,97003
800,97004
800,97007
800,97008
800,97009
800,97010
800,97011
800,97012
800,97015
800,97016
800,97017
800,97018
800,97019
800,97020
800,97023
800,97024
800,97025
800,97026
800,97027
800,97028
800,97031
800,97032
800,97033
800,97034
800,97035
800,97036
800,97039
800,97040
800,97041
800,97042
800,97043
800,97044
800,97046
800,97048
800,97050
800,97051
800,97052
800,97055
800,97058
800,97059
800,97060
800,97063
800,97067
800,97068
800,97072
800,97076
800,97047
800,97075
800,97056
800,97066
800,97071
800,97074
800,97054
800,97062
800,97064
800,97070
800,97176
800,97177
800,97178
800,97179
800,97180
800,97181
800,97182
800,97183
800,97184
800,97185
800,97186
800,97187
800,97188
800,97189
800,97190
800,97191
800,97192
800,97196
800,97206
800,97194
800,97208
800,97197
800,97211
800,97195
800,97209
800,97198
800,97212
800,97199
800,97210
800,97213
800,97193
800,97207
800,97200
800,97201
800,97202
800,97203
800,97214
800,97215
800,97216
800,97217
800,97218
800,97219
800,97220
800,97221
800,97225
800,97222
800,97204
800,97224
800,97223
800,97226
800,97205
800,97229
800,97228
800,97227
800,97230
800,97231
800,97232
800,97233
800,99686
800,99687
800,99688
800,99689
800,99690
800,99691
800,99692
800,99693
800,99694
800,99695
800,99696
800,99697
800,99704
800,99705
800,99706
800,99707
800,99708
800,99709
800,99710
800,99711
800,99712
800,99713
800,99714
800,99715
800,99716
800,99717
800,99718
800,99719
800,99720
800,99721
800,107143
800,107144
800,107142
800,107141
800,107435
800,107436
800,107739
800,107740
800,107737
800,107741
800,107742
800,107743
911,76129
911,76130
911,76131
911,76132
911,76133
911,76134
911,76135
911,76136
911,76137
911,76138
911,76139
911,76140
911,76141
911,76142
911,76143
911,76144
911,76145
911,76146
911,76147
911,76148
911,76149
911,76150
911,76151
911,76152
911,76153
911,76154
911,76155
911,76156
911,76157
911,76158
911,76159
911,76160
911,76161
911,76162
911,76163
911,76164
911,76165
911,76166
911,76167
911,76168
911,76169
911,76170
911,76171
911,76172
911,76173
911,76174
911,76175
911,76176
911,76189
911,76192
911,76187
911,76188
911,76190
911,76191
911,76193
911,76194
911,76195
911,76196
911,76197
911,76198
911,76199
911,76200
911,76862
911,76863
911,76864
911,76865
911,78125
911,78126
911,78127
911,78128
911,78129
911,78130
911,78131
911,78132
911,78133
911,78134
911,78135
911,78136
911,78137
911,78138
911,78139
911,78140
911,78141
911,78142
911,78143
911,78144
911,78145
911,78146
911,78147
911,78148
911,78149
911,78150
911,78151
911,78152
911,78153
911,78154
911,78155
911,78156
911,78157
911,78158
911,78159
911,78160
911,78161
911,78162
911,78163
911,78164
911,78165
911,78166
911,78167
911,78168
911,78169
911,78170
911,78171
911,78172
911,78173
911,78174
911,78175
911,78176
911,78177
911,78178
911,78179
911,78180
911,78181
911,78182
911,78183
911,78184
911,78186
911,78187
911,78188
911,78189
911,76388
911,76389
911,76390
911,76391
911,76392
911,76393
911,76394
911,76395
911,76396
911,76397
911,83800
911,83801
911,83802
911,83803
911,83806
911,83807
911,83804
911,83805
911,83808
911,83809
911,99067
911,99068
911,99069
911,99070
911,99071
911,99072
911,99073
911,99074
911,99075
911,99076
911,99077
911,99078
911,99079
911,99080
911,99081
911,99082
911,99083
911,99084
911,99086
911,99087
911,108234
911,108235
911,108236
911,108237
911,108240
911,108241
911,108242
911,108238
911,108243
911,108239
984,99244
984,99245
984,99246
984,99247
984,99248
984,99249
984,99580
984,99581
984,99582
984,99583
984,99584
984,99585
984,99586
984,99587
984,99588
984,99589
984,99590
984,99591
984,99592
984,99593
984,99594
984,99595
984,99596
984,99597
984,99598
984,99599
984,99600
984,99601
984,99602
984,99603
984,107023
984,107024
984,107025
984,107026
984,107528
984,107527
984,107529
984,107530
984,107526
984,107525
1063,104840
1063,104845
1063,104846
1063,104841
1063,104842
1063,104847
1063,104843
1063,104848
1063,104844
1063,104849
1063,106444
1063,106449
1063,106454
1063,106459
1063,106443
1063,106448
1063,106453
1063,106458
1063,106446
1063,106451
1063,106456
1063,106461
1063,106445
1063,106450
1063,106455
1063,106460
1063,106447
1063,106452
1063,106457
1063,106462
1063,106910
1063,106911
1063,106912
1063,106913
1063,106914
1063,106915
1063,106916
1063,106917
1063,106918
1063,106919
1063,106920
1063,106921
1063,106922
1063,106923
1013,106159
1013,106160
1013,106161
1013,106162
1013,106164
1013,106165
1013,106166
1013,106167
1013,106168
1013,106169
1013,106170
1013,106171
1013,106172
1013,106173
998,97469
998,97858
998,97861
998,97862
998,97864
998,97869
998,97870
998,97890
998,97891
998,97898
998,97899
998,98226
998,98227
998,97859
998,97865
998,97871
998,97872
998,97893
998,97894
998,97900
998,97901
998,98228
998,98229
998,97886
998,97863
998,97873
998,97874
998,97902
998,97903
998,97887
998,97888
998,97896
998,97897
998,98232
998,98233
998,97866
998,97860
998,98188
998,98189
998,98193
998,98194
998,98198
998,98199
998,98203
998,98204
998,98208
998,98209
998,98213
998,98214
998,98210
998,98190
998,98191
998,98195
998,98196
998,98200
998,98201
998,98205
998,98206
998,98211
998,98215
998,98216
998,98197
998,98212
998,98192
998,98202
998,98207
998,98217
998,98514
998,98517
998,98520
998,98523
998,98515
998,98518
998,98521
998,98524
998,98516
998,98522
998,98519
998,98525
998,101859
998,101860
998,101861
998,101862
998,101863
998,101864
998,101865
998,101866
998,101867
998,101868
998,101869
998,101870
998,101871
998,101872
998,101873
998,101874
998,101875
998,101876
998,101877
998,101878
998,101879
998,101880
998,101881
998,101882
998,101883
998,101884
998,101885
998,101886
998,108010
998,108011
998,108012
998,108013
998,108016
998,108017
998,108014
998,108018
998,108019
998,108015
988,95474
988,95475
988,95477
988,95476
988,95478
988,98596
988,98597
988,98598
988,98599
988,98600
988,98601
988,98602
988,98603
988,98604
988,98605
988,98606
988,98607
988,98608
988,98609
988,98610
988,106425
988,106424
988,106426
983,94831
983,94832
983,94952
983,94953
983,94954
983,99481
983,99482
983,99483
983,99484
983,99485
983,99486
983,99487
983,99488
983,99489
983,99490
983,99491
983,99492
983,99493
983,99494
983,99495
983,106422
983,106421
983,106423
996,99829
996,99830
996,99831
996,99832
996,99834
996,99835
996,99828
996,99833
996,99836
996,99837
996,99838
996,99839
996,99840
996,99842
996,99843
996,100067
996,100069
996,100070
996,100068
996,99841
996,100129
996,100130
996,100131
996,100145
996,100132
996,100146
996,100280
996,100240
996,100277
996,100915
996,101744
996,101745
996,101747
996,101748
996,101746
996,101749
996,101750
996,101751
996,101752
996,101754
996,101753
996,101755
996,102105
996,102104
996,102106
996,102107
996,102108
996,102109
996,102372
996,102373
996,102377
996,102375
996,102376
996,102383
996,102378
996,102379
996,102380
996,102381
996,102382
996,102374
996,103100
996,103101
996,103102
996,103103
996,104869
996,104868
996,104926
996,105091
996,105269
996,105267
1012,103541
1012,103542
1012,103559
1012,103560
1012,103561
1012,103562
1012,103563
1012,103564
1012,103565
1012,103566
1012,103567
1012,103568
1012,103569
1012,103570
1012,103571
1012,103572
1012,103626
1012,103620
1012,103621
1012,103622
1012,103623
1012,103624
1012,103625
1012,103627
1012,103732
1012,103733
1012,103734
1012,103735
1012,104969
1012,104970
1012,104973
1012,104971
1012,104972
1012,104974
991,96276
991,96289
991,96277
991,96296
991,96291
991,96278
991,96279
991,96292
991,96280
991,96293
991,96281
991,96294
991,96308
991,96309
991,96310
991,96307
991,96311
991,96312
991,96313
991,96314
991,96315
991,96316
991,96317
991,96318
991,99793
991,99794
991,99795
991,99796
991,99797
991,99798
991,99799
991,99800
991,99801
991,99802
991,99803
991,99804
991,99805
991,99806
991,99807
991,99808
991,99809
991,99810
991,99811
991,99812
991,99813
991,99814
991,99815
991,99816
991,99817
991,99818
991,99819
991,99820
991,103233
991,103234
991,103235
991,103236
991,103629
991,103628
991,103999
991,103998
991,104382
991,104383
882,96364
882,96365
882,96366
882,96367
882,96368
882,96369
882,96370
882,96371
882,96376
882,96377
882,96378
882,96379
882,96380
882,96381
882,96382
882,96383
882,96384
882,96385
882,96386
882,96387
882,96726
882,96727
882,96728
882,96729
882,96730
882,96731
882,96732
882,96733
882,94879
882,94880
882,96734
882,96735
882,96736
882,96737
882,96738
882,96739
882,96740
882,96741
882,96742
882,96743
882,96744
882,96745
882,96746
882,96747
882,96748
882,96749
882,96751
882,96750
882,96752
882,96753
882,99557
882,99558
882,99606
882,99607
882,99608
882,99609
882,99610
882,99611
882,99612
882,99613
882,99614
882,99615
882,99616
882,99617
882,99618
882,99619
882,99620
882,99621
882,99622
882,99623
882,99624
882,99625
882,99626
882,99627
882,99628
882,99629
882,99630
882,99631
882,102786
882,102787
882,102784
882,102785
882,103222
882,103221
882,103224
882,103223
882,103225
882,103226
972,96772
972,96773
972,96774
972,96775
972,96776
972,96777
972,96778
972,96779
972,96950
972,96951
972,96952
972,96953
972,96955
972,96956
972,96957
972,96958
972,98480
972,98481
972,98491
972,98492
972,98493
972,98494
972,98495
972,98496
972,98484
972,98498
972,98497
972,98485
972,98482
972,98483
972,98499
972,98500
972,98502
972,98486
972,98487
972,98501
972,98489
972,98503
972,98488
972,98504
972,98505
972,98490
972,99763
972,99764
972,99765
972,99766
972,99767
972,99768
972,99769
972,99770
972,99771
972,99772
972,99773
972,99774
972,99775
972,99776
972,99777
972,99778
972,99779
972,99780
972,99781
972,99782
972,99783
972,99784
972,99785
972,99786
972,99787
972,99788
972,99789
972,99790
972,102842
972,102843
972,102844
972,102845
972,103013
972,103014
972,103015
972,103016
972,103017
972,103018
965,94957
965,94958
965,94959
965,94960
965,94961
965,94962
965,94963
965,94964
965,95089
965,95087
965,95088
965,95090
965,95092
965,95093
965,95094
965,95095
965,95110
965,95111
965,95112
965,95113
965,95114
965,95109
965,95396
965,95397
965,95399
965,95400
965,98841
965,98842
965,98843
965,98844
965,98846
965,98847
965,98848
965,98849
965,98850
965,98851
965,98852
965,98853
965,98854
965,98855
965,98856
965,98857
965,98858
965,98859
965,98860
965,98861
965,98862
965,98863
965,98864
965,98865
965,98867
965,98868
965,98869
965,98870
965,103079
965,103080
965,103081
965,103082
965,103215
965,103216
965,103217
965,103218
965,103219
965,103220
977,98990
977,98991
977,98992
977,98993
977,99510
977,99511
977,99512
977,99513
977,99514
977,99515
977,99516
977,99517
977,99518
977,99519
977,99520
977,99521
977,99522
977,99523
977,99524
977,99525
977,99526
977,99527
977,99528
977,99529
977,99530
977,99531
977,99532
977,99533
977,99534
977,99535
977,99536
977,99537
977,102849
977,102850
977,102853
977,102854
977,102851
977,102852
977,102856
977,102855
977,102857
977,102858
963,96095
963,96096
963,96097
963,96098
963,96099
963,96100
963,96101
963,96102
963,96103
963,96104
963,96105
963,96106
963,96107
963,96108
963,96109
963,96110
963,96154
963,96155
963,96156
963,96157
963,96158
963,96159
963,96160
963,96161
963,96162
963,96163
963,96164
963,96165
963,96166
963,96167
963,96111
963,96112
963,96113
963,96114
963,96115
963,96116
963,96117
963,96118
963,96168
963,96169
963,96170
963,96171
963,96172
963,96173
963,96174
963,96175
963,96176
963,96177
963,96178
963,96179
963,96180
963,96181
963,96182
963,96183
963,96119
963,96120
963,96121
963,96122
963,96125
963,96126
963,96127
963,96128
963,96129
963,96130
963,96131
963,96132
963,96123
963,96124
963,96133
963,96134
963,96135
963,96136
963,96137
963,96138
963,96139
963,96140
963,96141
963,96142
963,96143
963,96144
963,96145
963,96146
963,96147
963,96148
963,96149
963,96150
963,96151
963,96152
963,89208
963,89209
963,89210
963,89211
963,89212
963,89213
963,89214
963,89215
963,89216
963,89217
963,89218
963,89219
963,89220
963,89221
963,89222
963,89223
963,89224
963,89228
963,89225
963,89226
963,89227
963,89229
963,89230
963,89231
963,89232
963,89233
963,89234
963,89235
963,89237
963,89238
963,89239
963,89240
963,89244
963,89243
963,89241
963,89245
963,89246
963,89242
960,88122
960,88126
960,88128
960,88125
960,88127
960,88123
960,88121
960,88124
960,88147
960,88149
960,88150
960,88151
960,88725
960,88726
960,88729
960,88730
960,88727
960,88728
960,88731
960,88732
960,95371
960,95372
960,95373
960,95374
960,95375
960,95376
960,95377
960,95378
960,95379
960,95380
960,95381
960,95382
960,99466
960,99467
960,99468
960,99469
960,99470
960,99471
960,99472
960,99473
960,99474
960,99475
960,99476
960,99477
960,99478
960,99479
997,97412
997,97413
997,97414
997,97419
997,97420
997,97421
997,97422
997,97426
997,97427
997,97428
997,97429
997,97433
997,97434
997,97435
997,97436
997,97440
997,97441
997,97442
997,97443
997,97447
997,97448
997,97449
997,97450
997,97454
997,97455
997,97456
997,97457
997,97415
997,97416
997,97417
997,97423
997,97424
997,97430
997,97431
997,97437
997,97438
997,97444
997,97445
997,97451
997,97452
997,97458
997,97459
997,97418
997,97425
997,97432
997,97439
997,97446
997,97453
997,97460
997,102089
997,102090
997,102093
997,102091
997,102092
997,102094
926,84372
926,84374
926,84373
926,84371
926,84647
926,84644
926,84648
926,84645
926,84649
926,84646
926,85523
926,85526
926,85525
926,85524
926,85531
926,85532
926,85528
926,85527
926,85533
926,85534
926,85529
926,85535
926,85536
926,85530
955,85322
955,85323
955,85325
955,85324
955,88658
955,88659
955,88660
955,88661
955,93275
955,93276
955,93290
955,93294
885,83444
885,83449
885,83445
885,83450
885,83447
885,83446
885,83451
885,83448
885,83520
885,84504
885,84505
885,84506
885,84507
885,84509
885,84510
885,84508
885,84511
885,84512
948,82602
925,78791
925,78792
925,78793
925,78794
925,78796
925,78797
799,66975
799,66976
799,66977
799,66978
799,66979
799,66980
799,66981
799,66982
799,66983
799,66984
799,66985
799,66986
799,66987
799,66988
799,66989
799,66990
799,66991
799,66992
799,66993
799,66994
799,66995
799,66996
799,66997
799,66998
799,66999
799,67000
799,67001
799,67002
799,67003
799,67004
799,67005
799,67006
799,67007
799,67008
799,67009
799,67010
799,67011
799,67012
799,67013
799,67014
799,67015
799,67016
799,67017
799,67018
799,67019
799,67020
799,67021
799,67022
799,67023
799,67024
799,67025
799,67026
799,67027
799,67028
799,67029
799,67030
799,67032
799,67033
799,67034
799,67035
799,67036
799,67037
799,67038
799,67039
799,67062
799,67040
799,67041
799,67047
799,67048
799,67049
799,67050
799,67052
799,67054
799,67056
799,67058
799,67059
799,67061
799,67064
799,67065
799,67066
799,67069
799,67070
799,67043
799,67044
799,67051
799,67053
799,67055
799,67042
799,67046
799,67057
799,67060
799,67067
799,67071
799,67045
799,67063
799,67068
799,67306
799,67307
799,67308
799,67309
799,67310
799,67311
799,67313
799,67314
799,67315
799,67316
799,67317
799,67318
799,67319
799,67320
799,67321
799,67322
799,67323
799,67324
799,67368
799,67369
799,67328
799,67373
799,67327
799,67372
799,67374
799,67330
799,67375
799,67325
799,67326
799,67329
799,67370
799,67371
799,67331
799,67332
799,67333
799,67334
799,67345
799,67346
799,67347
799,67348
799,67349
799,67350
799,67351
799,67352
799,67353
799,67335
799,67354
799,67355
799,67356
799,67336
799,67360
799,67359
799,67357
799,67358
799,67361
799,67362
799,67363
799,67364
799,68578
799,68579
799,68580
799,68581
799,68582
799,68583
799,68584
799,68585
799,68586
799,68587
799,68588
799,68589
799,68590
799,68591
799,68592
799,68593
799,68594
799,68595
799,68596
799,68597
799,68598
799,68599
799,68600
799,68601
799,68602
799,68603
799,68604
799,68605
799,68606
799,68607
799,68608
799,68609
799,68610
799,68611
799,68612
799,68613
799,68614
799,68615
799,68616
799,68617
799,68618
799,68619
799,68620
799,68621
799,68622
799,68623
799,68624
799,68625
799,68626
799,68627
799,68628
799,68629
799,68630
799,68631
799,68632
799,68633
799,68634
799,68635
799,68636
799,68637
799,68638
799,68639
799,68640
799,68641
799,68664
799,68644
799,68659
799,68642
799,68643
799,68645
799,68646
799,68651
799,68652
799,68654
799,68655
799,68656
799,68658
799,68660
799,68661
799,68663
799,68665
799,68667
799,68668
799,68671
799,68672
799,68647
799,68670
799,68650
799,68648
799,68649
799,68653
799,68657
799,68662
799,68666
799,68669
799,68673
799,68674
799,68675
799,68676
799,68677
799,68678
799,68679
799,68680
799,68681
799,68682
799,68683
799,68684
799,68685
799,68686
799,68687
799,68688
799,68689
799,68693
799,68705
799,68707
799,68691
799,68711
799,68694
799,68690
799,68695
799,68696
799,68697
799,68704
799,68708
799,68709
799,68710
799,68706
799,68692
799,68698
799,68699
799,68700
799,68701
799,68712
799,68713
799,68714
799,68715
799,68716
799,68717
799,68718
799,68719
799,68723
799,68702
799,68721
799,68722
799,68720
799,68724
799,68725
799,68727
799,68703
799,68726
799,68728
799,68729
799,68730
799,68731
799,69877
799,69878
799,69879
799,69880
799,69881
799,69882
799,70057
799,70058
799,70059
799,70060
799,70061
799,70063
799,70064
799,70065
799,70066
799,70067
799,70068
799,70069
799,70070
799,70071
799,70072
799,70073
799,70074
799,70075
799,70076
799,70077
799,70079
799,70081
799,70078
799,70080
799,77785
799,77786
799,77787
799,77788
799,77789
799,77790
799,77793
799,77794
799,77795
799,77796
799,77791
799,77797
799,77798
799,77792
854,68989
854,68990
854,68991
854,68992
854,68993
854,68994
854,68995
854,68996
854,68997
854,68998
854,68999
854,69000
854,69007
854,69010
854,69008
854,69018
854,69004
854,69001
854,69015
854,69002
854,69017
854,69003
854,69014
854,69006
854,69016
854,69005
854,69012
854,69011
854,69009
854,69013
854,79073
854,79074
854,79075
854,79076
854,79080
854,79079
854,79077
854,79081
854,79082
854,79078
850,68917
850,68923
850,68928
850,68931
850,68932
850,68936
850,68941
850,68942
850,68946
850,68949
850,68955
850,68959
850,68962
850,68965
850,68971
850,68974
850,68980
850,68985
850,68924
850,68933
850,68950
850,68981
850,68918
850,68921
850,68929
850,68938
850,68947
850,68963
850,68964
850,68983
850,68956
850,68960
850,68943
850,68944
850,68973
850,68927
850,68934
850,68935
850,68930
850,68961
850,68939
850,68951
850,68966
850,68982
850,68984
850,68925
850,68970
850,68975
850,68945
850,68953
850,68954
850,68957
850,68958
850,68972
850,69153
850,69155
850,69156
850,69157
850,69161
850,69162
850,69163
850,69164
850,69168
850,69169
850,69170
850,69171
850,69182
850,69180
850,69181
850,69184
850,69183
850,69185
850,69186
850,69187
850,69192
850,69193
850,69194
850,69195
850,69188
850,69190
850,69191
850,69189
850,69196
850,69197
850,69172
850,69173
850,69174
850,69175
850,69176
850,69177
850,69178
850,69179
850,69252
850,69247
850,69250
850,69254
850,69248
850,69249
850,69251
850,69253
850,69255
850,69257
850,69258
850,69256
850,71614
850,71615
850,71616
850,71617
850,71618
850,71619
850,71620
850,71621
850,71622
850,71623
850,71624
850,71625
850,71626
850,71627
850,71628
850,71629
850,71630
850,71631
850,71632
850,71633
850,71634
850,71635
850,71636
850,71637
850,71638
850,71639
850,71640
850,71641
850,77428
850,77429
850,77430
850,77431
850,77432
850,77433
850,77434
850,77435
850,77436
850,77437
853,77527
853,77528
853,77529
853,77530
853,77534
853,77535
853,77531
853,77532
853,77537
853,77538
853,77533
853,77539
853,77540
853,77541
884,76101
884,76099
884,76100
884,76102
884,76103
884,76104
884,76105
884,76106
884,76107
884,76108
884,76209
884,76211
884,76214
884,76216
884,76208
884,76210
884,76213
884,76215
884,76223
884,76224
884,76225
884,76218
884,76219
884,76226
884,76228
884,76220
884,76222
884,76227
884,76229
884,76230
884,76231
884,76232
884,76233
884,76234
884,76235
884,76236
884,76240
884,76241
884,76242
884,76243
884,76237
884,76244
884,76245
884,76238
845,66063
845,66064
845,66065
845,66066
845,66067
845,66068
845,66069
845,66070
845,66857
845,66859
845,66858
845,66860
845,66861
845,66863
845,66864
845,66862
845,66865
845,66866
845,69661
845,69662
845,69663
845,69664
845,69665
845,69666
845,69667
845,69668
845,69669
845,69670
845,69671
845,69672
845,69673
845,69674
845,69675
845,76439
845,76440
845,76441
852,75181
852,75182
852,75186
852,75187
852,75190
852,75191
852,75193
852,75194
852,75183
852,75188
852,75192
852,75195
852,76271
852,76272
852,77049
852,76273
852,76274
852,77122
844,66204
844,66205
844,66206
844,66207
844,66208
844,66209
844,66210
844,66211
844,66752
844,66754
844,66751
844,66753
844,66756
844,66758
844,66757
844,66759
844,66760
844,66761
844,69676
844,69677
844,69680
844,69681
844,69682
844,69683
844,69678
844,69679
844,69684
844,69685
844,69686
844,69687
844,69688
844,69689
844,69690
844,76436
844,76437
844,76438
842,65732
842,65733
842,65734
842,65735
842,65736
842,65737
842,65738
842,65739
842,65746
842,65747
842,65748
842,65760
842,65761
842,65762
842,65763
842,65745
842,65740
842,65741
842,65742
842,65743
842,65749
842,65750
842,65753
842,65754
842,65751
842,65752
842,65794
842,65795
842,65797
842,65796
842,67492
842,67493
842,67494
842,67495
842,67496
842,67497
842,67498
842,67499
842,67500
842,67501
842,67502
842,67503
842,67504
842,67505
842,67506
842,67507
842,67508
842,67509
842,67510
842,67511
842,67512
842,67513
842,69923
842,69924
842,69925
842,69926
842,69927
842,69928
842,69929
842,69930
842,69931
842,69932
842,69934
842,69933
842,69936
842,69937
842,69938
842,69939
842,69940
842,69941
842,69942
842,69943
842,69944
842,69945
842,69946
842,69947
842,69957
842,69958
842,69959
842,69960
842,69961
842,69962
842,69963
842,69964
823,65368
823,65369
823,65370
823,65371
823,65372
823,65373
823,65374
823,65375
823,65376
823,65377
823,65378
823,65379
823,65380
823,65381
823,65382
823,65383
823,65391
823,65392
823,65393
823,65394
823,65395
823,65396
823,65397
823,65398
823,65399
823,65400
823,65401
823,65402
823,65403
823,65404
823,65405
823,65406
823,65430
823,65431
823,65432
823,65433
823,65434
823,65435
823,65436
823,65437
823,65438
823,65439
823,65440
823,65441
823,65442
823,65443
823,65444
823,65445
823,65608
823,65609
823,65610
823,65611
823,65612
823,65613
823,65614
823,65615
823,65616
823,65617
823,65618
823,65619
823,65620
823,65621
823,65622
823,65623
823,65651
823,65652
823,65653
823,65654
823,65655
823,65656
823,65657
823,65658
823,65659
823,65660
823,65661
823,65662
823,65663
823,65664
823,65665
823,65666
823,65766
823,65767
823,65768
823,65769
823,65770
823,65771
823,65772
823,65773
823,65774
823,65775
823,65776
823,65777
823,65805
823,65807
823,65808
823,65809
823,65810
823,65806
823,65980
823,65979
823,65981
823,67116
823,67117
823,67121
823,67122
823,67126
823,67127
823,67128
823,67129
823,70378
823,70381
823,70384
823,70387
823,70377
823,70380
823,70383
823,70386
823,70379
823,70382
823,70385
823,70388
823,72325
823,72324
823,72326
823,72327
823,73367
823,73365
823,73368
823,73366
823,73849
823,73851
823,73868
823,73867
823,73869
823,73870
851,71471
851,71472
851,71473
851,71474
851,71475
851,71476
851,71478
851,71479
851,71480
851,71481
851,71482
851,71483
851,71486
851,71487
851,71490
851,71491
851,71748
851,71751
851,71754
851,71745
851,71752
851,71747
851,71750
851,71753
851,72968
851,72969
851,73923
851,72970
851,72971
851,73924
840,66642
840,66643
840,66644
840,66645
840,66646
840,66647
840,66648
840,66649
840,66888
840,66889
840,66890
840,66891
840,66892
840,66893
840,67753
840,67754
840,67756
840,67755
840,66894
840,68033
840,68034
840,68035
840,68036
840,68310
840,68041
840,68042
840,68043
840,68309
840,68040
840,67757
840,67758
840,68393
840,68394
840,68392
840,68311
840,68438
840,68837
840,68838
840,68839
840,68840
840,68841
840,68842
840,68843
840,68844
840,68845
840,68846
840,68847
840,69428
840,69429
840,69430
840,68848
840,69427
840,69123
840,69124
840,69432
840,69433
840,69125
840,69434
840,69909
840,69910
840,69911
840,69912
840,69914
840,69913
840,69915
840,69916
840,69917
840,69918
840,71398
840,71399
840,71394
840,71393
840,71395
840,71400
840,71396
840,71401
840,71397
840,71402
840,72359
840,72360
840,72363
840,72361
840,72364
840,72362
841,65583
841,65584
841,65585
841,65586
841,65587
841,65588
841,65589
841,65590
841,65591
841,65592
841,65593
841,65594
841,65595
841,65596
841,68301
841,68302
841,68287
841,68286
841,68304
841,68294
841,68303
841,68291
841,68306
841,68283
841,68284
841,68305
841,68295
841,68296
841,68293
841,68288
841,68298
841,68292
841,68297
841,68285
841,68300
841,68289
841,68290
841,68299
841,72067
841,72068
841,72069
841,72070
841,72072
841,72071
841,72073
841,72074
841,72075
841,72076
883,70161
883,70162
883,70165
883,70166
883,70167
883,70168
883,70169
883,70170
883,70364
883,70368
883,70365
883,70369
883,70376
883,70366
883,70367
883,70370
883,70371
883,70372
883,70373
883,70374
883,72870
883,72871
883,72872
883,72873
883,72874
883,72875
883,72876
883,72877
883,72879
883,72878
883,72881
883,72880
883,72882
883,72883
858,67421
858,67422
858,67423
858,67424
858,67425
858,67426
858,67427
858,67428
858,67429
858,67430
858,67431
858,67432
858,67433
858,67434
858,67435
858,67436
858,67437
858,67438
858,67439
858,67440
858,67441
858,67442
858,67443
858,67444
858,67445
858,67446
858,67447
858,67448
858,67449
858,67450
858,67451
858,67452
858,67453
858,67454
858,67455
858,67456
858,67457
858,67458
858,67459
858,67460
858,67461
858,67462
858,67463
858,67464
858,67465
858,67466
858,67467
858,67468
858,67469
858,67470
858,67471
858,67472
858,67473
858,67474
858,67475
858,67476
858,67477
858,67478
858,67479
858,67480
858,67481
858,67482
858,64791
858,64796
858,64806
858,64801
858,64797
858,64792
858,64802
858,64807
858,64794
858,64799
858,64804
858,64809
858,64798
858,64793
858,64808
858,64803
858,64800
858,64795
858,64805
858,64810
858,64811
858,64812
858,64813
858,64814
858,64815
858,64816
858,64819
858,64820
858,64821
858,64822
858,64817
858,64823
858,64824
858,64818
879,66872
879,66873
879,66874
879,66875
879,66880
879,66881
879,70174
879,70175
879,70176
879,70177
879,70178
879,70179
879,70180
879,70197
879,70198
879,70199
879,70200
879,70201
879,70202
879,70203
879,70204
879,72863
879,72864
879,72865
795,64442
795,64443
795,64444
795,64445
795,64446
795,64447
795,64448
795,64449
795,64450
795,64451
795,64452
795,64453
795,64454
795,64455
795,64456
795,64457
795,64458
795,64459
795,64460
795,64461
795,64462
795,64463
795,64464
795,64465
795,64466
795,64467
795,64468
795,64469
795,64470
795,64471
795,64472
795,64473
795,64474
795,64475
795,64476
795,64477
795,64478
795,64479
795,64480
795,64481
795,64482
795,64483
795,64484
795,64485
795,64486
795,64487
795,64488
795,64489
795,64490
795,64491
795,64492
795,64493
795,64494
795,64495
795,64496
795,64497
795,64498
795,64499
795,64500
795,64501
795,64502
795,64503
795,64504
795,64505
795,64506
795,64507
795,64508
795,64509
795,64510
795,64511
795,64512
795,64513
795,64514
795,64515
795,64516
795,64517
795,64518
795,64519
795,64520
795,64521
795,64522
795,64523
795,64524
795,64525
795,64526
795,64527
795,64528
795,64529
795,64530
795,64531
795,64532
795,64533
795,64534
795,64535
795,64536
795,64537
795,64538
795,64539
795,64540
795,64541
795,64542
795,64543
795,64544
795,64545
795,64546
795,64547
795,64548
795,64549
795,64550
795,64551
795,64552
795,64553
795,64554
795,64555
795,64556
795,64557
795,64558
795,64559
795,64560
795,64561
795,64562
795,64563
795,64564
795,64565
795,64566
795,64567
795,64568
795,64569
795,64630
795,64632
795,64570
795,64571
795,64572
795,64573
795,64575
795,64577
795,64578
795,64579
795,64580
795,64581
795,64582
795,64583
795,64584
795,64585
795,64587
795,64588
795,64589
795,64590
795,64591
795,64592
795,64594
795,64595
795,64596
795,64597
795,64598
795,64599
795,64600
795,64601
795,64603
795,64604
795,64605
795,64606
795,64607
795,64608
795,64609
795,64610
795,64611
795,64612
795,64613
795,64615
795,64619
795,64620
795,64621
795,64622
795,64623
795,64624
795,64625
795,64627
795,64628
795,64629
795,64633
795,64586
795,64574
795,64593
795,64576
795,64602
795,64614
795,64616
795,64617
795,64618
795,64626
795,64631
795,64634
795,64635
795,64636
795,64637
795,64638
795,64639
795,64640
795,64641
795,64642
795,64643
795,64644
795,64645
795,64646
795,64647
795,64648
795,64649
795,64650
795,64651
795,64652
795,64653
795,64654
795,64655
795,64656
795,64657
795,64658
795,64659
795,64660
795,64661
795,64662
795,64663
795,64664
795,64665
795,64666
795,64667
795,64669
795,64670
795,64671
795,64672
795,64673
795,64675
795,64676
795,64678
795,64679
795,64681
795,64668
795,64674
795,64677
795,64680
795,64683
795,64684
795,64685
795,64686
795,64687
795,64688
795,64689
795,64690
795,64691
795,64692
795,64694
795,64693
795,65282
795,65283
795,65284
795,65285
795,65286
795,65289
795,65287
795,65290
795,65291
795,65292
795,65293
795,65288
795,65294
829,63948
829,63949
829,63950
829,63951
829,63952
829,63953
829,63954
829,63955
829,63956
829,63957
829,63958
829,63959
829,63960
829,63961
829,63962
829,63963
829,63964
829,63965
829,63966
829,63967
829,63968
829,63969
829,63970
829,63971
829,63972
829,63973
829,63974
829,63975
829,63976
829,63977
829,63978
829,63979
829,63995
829,63980
829,63981
829,63982
829,63983
829,63984
829,63985
829,63986
829,63987
829,63988
829,63989
829,63990
829,63991
829,63992
829,63993
829,63994
829,63999
829,64000
829,64001
829,64002
829,64003
829,64004
829,64005
829,64006
829,64008
829,64009
829,64010
829,64007
829,64011
829,64012
829,64107
829,64108
829,64109
829,64110
829,64111
829,64112
829,65495
829,65496
829,65497
829,65498
829,65499
829,65500
829,65501
829,65502
829,65503
829,65504
829,65505
829,65506
829,65507
829,65508
829,65509
829,65510
829,65511
829,65512
829,65513
829,65514
829,65515
829,65516
829,65517
829,65518
829,65519
829,65520
829,65521
829,65522
829,65523
829,65524
829,65525
829,65526
829,65534
829,65527
829,65528
829,65529
829,65530
829,65531
829,65532
829,65533
829,65535
829,65536
829,65537
829,65538
829,65539
829,65540
829,65541
829,65542
829,65544
829,65545
829,65546
829,65547
829,65548
829,65549
829,65550
829,65551
829,65553
829,65552
829,65554
829,65555
829,65556
829,65557
829,65558
829,66280
829,66281
829,66282
829,66283
829,66286
829,66287
829,69561
829,69562
829,69564
829,69563
829,70286
829,70287
829,70288
829,70289
829,70290
829,70291
829,70292
829,70293
829,70294
829,70295
829,70297
829,70296
829,70298
829,70299
829,70300
829,70301
829,77808
829,77809
829,77810
829,77811
829,77814
829,77815
829,77816
829,77812
829,77817
829,77813
830,63675
830,63670
830,63671
830,63677
830,63672
830,63676
830,63674
830,63673
830,63682
830,63683
830,63684
830,63685
830,64046
830,64047
830,64161
830,64162
830,64160
830,64163
830,64159
830,64165
830,65966
830,65967
830,65968
830,65969
830,65970
830,65971
830,65972
830,65973
830,65974
830,65975
830,65976
830,65977
830,69754
830,69755
830,69756
830,69757
830,69758
830,69759
830,69760
830,69761
830,69762
830,69763
830,69764
830,69765
830,69766
830,69767
812,60939
812,60938
812,60940
812,60941
812,60942
812,60944
812,60943
812,60945
812,61045
812,61046
812,61047
812,61048
812,61288
812,61289
812,61290
812,62883
812,62884
812,62885
812,62886
812,62887
812,62888
812,62889
812,62890
812,62899
812,62897
812,62898
812,62900
812,62902
812,62903
812,62904
812,64240
812,64241
812,64242
812,64243
812,64244
812,64245
812,64246
812,64247
812,64248
812,64249
812,64251
812,64250
812,64252
812,64253
812,64254
812,65599
812,65600
812,65601
812,65602
812,65603
812,65604
812,65605
812,65606
812,65948
812,65949
812,65950
812,65951
812,65994
812,65993
812,66174
812,66780
812,66778
812,66779
812,66781
812,66782
812,66783
812,66784
812,66785
812,67400
812,67401
812,67402
812,67403
812,67575
812,67576
812,67695
812,67697
812,67696
796,64310
796,64311
796,64312
796,64313
796,64314
796,64315
796,64316
796,64317
796,64318
796,64319
796,64320
796,64321
796,64322
796,64323
796,64324
796,64325
796,64326
796,64327
796,64328
796,64329
796,64330
796,64331
796,64332
796,64333
796,64334
796,64335
796,64336
796,64337
796,64338
796,64339
796,64340
796,64341
796,64342
796,64343
796,64344
796,64345
796,64346
796,64347
796,64348
796,64349
796,64350
796,64351
796,64352
796,64353
796,64354
796,64355
796,64356
796,64357
796,64358
796,64359
796,64361
796,64363
796,64364
796,64365
796,64362
796,64360
796,64366
796,64367
796,64368
796,64369
796,65230
796,65231
796,65232
796,65233
796,65234
796,65235
796,65238
796,65239
796,65241
796,65236
796,65240
796,65242
796,65244
796,65243
796,65237
797,64371
797,64372
797,64373
797,64374
797,64375
797,64376
797,64377
797,64378
797,64379
797,64380
797,64381
797,64382
797,64383
797,64384
797,64385
797,64386
797,64387
797,64388
797,64389
797,64390
797,64391
797,64392
797,64393
797,64394
797,64395
797,64396
797,64397
797,64398
797,64399
797,64400
797,64401
797,64402
797,64403
797,64404
797,64405
797,64406
797,64407
797,64408
797,64409
797,64410
797,64411
797,64412
797,64413
797,64414
797,64415
797,64416
797,64417
797,64418
797,64419
797,64420
797,64421
797,64422
797,64423
797,64424
797,64425
797,64426
797,64427
797,64428
797,64429
797,64430
797,65297
797,65298
797,65299
797,65300
797,65301
797,65302
797,65304
797,65305
797,65303
797,65306
797,65307
797,65308
797,65689
797,65309
797,65310
792,62601
792,62602
792,62603
792,62604
792,62605
792,62606
792,62607
792,62608
792,62609
792,62610
792,62611
792,62612
792,62613
792,62614
792,62615
792,62616
792,62617
792,62618
792,62619
792,62620
792,62621
792,62622
792,62623
792,62624
792,62625
792,62626
792,62627
792,62628
792,62629
792,62630
792,62631
792,62632
792,62633
792,62634
792,62635
792,62636
792,62637
792,62638
792,62639
792,62640
792,62641
792,62642
792,62643
792,62644
792,62645
792,62646
792,62647
792,62648
792,62649
792,62650
792,62651
792,62652
792,62653
792,62654
792,62655
792,62656
792,62657
792,62658
792,62659
792,62660
792,62661
792,62662
792,62663
792,62664
792,62665
792,62666
792,62667
792,62668
792,62669
792,62670
792,62671
792,62672
792,62673
792,62674
792,62675
792,62676
792,62677
792,62678
792,62679
792,62680
792,62681
792,62682
792,62683
792,62684
792,62685
792,62686
792,62687
792,62688
792,62689
792,62690
792,62691
792,62692
792,62693
792,62694
792,62695
792,62696
792,62697
792,62698
792,62699
792,62700
792,62701
792,62702
792,62703
792,62704
792,62705
792,62706
792,62707
792,62708
792,62709
792,62710
792,62711
792,62712
792,62713
792,62714
792,62715
792,62716
792,62717
792,62718
792,62719
792,62720
792,62721
792,62722
792,62723
792,62724
792,62725
792,62726
792,62727
792,62728
792,62729
792,62730
792,62731
792,62732
792,62734
792,62735
792,62736
792,62737
792,62740
792,62741
792,62742
792,62743
792,62744
792,62745
792,62746
792,62747
792,62748
792,62749
792,62750
792,62751
792,62752
792,62753
792,62754
792,62755
792,62756
792,62757
792,62758
792,62759
792,62760
792,62761
792,62762
792,62763
792,62764
792,62765
792,62767
792,62768
792,62769
792,62770
792,62771
792,62772
792,62773
792,62774
792,62776
792,62777
792,62778
792,62779
792,62780
792,62782
792,62783
792,62784
792,62786
792,62790
792,62791
792,62787
792,62785
792,62788
792,62781
792,62792
792,62733
792,62738
792,62739
792,62766
792,62775
792,62789
792,62793
792,62794
792,62795
792,62796
792,62797
792,62798
792,62799
792,62800
792,62801
792,62802
792,62803
792,62804
792,62805
792,62806
792,62807
792,62808
792,62809
792,62810
792,62811
792,62812
792,62813
792,62814
792,62815
792,62816
792,62817
792,62818
792,62819
792,62820
792,62821
792,62822
792,62823
792,62824
792,62825
792,62826
792,62827
792,62828
792,62829
792,62833
792,62834
792,62835
792,62839
792,62830
792,62836
792,62838
792,62831
792,62840
792,62832
792,62837
792,62841
792,62842
792,62843
792,62844
792,62845
792,62846
792,62847
792,62848
792,62849
792,62852
792,62850
792,62851
792,63616
792,63617
792,63618
792,63619
792,63625
792,63621
792,63620
792,63624
792,63626
792,63627
792,63628
792,63622
792,63629
793,63361
793,63362
793,63363
793,63364
793,63365
793,63366
793,63367
793,63368
793,63369
793,63370
793,63371
793,63372
793,63373
793,63374
793,63375
793,63376
793,63377
793,63378
793,63379
793,63380
793,63381
793,63382
793,63383
793,63384
793,63385
793,63386
793,63387
793,63388
793,63389
793,63390
793,63391
793,63392
793,63395
793,63397
793,63398
793,63401
793,63405
793,63406
793,63407
793,63408
793,63393
793,63394
793,63396
793,63399
793,63402
793,63403
793,63404
793,63400
793,63409
793,63410
793,63411
793,63412
793,63413
793,63414
793,63415
793,63416
793,63417
793,63420
793,63418
793,63419
793,63641
793,63642
793,63643
793,63644
793,63645
793,63646
793,63649
793,63650
793,63647
793,63651
793,63652
793,63653
793,63690
793,63654
793,63648
794,62530
794,62531
794,62532
794,62533
794,62534
794,62535
794,62536
794,62537
794,62538
794,62539
794,62540
794,62541
794,62542
794,62543
794,62544
794,62545
794,62546
794,62547
794,62548
794,62549
794,62550
794,62551
794,62552
794,62553
794,62554
794,62555
794,62556
794,62557
794,62558
794,62559
794,62560
794,62561
794,62562
794,62563
794,62564
794,62565
794,62566
794,62567
794,62568
794,62569
794,62570
794,62571
794,62572
794,62573
794,62574
794,62575
794,62576
794,62577
794,62581
794,62582
794,62583
794,62584
794,62578
794,62579
794,62580
794,62585
794,62586
794,62587
794,62588
794,62589
794,63579
794,63580
794,63582
794,63581
794,63583
794,63584
794,63587
794,63588
794,63585
794,63590
794,63589
794,63591
794,63688
794,63592
794,63586
449,51282
449,51278
449,51283
449,51277
449,51273
449,51272
449,51284
449,51267
449,51279
449,51274
449,51266
449,51280
449,51275
449,51285
449,51268
449,51269
449,51276
449,51286
449,51281
449,51270
449,51290
449,51291
449,51292
449,51293
449,51294
449,51295
449,51296
558,43764
558,43765
558,43768
558,43766
558,43767
558,43769
558,43772
558,43773
558,43774
558,43775
558,43770
558,43776
558,43777
558,43771
561,42173
561,42174
561,42175
561,42178
561,42179
561,42180
561,42176
561,42181
561,42177
561,42182
561,42185
561,42186
561,42187
559,42198
559,42199
559,42200
559,42201
559,42206
559,42207
559,42202
559,42203
559,42208
559,42209
559,42204
559,42210
559,42211
559,42205
560,39489
560,39490
560,39491
560,39493
560,39494
560,39492
560,43112
560,43113
560,43109
560,43110
560,43114
560,43115
560,43111
560,43116
560,43117
560,43118
560,43119
560,43120
450,40469
450,40472
450,40470
450,40471
450,40476
450,40477
450,40473
450,40474
450,40479
450,40478
450,40480
450,40475
450,40481
450,40482
466,34948
466,35938
466,34952
466,34947
466,34951
466,34949
466,34950
466,35939
466,34964
466,34961
466,34958
466,35940
466,35941
466,34962
466,34965
466,34959
466,35942
466,34963
466,34960
466,34966
466,35943
466,34975
466,34976
466,34973
466,34974
466,34977
466,34978
466,34979
649,33848
649,33850
649,33849
649,33851
649,33852
649,33856
649,33853
649,33857
649,33858
649,33859
649,33854
649,33860
649,33861
649,33855
664,35565
664,35566
664,35567
664,35568
664,35593
664,35594
664,35595
664,35596
664,35569
664,35570
664,35571
664,35572
664,35597
664,35598
664,35599
664,35600
664,35573
664,35574
664,35575
664,35576
664,35601
664,35602
664,35603
664,35604
664,35577
664,35578
664,35579
664,35580
664,35605
664,35606
664,35607
664,35608
664,35581
664,35582
664,35583
664,35584
664,35609
664,35610
664,35611
664,35612
664,35585
664,35586
664,35587
664,35588
664,35613
664,35614
664,35615
664,35616
664,35589
664,35590
664,35591
664,35592
664,35617
664,35618
664,35619
664,35620
570,29741
570,29742
570,29743
570,29744
570,29745
570,29746
570,29747
570,29748
570,29749
570,29750
570,29751
570,29752
570,29753
570,29754
570,29755
570,29756
570,29757
570,29758
570,29759
570,29760
570,29761
570,29762
570,29763
570,29764
570,33100
570,33101
570,33102
570,33103
570,33479
570,33480
570,33481
570,33482
570,33483
570,33485
570,33484
570,33486
570,33487
570,33488
536,31349
536,31350
536,31351
536,31352
536,31469
536,31470
536,31471
536,31472
536,31473
536,31474
536,31475
536,31476
536,31477
536,31478
547,30770
547,30771
547,30773
547,30772
547,30752
547,30753
547,30755
547,30754
547,30760
547,30761
547,30762
547,30763
547,30756
547,30757
547,30764
547,30765
547,30766
547,30767
547,30768
547,30758
547,30769
547,30759
621,30888
621,30889
621,30891
621,30890
621,30892
621,30893
621,30894
621,30896
621,30895
621,30897
621,31291
621,31292
621,31831
621,31830
621,31832
621,31833
578,29391
578,29392
578,29393
578,29394
578,29395
578,29396
578,29399
578,29400
578,29402
578,29401
578,29397
578,29403
578,29404
578,29398
595,24404
595,24407
595,24409
595,24410
595,24417
595,24418
595,24422
595,24423
595,24403
595,24408
595,24411
595,24412
595,24419
595,24420
595,24424
595,24425
595,24413
595,24416
595,24405
595,24406
595,24414
595,24421
595,24426
595,24427
595,24428
595,24429
595,24434
595,24435
595,24441
595,24442
595,24447
595,24448
595,24430
595,24431
595,24436
595,24437
595,24440
595,24443
595,24449
595,24450
595,24446
595,24432
595,24433
595,24438
595,24439
595,24444
595,24445
595,24451
595,25482
595,25483
595,25484
595,25485
595,25486
595,25487
595,25488
595,25489
595,25758
595,25759
595,25760
595,25761
595,27301
595,27291
595,27296
595,27286
595,27287
595,27292
595,27297
595,27302
595,27288
595,27293
595,27298
595,27303
595,27289
595,27294
595,27299
595,27304
595,27290
595,27295
595,27300
595,27305
595,30597
595,30598
595,30599
595,30600
595,30601
595,30602
595,30603
540,29664
540,29665
540,29666
540,29667
540,29672
540,29673
540,29668
540,29669
540,29674
540,29675
540,29670
540,29676
540,29677
540,29671
535,29645
535,29646
535,29647
535,29648
535,29649
535,29650
535,29651
535,29652
535,29707
535,29704
535,29705
535,29706
535,29798
535,29799
535,29800
535,29801
535,29804
535,29805
535,29802
535,29803
535,29806
535,29807
625,30181
625,30182
625,30183
625,30184
625,30185
625,30186
625,30187
625,30188
625,30189
625,30190
625,30191
625,30192
625,30193
625,30194
625,30195
625,30780
625,30781
625,30784
625,30782
625,30783
625,30785
625,30788
625,30789
625,30790
625,30791
625,30792
625,30787
625,30793
625,30786
567,30414
567,30415
567,30416
567,30417
567,30419
567,30420
567,30421
567,30418
567,30422
567,30423
567,30424
567,25929
567,25930
567,25934
567,25931
567,25932
567,25933
567,25937
567,25938
567,25939
567,25940
567,25935
567,25941
567,25942
567,25936
569,29867
569,29868
569,29869
569,29870
569,29871
569,29872
569,29873
569,29874
569,29875
569,29876
569,29877
569,29878
569,29879
569,29880
569,29881
569,25946
569,25947
569,25948
569,25949
569,25954
569,25955
569,25950
569,25951
569,25957
569,25956
569,25952
569,25958
569,25959
569,25953
581,30149
581,30150
581,30151
581,30152
581,30153
581,30154
581,30155
581,30156
581,30157
581,30158
581,30159
581,30160
581,30161
581,30162
581,30389
581,30390
581,30391
581,30392
581,30393
581,30394
581,30395
581,30396
581,30397
581,30398
581,30399
581,30400
581,30401
581,30402
581,30567
581,30568
581,30569
581,30570
581,30571
581,30572
581,30573
581,30574
581,30575
581,30576
581,30577
581,30578
581,30579
581,30580
581,30581
581,31107
581,31108
581,31109
581,31110
581,31111
581,31112
581,31113
581,31114
544,27950
544,27957
544,27958
544,27968
544,27982
544,27944
544,27945
544,27947
544,27948
544,27949
544,27951
544,27952
544,27953
544,27954
544,27955
544,27956
544,27960
544,27961
544,27962
544,27963
544,27964
544,27965
544,27966
544,27969
544,27970
544,27971
544,27972
544,27973
544,27974
544,27976
544,27977
544,27978
544,27979
544,27980
544,27981
544,27983
544,27984
544,27985
544,27986
544,27987
544,27988
544,27989
544,27990
544,27992
544,27993
544,27994
544,27995
544,27996
544,27997
544,27998
544,27999
544,28000
544,28001
544,28002
544,28003
544,28004
544,28005
544,28006
544,28008
544,28009
544,28010
544,28011
544,28012
544,28013
544,28014
544,28015
544,28016
544,28017
544,28018
544,28019
544,28020
544,28021
544,28022
544,28025
544,28026
544,28027
544,28028
544,28029
544,28031
544,28033
544,28034
544,28035
544,28036
544,28037
544,28038
544,28039
544,28041
544,28042
544,28043
544,28044
544,28045
544,28046
544,28047
544,28048
544,28049
544,28050
544,28051
544,28052
544,28053
544,28054
544,28055
544,28057
544,28058
544,28059
544,28060
544,28061
544,28062
544,28063
544,28065
544,28066
544,28067
544,28068
544,28069
544,28070
544,28071
544,28030
544,28075
544,28072
544,28074
544,28083
544,28085
544,28088
544,28104
544,28087
544,28126
544,28081
544,28078
544,28084
544,28092
544,28098
544,28101
544,28103
544,28116
544,28117
544,28127
544,28128
544,28134
544,28073
544,28076
544,28077
544,28079
544,28080
544,28082
544,28086
544,28089
544,28090
544,28091
544,28093
544,28094
544,28095
544,28096
544,28097
544,28099
544,28100
544,28102
544,28105
544,28106
544,28107
544,28108
544,28109
544,28110
544,28111
544,28112
544,28113
544,28114
544,28115
544,28118
544,28119
544,28120
544,28121
544,28122
544,28123
544,28124
544,28125
544,28129
544,28130
544,28131
544,28132
544,28133
544,28135
544,28140
544,28143
544,28145
544,28146
544,28148
544,28155
544,28156
544,28159
544,28163
544,28166
544,28136
544,28137
544,28138
544,28139
544,28141
544,28142
544,28144
544,28147
544,28149
544,28150
544,28151
544,28152
544,28153
544,28154
544,28157
544,28158
544,28160
544,28161
544,28162
544,28164
544,28165
544,28167
544,28170
544,28172
544,28178
544,28182
544,28171
544,28173
544,28174
544,28177
544,28181
544,28183
544,28168
544,28175
544,28180
544,28176
544,28179
544,28169
544,28186
544,28188
544,28190
544,28184
544,28185
544,28187
544,28189
544,28191
544,28195
544,28199
544,28198
544,28197
544,28196
544,28192
544,28194
544,28193
544,28200
544,28201
544,28202
544,28203
544,28206
544,28207
544,28208
544,28209
544,28205
544,28210
544,28212
544,28211
544,28213
544,28204
544,28214
544,28215
544,28217
544,28216
544,28906
544,28907
544,28908
544,28909
544,28914
544,28915
544,28910
544,28911
544,28917
544,28916
544,28912
544,28918
544,28919
544,28913
545,28628
545,28629
545,28630
545,28631
545,28632
545,28633
545,28634
545,28635
545,28636
545,28637
545,28638
545,28639
545,28640
545,28641
545,28642
545,28643
545,28644
545,28645
545,28646
545,28647
545,28648
545,28649
545,28650
545,28651
545,28652
545,28653
545,28654
545,28655
545,28656
545,28657
545,28658
545,28659
545,28660
545,28661
545,28662
545,28663
545,28664
545,28665
545,28666
545,28667
545,28668
545,28669
545,28670
545,28671
545,28672
545,28673
545,28674
545,28675
545,28676
545,28677
545,28678
545,28679
545,28680
545,28681
545,28682
545,28683
545,28573
545,28574
545,28575
545,28576
545,28577
545,28578
545,28579
545,28580
545,28581
545,28582
545,28583
545,28584
545,28587
545,28588
545,28589
545,28590
545,28585
545,28592
545,28593
545,28594
545,28586
545,28591
545,28595
545,28596
545,28597
545,28598
545,28920
545,28921
545,28923
545,28922
545,28928
545,28929
545,28924
545,28925
545,28930
545,28931
545,28926
545,28932
545,28933
545,28927
546,28399
546,28400
546,28401
546,28402
546,28403
546,28404
546,28405
546,28406
546,28407
546,28408
546,28410
546,28411
546,28412
546,28413
546,28414
546,28415
546,28416
546,28417
546,28418
546,28419
546,28420
546,28422
546,28423
546,28424
546,28425
546,28426
546,28427
546,28428
546,28430
546,28624
546,28699
546,28431
546,28432
546,28433
546,28434
546,28435
546,28436
546,28437
546,28438
546,28439
546,28440
546,28441
546,28442
546,28443
546,28444
546,28445
546,28446
546,28447
546,28448
546,28449
546,28450
546,28451
546,28452
546,28453
546,28454
546,28455
546,28456
546,28457
546,28458
546,28459
546,28460
546,28461
546,28462
546,28465
546,28471
546,28472
546,28463
546,28466
546,28469
546,28470
546,28464
546,28467
546,28468
546,28473
546,28474
546,28475
546,28476
546,28477
546,28478
546,28479
546,28480
546,28935
546,28936
546,28938
546,28937
546,28943
546,28944
546,28939
546,28940
546,28946
546,28945
546,28941
546,28947
546,28948
546,28942
534,26724
534,26725
534,26726
534,26727
534,26728
534,26729
534,26730
534,26731
534,26777
534,26774
534,26775
534,26776
534,26909
534,26910
534,26911
534,26912
534,26913
534,26914
534,26915
534,26916
534,26917
534,26918
611,27199
611,27200
611,27201
611,27202
611,27203
611,27204
611,27205
611,27206
611,27207
611,27208
611,27209
611,27210
611,27211
611,27212
611,27213
611,28560
611,28561
611,28562
611,28563
611,28564
611,28565
611,28567
611,28566
573,27416
573,27417
573,27418
573,27419
573,27420
573,27421
573,27422
573,27423
573,27424
573,27425
573,27426
573,27427
568,26957
568,26958
568,26959
568,26960
568,26961
568,26962
568,26963
568,26964
568,26965
568,26966
568,26967
568,26968
568,25989
568,25990
568,25991
568,25992
568,25997
568,25998
568,25993
568,25994
568,26000
568,25999
568,25995
568,26001
568,26002
568,25996
603,27443
603,27444
603,27445
603,27446
603,27447
603,27448
603,27449
603,27450
603,27451
603,27452
603,27453
603,27454
603,27455
603,27456
603,27457
603,25975
603,25976
603,25977
603,25978
603,25983
603,25984
603,25979
603,25980
603,25986
603,25985
603,25981
603,25987
603,25988
603,25982
580,27163
580,27164
580,27165
580,27166
580,27167
580,27168
580,27169
580,27170
580,27171
580,27172
580,27173
580,27174
580,27175
580,27176
580,27428
580,27429
580,27430
580,27431
580,27432
580,27433
580,27434
580,27435
580,27436
580,27437
580,27438
580,27439
580,27440
580,27441
580,27838
580,27839
580,27840
580,27841
580,27842
580,27843
580,27844
580,27845
580,27846
580,27847
580,27848
580,27849
580,27850
580,27851
580,27853
580,28884
580,28885
580,28886
580,28887
580,28888
580,28889
580,28890
580,28891
566,27477
566,27478
566,27479
566,27480
566,27481
566,27482
566,27483
566,27484
566,27486
566,27487
566,27488
566,22598
566,22599
566,22600
566,22601
566,22602
566,22603
566,22604
566,22605
566,22606
566,22607
566,22608
566,22609
566,22610
566,22611
539,27317
539,27319
539,27332
539,27334
539,27342
539,27346
539,27351
539,27356
539,27376
539,27381
539,27385
539,27391
539,27395
539,27399
539,27348
539,27330
539,27345
539,27349
539,27358
539,27367
539,27383
539,27388
539,27389
539,27397
539,27411
539,27180
539,27318
539,27328
539,27374
539,27371
539,27315
539,27327
539,27335
539,27341
539,27352
539,27354
539,27365
539,27372
539,27377
539,27379
539,27387
539,27392
539,27396
539,27403
539,27181
539,27406
539,27320
539,27182
539,27316
539,27322
539,27326
539,27331
539,27340
539,27347
539,27350
539,27361
539,27366
539,27375
539,27382
539,27386
539,27390
539,27394
539,27402
539,27183
539,27314
539,27321
539,27325
539,27337
539,27343
539,27344
539,27355
539,27359
539,27378
539,27380
539,27384
539,27393
539,27398
539,27184
539,27185
539,27186
539,27187
539,28718
539,28719
539,28720
539,28721
539,28722
539,28723
539,28724
539,28725
539,28726
539,28727
539,28728
539,28729
555,24074
555,24075
555,24076
555,24077
555,24078
555,24079
555,24080
555,24081
555,24082
555,24083
555,24084
555,24085
555,24086
555,24087
555,24088
555,24089
555,24090
555,24091
555,24092
555,24093
555,24616
555,24617
555,24618
555,24619
555,24620
555,24621
555,24622
555,24623
555,24624
555,24625
555,24626
555,24627
555,24628
555,24629
555,24630
555,24631
555,24637
555,24638
555,24639
555,24640
555,24641
555,24642
555,24643
555,24644
555,24915
555,24916
555,24917
555,24918
555,25235
555,25236
555,25261
555,25491
555,25492
555,25493
555,25494
555,26026
555,26027
555,25497
555,26028
564,24920
564,24919
564,24921
564,24922
564,24923
564,24924
564,24925
564,24926
564,24927
564,24928
564,24929
564,24930
564,24931
564,24932
564,24933
564,24934
564,24935
564,24936
564,24937
564,24938
564,24939
564,24940
564,22583
564,22584
564,22585
564,22586
564,22587
564,22588
564,22589
564,22590
564,22591
564,22592
564,22593
564,22594
564,22595
564,22596
572,24224
572,24225
572,24226
572,24227
572,24228
572,24229
572,24230
572,25373
572,25374
572,25375
572,25376
572,25377
572,25378
572,25379
572,25380
565,24374
565,24375
565,24376
565,24377
565,24378
565,24379
565,24380
565,24381
565,24382
565,24383
565,24384
565,24385
565,24387
565,24388
565,24389
565,24390
565,24391
565,24392
565,25517
565,25518
565,25519
565,25520
565,25525
565,25526
565,25521
565,25522
565,25527
565,25528
565,25523
565,25529
565,25530
565,25524
579,24580
579,24581
579,24582
579,24583
579,24584
579,24585
579,24586
579,24587
579,24589
579,24590
579,24591
579,24592
579,24635
579,24636
579,24884
579,24885
579,24886
579,24887
579,24888
579,24889
579,24890
579,24891
579,24892
579,24893
579,24894
579,24895
579,24896
579,24897
579,24898
579,24899
579,24900
579,24901
579,24902
579,24903
579,24904
579,24905
579,24906
579,24907
579,24908
579,24909
579,24910
579,24911
579,25391
579,25392
579,25393
579,25394
579,25395
579,25396
579,25397
579,25398
538,25029
538,25030
538,25031
538,25051
538,25052
538,25053
538,25074
538,25075
538,25076
538,25098
538,25099
538,25100
538,25032
538,25033
538,25034
538,25054
538,25055
538,25056
538,25077
538,25078
538,25079
538,25101
538,25102
538,25103
538,25125
538,25126
538,25127
538,25243
538,25244
538,25245
538,25247
538,25248
538,25249
538,25250
538,25251
538,25252
538,25035
538,25036
538,25037
538,25057
538,25058
538,25059
538,25080
538,25081
538,25082
538,25104
538,25105
538,25106
538,25128
538,25129
538,25130
538,25255
538,25256
538,25257
538,25258
538,25259
538,25260
538,25262
538,25263
538,25264
538,25038
538,25039
538,25040
538,25060
538,25061
538,25062
538,25083
538,25084
538,25085
538,25107
538,25108
538,25109
538,25131
538,25132
538,25133
538,25265
538,25266
538,25267
538,25279
538,25280
538,25281
538,25293
538,25294
538,25295
538,25041
538,25042
538,25043
538,25063
538,25064
538,25065
538,25086
538,25087
538,25088
538,25110
538,25111
538,25112
538,25134
538,25135
538,25136
538,25268
538,25269
538,25270
538,25282
538,25283
538,25284
538,25296
538,25297
538,25298
538,25044
538,25045
538,25046
538,25067
538,25068
538,25069
538,25090
538,25091
538,25092
538,25113
538,25114
538,25115
538,25137
538,25138
538,25139
538,25144
538,25271
538,25272
538,25285
538,25286
538,25287
538,25299
538,25300
538,25301
538,25047
538,25048
538,25049
538,25070
538,25071
538,25072
538,25093
538,25094
538,25095
538,25116
538,25117
538,25118
538,25140
538,25141
538,25142
538,25273
538,25274
538,25275
538,25288
538,25289
538,25302
538,25303
538,25304
538,25146
538,25276
538,25277
538,25278
538,25290
538,25291
538,25292
538,25305
538,25306
538,25148
538,26087
538,26088
538,26089
538,26090
538,26091
538,26092
538,26093
538,26094
538,26095
538,26096
538,26097
538,26098
557,25748
557,25749
557,25750
557,25751
557,25752
557,25753
557,25754
557,25755
557,26041
557,26042
557,26043
557,26044
557,26045
557,26046
557,26047
557,26732
557,26733
557,26734
557,26735
557,26949
557,26950
557,26951
557,26952
557,28796
557,28797
557,28798
557,28799
557,28800
557,28801
557,28803
557,28804
557,28805
557,28806
557,28802
557,28807
557,28808
557,28809
557,29331
557,29332
557,29333
557,29334
557,30628
557,30629
557,30630
557,30631
557,29335
557,29336
557,29338
557,30818
557,30819
557,30820
557,30821
557,30822
557,30823
557,30824
557,30825
557,30826
557,30827
557,30828
557,30632
557,30633
557,30829
557,30636
557,30634
557,30830
557,30831
557,31019
557,30832
557,31489
557,31490
557,31491
557,31492
557,31493
557,31497
557,31498
557,31499
557,31500
557,31494
557,31501
557,31495
557,33034
557,33035
557,33039
557,33040
557,33037
557,33042
557,33036
557,33041
557,33038
557,33043
557,33044
557,33045
557,33047
557,33046
557,33048
557,33049
594,23307
594,23309
594,23310
594,23311
594,23312
594,23313
594,23314
594,23325
594,23324
594,23323
594,23327
594,23308
594,23322
594,23326
594,23584
594,23583
594,23328
594,23329
594,23585
594,23586
594,25731
594,25732
594,25733
594,25734
594,25739
594,25740
594,25735
594,25736
594,25741
594,25742
594,27734
594,27726
594,27727
594,27728
594,27729
594,27730
594,27731
594,27732
594,27735
594,27736
594,27733
594,27737
594,27739
594,27738
594,27741
594,27740
594,29576
594,29575
594,29577
594,29574
594,29581
594,29580
594,29578
594,29579
594,29582
594,29583
594,31512
594,31514
594,31513
594,31515
594,31516
594,31520
594,31517
594,31521
594,31522
594,31523
594,31518
594,31524
594,31525
594,31519
533,24194
533,24195
533,24196
533,24197
533,24198
533,24199
533,24200
533,24201
533,24202
533,24203
533,24204
533,24205
533,24206
533,24207
533,24208
533,24209
533,24210
533,24217
533,24211
533,24212
533,24215
533,24216
533,24214
533,24213
533,24465
533,24466
533,24470
533,24471
533,24468
533,24473
533,24467
533,24472
533,24469
533,24474
516,23183
516,23185
516,23188
516,23189
516,23184
516,23186
516,23187
516,23190
516,23191
516,23192
516,23195
516,23198
516,23193
516,23194
516,23196
516,23197
516,23540
516,23541
516,23542
516,23543
516,23544
516,23545
516,23546
516,23547
516,23548
516,23549
516,23551
516,23550
516,23552
516,24158
516,24159
516,24160
516,24161
516,24162
516,24163
516,24164
516,24165
516,24166
516,24167
516,24168
516,24169
516,24170
520,23943
520,23910
520,23911
520,23912
520,23913
520,23914
520,23915
520,23916
520,23917
520,23918
520,23919
520,23920
520,23921
520,23922
520,23923
520,23924
520,23925
520,23926
520,23927
520,23928
520,23929
520,23930
520,23931
520,23932
520,23933
520,23934
520,23935
520,23936
520,23937
520,23938
520,23939
520,23942
520,23944
520,23945
520,23946
520,23947
520,23948
520,23949
520,23950
520,23951
520,23952
520,23953
520,23954
520,23955
520,23956
520,23957
520,23958
520,23959
520,23960
520,23961
520,23962
520,23963
520,23964
520,23965
520,23966
520,23967
520,23968
520,23969
520,23970
520,23971
520,23980
520,23973
520,23974
520,23975
520,23978
520,23979
520,23981
520,23982
520,23983
520,23990
520,23991
520,23993
520,23994
520,23995
520,23996
520,23999
520,24000
520,24002
520,23986
520,23977
520,23984
520,23985
520,23987
520,23989
520,23992
520,23997
520,24001
520,24003
520,23976
520,23998
520,24007
520,24011
520,24004
520,24005
520,24006
520,24008
520,24009
520,24010
520,24012
520,24013
520,24014
520,24015
520,24016
520,24017
520,24018
520,24019
520,24020
520,24021
520,24022
520,24023
520,24024
520,24025
520,24026
520,24027
520,25193
520,25194
520,25195
520,25196
520,25201
520,25202
520,25197
520,25198
520,25204
520,25203
520,25199
520,25205
520,25206
520,25200
541,23644
541,23645
541,23646
541,23647
541,23648
541,23649
541,23650
541,23651
541,23652
541,23653
541,23654
541,23655
541,23656
541,23657
541,23658
541,23659
541,23660
541,23661
541,23662
541,23663
541,23664
541,23665
541,23666
541,23667
541,23668
541,23669
541,23670
541,23671
541,23673
541,23674
541,23675
541,23676
541,23677
541,23678
541,23679
541,23680
541,23681
541,23682
541,23683
541,23684
541,23685
541,23686
541,23687
541,23688
541,23689
541,23690
541,23691
541,23692
541,23693
541,23694
541,23695
541,23696
541,23697
541,23698
541,23699
541,23700
541,23701
541,23702
541,23703
541,23704
541,23705
541,23706
541,23707
541,23708
541,23709
541,23710
541,23711
541,23712
541,23713
541,23714
541,23715
541,23716
541,23717
541,23718
541,23719
541,23720
541,23721
541,23722
541,23723
541,23724
541,23725
541,23726
541,23727
541,23728
541,23729
541,23730
541,23731
541,23732
541,23733
541,23734
541,23735
541,23736
541,23737
541,23738
541,23739
541,23740
541,23741
541,23742
541,23743
541,23744
541,23745
541,23746
541,23747
541,23748
541,23749
541,23750
541,23751
541,23752
541,23753
541,23754
541,23755
541,23756
541,23757
541,23758
541,23759
541,23760
541,23761
541,23762
541,23763
541,23764
541,23765
541,23766
541,23767
541,23768
541,23769
541,23770
541,23771
541,23672
541,23806
541,23772
541,23802
541,23818
541,23820
541,23828
541,23773
541,23774
541,23775
541,23776
541,23777
541,23778
541,23779
541,23780
541,23781
541,23782
541,23783
541,23784
541,23785
541,23786
541,23787
541,23788
541,23789
541,23790
541,23791
541,23792
541,23793
541,23794
541,23795
541,23796
541,23797
541,23798
541,23799
541,23800
541,23801
541,23803
541,23804
541,23805
541,23807
541,23808
541,23809
541,23810
541,23811
541,23812
541,23813
541,23814
541,23815
541,23816
541,23817
541,23819
541,23821
541,23822
541,23823
541,23824
541,23825
541,23826
541,23827
541,23829
541,23830
541,23831
541,23832
541,23833
541,23834
541,23835
541,23836
541,23841
541,23847
541,23849
541,23864
541,23837
541,23838
541,23839
541,23840
541,23842
541,23843
541,23844
541,23845
541,23846
541,23848
541,23850
541,23851
541,23852
541,23853
541,23854
541,23855
541,23856
541,23857
541,23858
541,23859
541,23860
541,23861
541,23862
541,23863
541,23865
541,23866
541,23867
541,23869
541,23870
541,23873
541,23874
541,23882
541,23868
541,23872
541,23875
541,23876
541,23877
541,23878
541,23879
541,23880
541,23881
541,23883
541,23871
541,23884
541,23885
541,23886
541,23887
541,23888
541,23889
541,23890
541,23891
541,24104
541,24101
541,24103
541,24099
541,24100
541,24105
541,24102
541,24098
541,24106
541,24107
541,24108
541,24109
541,24110
541,24111
541,24112
541,24113
541,24114
541,24115
541,24117
541,24116
541,24949
541,24950
541,24951
541,24952
541,24956
541,24957
541,24953
541,24954
541,24958
541,24959
541,24955
541,24960
541,24961
541,24962
600,24597
600,24598
600,24599
600,24600
600,24601
600,24602
600,24603
600,24604
600,24605
600,24606
600,24607
600,24608
600,24609
600,24610
600,24611
600,24612
600,24613
600,24614
600,24615
600,25716
600,25717
600,25718
600,25719
600,25720
600,25729
600,25722
600,25724
600,25723
600,25721
600,25726
600,25725
600,25727
600,25728
469,24695
469,24696
469,24697
469,24698
469,24703
469,24704
469,24705
469,24706
469,24699
469,24700
469,24701
469,24702
469,24859
469,24860
469,24863
469,24864
469,24867
469,24868
469,24861
469,24862
469,24865
469,24866
469,24869
469,25208
469,25209
469,25213
469,25214
469,24870
469,25216
469,25217
469,25574
469,25571
469,25568
469,25207
469,25212
469,25215
469,25575
469,25572
469,25569
469,25573
469,25576
469,25570
542,23588
542,23592
542,23602
542,23618
542,23589
542,23590
542,23591
542,23593
542,23594
542,23595
542,23596
542,23597
542,23598
542,23599
542,23600
542,23601
542,23603
542,23604
542,23605
542,23606
542,23607
542,23608
542,23609
542,23610
542,23611
542,23612
542,23613
542,23614
542,23615
542,23616
542,23617
542,23619
542,23627
542,23624
542,23626
542,23628
542,23629
542,23630
542,23631
542,23632
542,23633
542,23634
542,23635
542,23620
542,23621
542,23622
542,23623
542,23625
542,23636
542,23637
542,23638
542,23639
542,23640
542,23641
542,23642
542,23643
542,24232
542,24233
542,24234
542,24235
542,24236
542,24237
542,24238
542,24239
542,24240
542,24241
542,24242
542,24243
542,24244
542,24245
542,24246
542,24247
542,24248
542,24249
542,24250
542,24251
542,24978
542,24979
542,24981
542,24980
542,24986
542,24987
542,24982
542,24983
542,24989
542,24988
542,24984
542,24990
542,24991
542,24985
543,23484
543,23485
543,23486
543,23487
543,23488
543,23489
543,23490
543,23491
543,23492
543,23493
543,23494
543,23495
543,23496
543,23497
543,23498
543,23499
543,23500
543,23501
543,23502
543,23503
543,23504
543,23505
543,23506
543,23507
543,23508
543,23509
543,23510
543,23511
543,23512
543,23513
543,23514
543,23515
543,23516
543,23517
543,23518
543,23519
543,23520
543,23521
543,23522
543,23523
543,23524
543,23525
543,23526
543,23527
543,23528
543,23529
543,23530
543,23531
543,23532
543,23539
543,23533
543,23534
543,23535
543,23536
543,23537
543,23538
543,24118
543,24119
543,24120
543,24122
543,24123
543,24124
543,24125
543,24121
543,24126
543,24130
543,24129
543,24127
543,24128
543,24131
543,24132
543,24133
543,24134
543,24136
543,24135
543,24137
543,24964
543,24965
543,24966
543,24967
543,24972
543,24973
543,24968
543,24969
543,24974
543,24975
543,24970
543,24976
543,24977
543,24971
403,15780
403,15781
403,15782
403,15783
403,15784
403,15785
403,15786
403,15787
403,15793
403,15794
403,15795
403,15796
403,15797
403,15798
403,16291
403,16292
403,16295
403,16296
403,15799
403,15828
403,16693
403,16694
403,16696
403,17179
403,16695
403,17180
403,17182
403,17181
403,17235
403,17236
403,17238
403,17239
403,17240
403,17241
403,17674
403,17675
403,17676
403,17677
403,17678
403,17679
403,17680
403,17681
403,17691
403,17692
403,17693
403,17694
403,17695
403,17697
403,17698
403,17696
403,18649
403,18650
403,18651
403,18652
403,18656
403,18655
403,18653
403,18654
403,18657
403,18658
403,19819
403,19821
403,19820
403,19822
403,21209
403,21211
403,21210
403,21212
403,21358
403,21359
403,21357
403,21419
403,21550
403,21551
353,19071
353,19072
353,19075
353,19074
353,19076
353,19073
353,19081
353,19082
353,19078
353,19079
353,19083
353,19084
353,19085
353,19086
353,19080
353,19087
353,19088
353,19089
477,18949
477,18950
477,18951
477,18952
477,19019
477,19020
477,19021
477,19022
477,18959
477,18960
477,18961
477,18962
477,19011
477,19012
477,19013
477,19014
477,18963
477,18964
477,18965
477,18966
477,19039
477,19040
477,19041
477,19042
477,18955
477,18956
477,18957
477,18958
477,19023
477,19024
477,19025
477,19026
477,18967
477,18969
477,18970
477,19027
477,19028
477,19029
477,19030
477,18971
477,18972
477,18973
477,18974
477,19031
477,19033
477,19034
477,18975
477,18976
477,18977
477,18978
477,19035
477,19036
477,19037
477,19038
477,18993
477,18994
477,18995
477,18996
477,19015
477,19016
477,19017
477,19018
477,18979
477,18980
477,18981
477,18982
477,19043
477,19044
477,19045
477,19046
477,19001
477,19002
477,19003
477,19004
477,19055
477,19056
477,19057
477,19058
477,18983
477,18984
477,18985
477,18986
477,19047
477,19048
477,19049
477,19050
477,18997
477,18998
477,18999
477,19000
477,19063
477,19064
477,19065
477,19066
477,18989
477,18990
477,18992
477,19051
477,19052
477,19053
477,19054
477,19005
477,19006
477,19007
477,19008
477,19059
477,19060
477,19061
477,19062
398,17521
398,17522
398,17524
398,17523
398,17525
398,17526
398,17509
398,17515
398,17512
398,17511
398,17513
398,17514
398,17527
366,17615
366,17616
366,17617
366,17618
366,17746
366,17747
366,17748
366,17749
366,17750
366,17751
366,17752
366,17753
366,17754
366,17755
372,16998
372,16999
372,17000
372,17001
372,17385
372,17386
372,17382
372,17383
372,17387
372,17388
372,17384
372,17389
372,17390
372,17391
376,16824
376,16829
376,16825
376,16830
376,16827
376,16832
376,16826
376,16831
376,16833
376,16828
376,16834
376,16835
376,16836
429,17584
429,17585
429,17587
429,17588
429,17586
429,17589
429,17590
429,17591
429,17592
429,17593
429,17594
429,17595
429,17596
429,17597
429,17602
429,17598
429,17599
429,17600
426,15385
426,15388
426,15389
426,15394
426,15397
426,15386
426,15390
426,15392
426,15395
426,15398
426,15387
426,15391
426,15393
426,15396
426,15399
426,15400
426,15401
426,15406
426,15409
426,15410
426,15415
426,15416
426,15402
426,15403
426,15407
426,15411
426,15412
426,15417
426,15418
426,15408
426,15404
426,15405
426,15413
426,15414
426,15419
426,15420
426,15746
426,15747
426,15751
426,15752
426,15756
426,15757
426,15761
426,15762
426,15749
426,15748
426,15754
426,15753
426,15759
426,15758
426,15764
426,15763
426,15750
426,15755
426,15760
426,15765
426,15766
426,15767
426,15768
426,15769
426,15770
426,15771
426,15772
441,17421
441,17437
441,17438
441,17439
441,17428
441,17429
441,17426
441,17427
441,17430
441,17431
441,17425
441,17432
441,17433
441,17434
423,16603
423,16604
423,16605
423,16606
423,16589
423,16590
423,16592
423,16591
423,16575
423,16576
423,16577
423,16578
423,16607
423,16608
423,16593
423,16594
423,16579
423,16580
423,16610
423,16611
423,16596
423,16597
423,16582
423,16583
423,16612
423,16613
423,16598
423,16599
423,16584
423,16585
423,16600
423,16614
423,16586
423,16609
423,16595
423,16581
423,16615
423,16601
423,16587
423,16616
423,16602
423,16588
365,16494
365,16495
365,16496
365,16497
365,16498
365,16499
365,16500
365,16501
365,16539
365,16538
365,16540
365,16541
365,17038
365,17039
365,17043
365,17044
365,17041
365,17046
365,17040
365,17045
365,17042
365,17047
371,13810
371,13811
371,13812
371,13813
371,13814
371,13815
371,13816
371,13817
371,13818
371,13819
371,13820
371,13821
371,13822
371,13823
371,13824
371,13825
371,13826
371,13827
371,13828
371,13829
371,13830
371,13831
371,13832
371,13833
371,13834
371,13835
371,13836
371,13837
371,13838
371,13839
371,13840
371,13841
371,13842
371,13843
371,13844
371,13845
371,13846
371,13847
371,13848
371,13849
371,13850
371,13851
371,13852
371,13853
371,13854
371,13855
371,13856
371,13857
371,13858
371,13859
371,13860
371,13861
371,13862
371,13863
371,13864
371,13865
371,13866
371,13867
371,13868
371,13869
371,13870
371,13871
371,13872
371,13873
371,13878
371,13897
371,13881
371,13876
371,13877
371,13880
371,13886
371,13898
371,13884
371,13890
371,13891
371,13892
371,13883
371,13899
371,13894
371,13893
371,13879
371,13885
371,13887
371,13888
371,13889
371,13895
371,13901
371,13902
371,13903
371,13904
371,13905
371,13875
371,13900
371,13882
371,13906
371,13896
371,13907
371,13908
371,13909
371,13910
371,13911
371,13912
371,13913
371,13914
371,13915
371,13916
371,13917
371,13918
371,13919
371,13920
371,13921
371,13922
371,13923
371,13924
371,13928
371,13925
371,13930
371,13927
371,13929
371,13926
371,13931
371,13932
371,13933
371,13934
371,16984
371,16985
371,16986
371,16987
371,16992
371,16991
371,16988
371,16989
371,16993
371,16994
371,16990
371,16995
371,16996
371,16997
397,16654
397,16655
397,16656
397,16657
397,16658
397,16659
397,16660
397,16661
397,16677
397,16678
397,16679
397,16680
397,16681
397,16682
397,16683
397,16684
397,16664
397,16665
397,16667
397,16666
397,16685
397,16686
397,16688
397,16687
397,16850
397,16847
397,16848
397,16851
397,16852
397,16853
397,16854
397,17048
397,17049
397,17050
397,17107
397,17051
397,17011
397,17010
397,17108
397,17012
397,17018
397,17013
397,17019
397,17109
397,17110
397,17015
397,17016
397,17126
397,17127
397,17021
397,17022
397,17128
397,17017
397,17129
397,17023
397,17172
397,17210
397,17203
397,17209
421,17033
421,17034
421,17035
421,17036
421,17146
421,17147
421,17148
421,17149
422,16219
422,16220
422,16221
422,16222
422,16442
422,16443
422,16445
422,16446
422,16447
422,16448
422,16444
422,16449
422,16451
422,16450
422,17026
422,17027
422,17028
422,17029
422,17030
422,17031
422,17032
395,16866
395,16867
395,16868
395,16869
395,16870
395,16871
395,16872
395,16873
395,17081
395,17079
395,17080
395,17078
395,17214
395,17215
395,17153
395,17154
395,17324
395,17325
395,17326
395,17327
395,17363
395,17362
432,17222
432,17223
432,17224
432,17225
432,17328
432,17329
432,17349
452,17226
452,17227
452,17228
452,17229
452,17322
452,17323
452,17347
452,17348
440,16713
440,16768
440,16769
440,16770
440,16771
440,16775
440,16782
440,16715
440,16777
440,16778
440,16779
440,16780
440,16787
440,16788
440,16717
440,16772
440,16783
440,16784
440,16786
440,16789
440,16790
440,16794
440,16795
440,16796
440,16714
440,16773
440,16785
440,16791
440,16792
440,16793
440,16797
440,16798
440,16799
440,16800
440,16716
440,16801
440,16802
440,16803
440,16804
440,16805
440,16806
440,16807
440,16808
440,16809
440,16718
440,16810
440,16811
440,16815
440,16816
440,16817
440,16719
440,16812
440,16813
440,16814
440,16818
440,16819
440,17306
440,17307
440,17308
440,17309
440,17310
440,17311
440,17312
440,17313
440,17314
440,17315
440,17316
440,17317
399,14371
399,14373
399,14375
399,14376
399,14377
399,14378
399,14379
399,14381
399,14383
399,14384
364,15655
364,15656
364,15657
364,15658
364,15659
364,15660
364,15661
364,15662
364,15666
364,15665
364,15663
364,15664
364,15733
364,15734
364,15738
364,15739
364,15736
364,15741
364,15735
364,15740
364,15737
364,15742
375,15964
375,15989
375,15865
375,15866
375,15867
375,15869
375,15870
375,15871
375,15872
375,15873
375,15874
375,15875
375,15876
375,15877
375,15878
375,15879
375,15880
375,15881
375,15882
375,15883
375,15884
375,15885
375,15886
375,15887
375,15888
375,15889
375,15891
375,15892
375,15893
375,15894
375,15895
375,15896
375,15897
375,15899
375,15900
375,15901
375,15902
375,15903
375,15904
375,15905
375,15906
375,15907
375,15908
375,15909
375,15910
375,15912
375,15913
375,15914
375,15915
375,15917
375,15918
375,15919
375,15921
375,15922
375,15923
375,15924
375,15926
375,15927
375,15928
375,15929
375,15930
375,15931
375,15932
375,15934
375,15935
375,15936
375,15937
375,15938
375,15939
375,15940
375,15942
375,15943
375,15944
375,15945
375,15946
375,15947
375,15948
375,15949
375,15950
375,15951
375,15952
375,15953
375,15954
375,15955
375,15956
375,15957
375,15958
375,15959
375,15960
375,15961
375,15962
375,15963
375,15965
375,15966
375,15967
375,15968
375,15969
375,15970
375,15971
375,15972
375,15973
375,15974
375,15975
375,15976
375,15977
375,15979
375,15980
375,15981
375,15982
375,15983
375,15984
375,15985
375,15986
375,15987
375,15988
375,15990
375,15991
375,15992
375,15978
375,15868
375,15890
375,15898
375,15911
375,15925
375,15933
375,15941
375,15916
375,15920
375,16009
375,16013
375,16016
375,16027
375,16042
375,16049
375,15993
375,15994
375,15995
375,15996
375,15997
375,15998
375,15999
375,16000
375,16001
375,16002
375,16003
375,16004
375,16005
375,16006
375,16007
375,16008
375,16010
375,16011
375,16012
375,16014
375,16015
375,16017
375,16018
375,16019
375,16020
375,16021
375,16022
375,16023
375,16024
375,16025
375,16026
375,16028
375,16029
375,16030
375,16031
375,16032
375,16033
375,16034
375,16035
375,16036
375,16037
375,16038
375,16039
375,16040
375,16041
375,16043
375,16044
375,16045
375,16046
375,16047
375,16048
375,16050
375,16051
375,16052
375,16053
375,16054
375,16055
375,16056
375,16238
375,16239
375,16240
375,16241
375,16242
375,16243
375,16244
375,16245
375,16246
375,16247
375,16248
375,16249
375,16250
375,16251
375,16252
375,16253
375,16254
375,16255
375,16256
375,16257
375,16258
375,16259
375,16260
375,16261
375,16262
375,16263
375,16264
375,16265
375,16266
375,16267
375,16268
375,16269
375,16272
375,16278
375,16270
375,16277
375,16284
375,16276
375,16275
375,16274
375,16283
375,16285
375,16271
375,16280
375,16281
375,16282
375,16273
375,16279
375,16326
375,16327
375,16328
375,16329
375,16330
375,16331
375,16332
375,16333
375,16335
375,16334
375,16336
375,16337
375,16477
375,16478
375,16480
375,16479
375,16481
375,16482
375,16483
392,16118
392,16119
392,16120
392,16121
392,16122
392,16123
392,16124
392,16125
392,16126
392,16127
392,16128
392,16129
392,16130
392,16131
392,16132
392,16133
392,16134
392,16135
392,16136
392,16137
392,16138
392,16139
392,16140
392,16141
392,16142
392,16143
392,16144
392,16145
392,16146
392,16147
392,16148
392,16149
392,16159
392,16165
392,16150
392,16151
392,16152
392,16153
392,16154
392,16155
392,16156
392,16157
392,16158
392,16160
392,16161
392,16162
392,16163
392,16164
392,16166
392,16167
392,16168
392,16169
392,16170
392,16171
392,16172
392,16173
392,16461
392,16462
392,16463
392,16464
392,16486
392,16487
392,16488
392,16489
392,16490
392,16491
392,16492
420,15712
420,15713
420,15714
420,15715
420,15716
420,15717
420,15718
420,15719
420,15720
420,15721
420,15722
420,15723
420,15724
420,15725
420,15726
420,15727
420,15728
420,15729
420,15730
420,15811
420,15812
420,15813
420,15814
420,15815
420,15816
420,15817
420,15818
420,15819
420,15820
420,15821
420,15822
420,15823
420,15824
420,15825
420,15826
420,16193
420,16194
420,16195
420,16196
420,16197
420,16198
420,16199
420,16200
420,16215
420,16216
420,16217
420,16218
420,16297
420,16298
420,16299
420,16557
420,16559
420,16558
420,16556
420,16561
420,16560
420,16562
420,16563
433,16430
433,16431
433,16432
433,16433
433,16434
433,16435
433,16436
433,16437
433,16438
433,16439
433,16440
433,16441
433,16570
433,16571
433,16572
433,16573
433,16704
433,16705
433,16706
433,16707
431,16201
431,16202
431,16203
431,16204
431,16205
431,16206
431,16207
431,16208
431,16209
431,16210
431,16211
431,16212
431,16213
431,16214
431,16300
431,16301
431,16302
431,16303
431,16304
431,16305
431,16306
431,16307
431,16341
431,16342
431,16343
431,16344
431,16347
431,16348
431,16349
431,16697
431,16698
431,16699
431,16700
431,16701
431,16702
431,16703
383,15698
383,15699
383,15700
383,15701
383,15790
383,14313
383,14314
383,14315
383,14316
383,14317
383,14318
383,14319
383,14320
383,14321
383,14322
383,14323
383,14324
383,14325
383,14326
383,15702
383,15703
383,15704
383,14343
383,14344
383,14345
383,14346
383,14347
383,14348
383,14350
383,14351
383,14352
383,14353
383,14354
383,14355
383,14356
383,14357
383,14358
383,14359
383,14360
383,14361
383,14362
383,14363
383,14364
383,14366
383,14365
383,14367
383,14368
383,14369
383,14370
370,14537
370,14538
370,14539
370,14540
370,14541
370,14542
370,14543
370,14544
370,14545
370,14546
370,14547
370,14548
370,14549
370,14550
370,14551
370,14552
370,14553
370,14554
370,14555
370,14556
370,14557
370,14558
370,14559
370,14560
370,14561
370,14562
370,14563
370,14564
370,14565
370,14566
370,14567
370,14568
370,14569
370,14570
370,14571
370,14572
370,14573
370,14574
370,14575
370,14576
370,14577
370,14578
370,14579
370,14580
370,14581
370,14582
370,14583
370,14584
370,14585
370,14586
370,14587
370,14588
370,14589
370,14590
370,14591
370,14592
370,14593
370,14594
370,14595
370,14596
370,14597
370,14598
370,14599
370,14600
370,14604
370,14615
370,14620
370,14625
370,14631
370,14603
370,14626
370,14612
370,14614
370,14621
370,14618
370,14619
370,14624
370,14602
370,14605
370,14606
370,14608
370,14611
370,14613
370,14622
370,14627
370,14632
370,14616
370,14623
370,14629
370,14601
370,14617
370,14628
370,14630
370,14609
370,14610
370,14607
370,14633
370,14634
370,14635
370,14636
370,14637
370,14638
370,14639
370,14640
370,14641
370,14642
370,14643
370,14644
370,14645
370,14646
370,14647
370,14648
370,13802
370,13803
370,13804
370,13807
370,13805
370,13806
370,13808
370,13809
370,15622
370,15623
370,15625
370,15624
370,15629
370,15630
370,15626
370,15627
370,15631
370,15632
370,15628
370,15633
370,15634
370,15635
396,15293
396,15294
396,15295
396,15296
396,15297
396,15298
396,15299
396,15300
396,15285
396,15286
396,15287
396,15288
396,15289
396,15290
396,15291
396,15292
396,15321
396,15322
396,15323
396,15324
396,15335
396,15336
396,15337
396,15338
396,15325
396,15326
396,15327
396,15339
396,15340
396,15341
396,15681
396,15682
396,15684
396,15688
396,15667
396,15668
396,15669
396,15683
396,15670
396,15674
396,15689
396,15675
396,15685
396,15686
396,15671
396,15672
396,15690
396,15691
396,15676
396,15677
396,15687
396,15673
396,15692
396,15678
396,15693
396,15679
396,15694
396,15680
377,15423
377,15424
377,15429
377,15430
377,15439
377,15440
377,15449
377,15450
377,15425
377,15426
377,15431
377,15432
377,15441
377,15442
377,15451
377,15452
377,15427
377,15428
377,15433
377,15434
377,15444
377,15453
377,15454
377,15443
377,15435
377,15436
377,15445
377,15446
377,15456
377,15459
377,15460
377,15470
377,15471
377,15486
377,15487
377,15455
377,15437
377,15438
377,15447
377,15448
377,15457
377,15458
377,15462
377,15472
377,15473
377,15488
377,15489
377,15461
377,15463
377,15464
377,15475
377,15480
377,15481
377,15490
377,15491
377,15474
377,15465
377,15466
377,15476
377,15477
377,15483
377,15492
377,15493
377,15482
377,15467
377,15468
377,15478
377,15479
377,15484
377,15485
377,15495
377,15494
377,15831
377,15832
377,15833
377,15834
377,15835
377,15836
377,15837
377,15838
377,15839
377,15840
377,15841
377,15842
374,14981
374,14949
374,14950
374,14951
374,14952
374,14953
374,14954
374,14955
374,14956
374,14957
374,14958
374,14959
374,14960
374,14961
374,14962
374,14963
374,14964
374,14965
374,14966
374,14967
374,14968
374,14969
374,14970
374,14971
374,14972
374,14973
374,14974
374,14975
374,14976
374,14977
374,14978
374,14979
374,14980
374,14982
374,14983
374,14984
374,14985
374,14986
374,14987
374,14988
374,14989
374,14990
374,14991
374,14992
374,14993
374,14994
374,14995
374,14996
374,14997
374,14998
374,14999
374,15000
374,15001
374,15002
374,15003
374,15004
374,15005
374,15006
374,15007
374,15008
374,15009
374,15010
374,15011
374,15012
374,15013
374,15014
374,15015
374,15016
374,15017
374,15018
374,15019
374,15020
374,15021
374,15022
374,15023
374,15024
374,15025
374,15026
374,15027
374,15028
374,15029
374,15031
374,15033
374,15034
374,15035
374,15036
374,15037
374,15038
374,15039
374,15040
374,15041
374,15042
374,15043
374,15044
374,15045
374,15046
374,15047
374,15048
374,15049
374,15050
374,15051
374,15052
374,15053
374,15054
374,15055
374,15056
374,15057
374,15058
374,15059
374,15060
374,15061
374,15062
374,15063
374,15064
374,15065
374,15066
374,15067
374,15068
374,15069
374,15070
374,15071
374,15072
374,15073
374,15074
374,15076
374,15030
374,15032
374,15134
374,15115
374,15101
374,15111
374,15093
374,15114
374,15131
374,15084
374,15097
374,15102
374,15128
374,15130
374,15132
374,15077
374,15078
374,15079
374,15080
374,15081
374,15086
374,15090
374,15094
374,15100
374,15106
374,15137
374,15138
374,15095
374,15139
374,15082
374,15083
374,15085
374,15087
374,15088
374,15089
374,15091
374,15092
374,15096
374,15098
374,15103
374,15104
374,15105
374,15107
374,15108
374,15109
374,15112
374,15116
374,15117
374,15118
374,15119
374,15120
374,15122
374,15123
374,15124
374,15125
374,15126
374,15127
374,15129
374,15133
374,15135
374,15136
374,15099
374,15110
374,15113
374,15121
374,15140
374,15144
374,15145
374,15146
374,15147
374,15148
374,15149
374,15150
374,15151
374,15152
374,15153
374,15154
374,15155
374,15156
374,15157
374,15158
374,15159
374,15160
374,15162
374,15163
374,15164
374,15165
374,15166
374,15167
374,15168
374,15169
374,15170
374,15171
374,15172
374,15173
374,15174
374,15175
374,15176
374,15177
374,15184
374,15180
374,15185
374,15179
374,15182
374,15183
374,15188
374,15190
374,15192
374,15187
374,15191
374,15178
374,15181
374,15189
374,15186
374,14827
374,14828
374,14829
374,14830
374,15301
374,15302
374,15303
374,15304
374,15306
374,15305
374,15307
374,15308
374,14834
374,14833
374,14836
374,14835
374,14837
374,14838
374,14839
387,14881
387,14882
387,14883
387,14884
387,14885
387,14886
387,14887
387,14888
387,14889
387,14890
387,14891
387,14892
387,14893
387,14894
387,14895
387,14896
387,14897
387,14898
387,14899
387,14900
387,14901
387,14902
387,14903
387,14904
387,14905
387,14906
387,14907
387,14908
387,14909
387,14910
387,14911
387,14912
387,14913
387,14914
387,14915
387,14916
387,14917
387,14918
387,14919
387,14920
387,14921
387,14922
387,14923
387,14924
387,14925
387,14926
387,14927
387,14928
387,14929
387,14930
387,14931
387,14932
387,14933
387,14934
387,14935
387,14936
387,14944
387,14946
387,14945
387,14947
387,14937
387,14938
387,14939
387,14940
387,14941
387,14942
387,14943
388,15222
388,15223
388,15224
388,15225
388,15226
388,15227
388,15228
388,15229
388,15230
388,15231
388,15232
388,15233
388,15234
388,15235
388,15236
388,15237
388,15238
388,15239
388,15240
388,15241
388,15242
388,15243
388,15244
388,15245
388,15246
388,15247
388,15248
388,15249
388,15250
388,15251
388,15252
388,15253
388,15254
388,15255
388,15256
388,15257
388,15258
388,15259
388,15260
388,15261
388,15262
388,15263
388,15264
388,15265
388,15266
388,15267
388,15268
388,15269
388,15270
388,15271
388,15272
388,15273
388,15274
388,15275
388,15276
388,15277
388,14864
388,14865
388,14866
388,14867
388,14870
388,14871
388,14872
388,14873
388,14874
388,14875
388,14876
385,14263
385,14264
385,14265
385,14266
385,14267
385,14268
385,14269
385,14270
385,14271
385,14272
385,14273
385,14274
385,14434
385,14435
385,14436
385,14437
385,14438
385,14439
385,14440
385,14441
385,14442
385,14443
385,14444
385,14445
385,14446
385,14447
385,14448
385,15516
385,15517
385,15518
385,15519
385,15520
385,15521
385,15522
384,14173
384,14174
384,14175
384,14176
384,14177
384,14178
384,14179
384,15363
384,15364
384,15365
384,15366
384,15368
384,15369
384,15370
384,15371
386,14249
386,14250
386,14251
386,14252
386,14253
386,14254
386,14256
386,14257
386,14258
386,14259
386,14255
386,14260
386,14261
386,14262
386,15214
386,15215
386,15216
386,15217
386,15219
386,15220
386,15221
379,13981
379,13982
379,13983
379,13984
379,13985
379,13986
379,13987
379,13988
379,13989
379,13990
379,13991
379,13992
379,13993
379,13994
379,13995
379,13996
379,13997
379,13998
379,13999
379,14000
379,14001
379,14002
379,14003
379,14004
379,14005
379,14006
379,14007
379,14008
379,14009
379,14010
379,14011
379,14012
379,14013
379,14014
379,14015
379,14016
379,14017
379,14018
379,14019
379,14020
379,14533
379,14534
379,14535
379,14536
379,15375
379,15376
379,15377
379,15378
373,14108
373,14109
373,14110
373,14112
373,14114
373,14116
373,14117
373,14118
373,14120
373,14121
373,14122
373,14123
373,14124
373,14125
373,14126
373,14127
373,14128
373,14129
373,14130
373,14131
373,14132
373,14133
373,14134
373,14135
373,14136
373,14137
373,14138
373,14139
373,14140
373,14283
373,14284
373,14285
373,14286
373,14287
373,14288
373,14289
373,14290
373,14292
373,14291
373,14293
373,14294
373,14295
373,14296
391,16063
391,16064
391,16065
391,16066
391,16067
391,16068
391,16069
391,16070
391,16071
391,16072
391,16073
391,16074
391,16075
391,16076
391,16077
391,16078
391,16079
391,16080
391,16081
391,16082
391,16083
391,16084
391,16085
391,16086
391,16087
391,16088
391,16089
391,16090
391,16091
391,16092
391,16093
391,16094
391,16102
391,16103
391,16101
391,16106
391,16095
391,16097
391,16099
391,16104
391,16105
391,16110
391,16096
391,16098
391,16100
391,16107
391,16108
391,16109
391,16312
391,16313
391,16314
391,16315
391,16316
391,16317
391,16318
391,16319
391,16323
391,16321
391,16322
391,16320
391,16510
391,16511
391,16512
391,16513
391,16514
391,16515
391,16516
363,14082
363,14083
363,14084
363,14085
363,14086
363,14087
363,14088
363,14089
363,14090
363,14091
363,14092
363,14093
363,14094
363,14095
363,14096
363,14097
363,14098
363,14101
363,14103
363,14105
363,14099
363,14104
363,14100
363,14102
363,14198
363,14199
363,14200
363,14201
363,14204
363,14205
363,14202
363,14203
363,14206
363,14207
340,12661
340,12662
340,12669
340,12670
340,12665
340,12673
340,12663
340,12671
340,12666
340,12674
340,12664
340,12672
340,12675
340,12676
340,12677
340,12667
340,12668
340,13334
340,13330
340,13332
340,13328
340,13335
340,13331
340,13333
340,13329
340,13336
338,13021
338,13022
338,13023
338,13024
338,13025
338,13026
338,13027
333,12550
333,12551
333,12552
333,12553
333,12558
333,12559
333,12554
333,12555
333,12560
333,12561
333,12556
333,12562
333,12563
333,12557
334,12915
334,12916
334,12920
334,12921
334,12918
334,12923
334,12917
334,12922
334,12919
334,12924
334,12926
334,12925
334,12927
342,12934
342,12933
342,12929
342,12928
342,12930
342,12935
342,12931
342,12936
342,12932
342,12937
342,12938
342,12939
342,12940
344,12941
344,12942
344,12946
344,12947
344,12943
344,12948
344,12944
344,12949
344,12945
344,12950
344,12951
344,12952
344,12953
351,13179
351,13180
351,13181
351,13182
351,13226
351,13227
351,13228
351,13229
351,13231
351,13230
351,13245
351,13246
351,13247
347,13481
347,13482
347,13483
347,13484
347,13485
347,13486
347,13487
352,12983
352,12984
352,12985
352,12986
352,13213
352,13214
352,13209
352,13210
352,13215
352,13216
352,13211
352,13217
352,13218
352,13212
297,10361
297,10362
297,10363
297,10364
297,10365
297,10366
297,10368
297,10367
297,10516
297,10517
297,10518
297,10519
297,10521
297,10522
297,10546
297,10547
297,10524
297,10548
297,10549
297,10523
297,10311
297,10314
297,10312
297,10313
297,10316
297,10315
297,10317
297,10318
297,11946
297,11947
297,11948
297,11949
297,11950
297,11951
297,11952
297,11953
297,11954
297,11955
297,11956
297,11957
297,11958
297,11959
297,11961
297,11960
297,10322
297,10324
297,10323
297,10325
297,10327
297,10326
297,10328
297,10329
297,13192
297,13193
297,13194
297,9331
297,9332
297,9333
297,9334
297,9335
297,9336
297,9337
297,9338
348,13029
348,13030
348,13031
348,13032
348,13256
348,13257
348,13258
348,13259
348,13260
348,13261
348,13263
348,13264
349,12905
349,12906
349,12907
349,12908
349,12909
349,12910
349,12911
349,12912
349,12968
349,12969
349,12967
349,12970
349,12976
349,12971
349,12972
349,13265
349,13266
349,13267
349,13268
349,13269
349,13270
349,13271
296,12623
296,12624
296,12625
296,12626
296,12627
296,12628
296,12629
296,12630
296,12632
296,12633
296,12634
296,12643
296,12635
296,12636
296,12638
296,12649
296,12639
296,12640
296,12641
296,12642
296,12631
296,12644
296,12645
296,12646
296,12637
296,12647
296,12648
296,12650
296,12651
296,12652
296,12653
296,12654
296,12844
296,12850
296,12851
296,12858
296,12852
296,12853
296,12856
296,12857
296,12845
296,12859
296,12861
296,12862
296,12860
296,12863
296,12864
296,12865
296,12893
296,12894
296,12895
296,12896
296,12897
296,12898
296,12899
296,12900
296,12901
296,12902
296,12903
296,12904
296,12974
296,12975
296,12977
296,13080
296,13079
296,13081
296,13082
296,13160
296,13161
296,13162
296,13163
294,12733
294,12734
294,12735
294,12736
294,12737
294,12738
294,12739
294,12740
294,12741
294,12742
294,12743
294,12744
294,12745
294,12746
294,12747
294,12749
294,12750
294,12751
294,12752
294,12753
294,12754
294,12755
294,12756
294,12757
294,12758
294,12759
294,12760
294,12879
294,12880
294,12881
294,12882
294,12887
294,12888
294,12883
294,12884
294,12890
294,12889
294,12885
294,12891
294,12892
294,12886
324,11335
324,11336
324,11337
324,11338
324,11339
324,11340
324,11341
324,11342
324,11343
324,11344
324,11345
324,11346
324,11347
324,11348
324,11349
324,11350
324,11351
324,11352
324,11353
324,11354
324,11355
324,11356
324,11357
324,11358
324,11359
324,11360
324,11361
324,11362
324,11363
324,11364
324,11365
324,11366
324,11367
324,11368
324,11369
324,11370
324,11371
324,11372
324,11373
324,11374
324,11375
324,11376
324,11377
324,11378
324,11379
324,11380
324,11381
324,11382
324,11383
324,11384
324,11385
324,11386
324,11387
324,11388
324,11389
324,11390
324,11391
324,11392
324,11393
324,11394
324,11395
324,11396
324,11397
324,11398
324,11421
324,11406
324,11407
324,11415
324,11404
324,11405
324,11408
324,11409
324,11410
324,11411
324,11412
324,11413
324,11414
324,11417
324,11420
324,11422
324,11423
324,11424
324,11425
324,11426
324,11427
324,11428
324,11429
324,11430
324,11431
324,11433
324,11434
324,11419
324,11403
324,11416
324,11418
324,11432
324,11435
324,11436
324,11437
324,11438
324,11439
324,11440
324,11441
324,11442
324,11443
324,11444
324,11445
324,11446
324,11447
324,11448
324,11449
324,11450
324,11452
324,11455
324,11458
324,11451
324,11453
324,11457
324,11456
324,11454
324,11459
324,11460
324,11461
324,11462
324,11465
324,11466
324,11468
324,11467
324,11475
324,11476
324,11469
324,11470
324,11478
324,11477
324,11471
324,11479
324,11480
324,11474
326,11577
326,11578
326,11579
326,11580
326,11581
326,11582
326,11583
326,11584
326,11587
326,11588
326,11586
326,11585
326,12072
326,12073
326,12074
326,12075
326,12076
326,12077
326,12078
326,12079
326,12080
326,12081
339,12397
339,12398
339,12399
339,12400
339,12401
339,12402
339,12403
339,12404
339,12405
339,12406
339,12407
339,12408
339,12409
339,12410
339,12411
339,12412
339,12413
339,12414
339,12415
339,12416
339,12417
339,12418
339,12419
339,12420
339,12421
339,12422
339,12423
339,12424
339,12425
339,12426
339,12427
339,12428
328,11676
328,11678
328,11679
328,11680
328,11681
328,11682
328,11683
328,11684
328,11685
328,11686
328,11687
328,11688
328,11689
328,11690
328,11691
328,11692
328,11693
328,11694
328,11695
328,11696
328,11697
328,11698
328,11699
328,11700
328,11701
328,11702
328,11703
328,11704
328,11705
328,11706
328,11707
328,11708
328,11709
328,11711
328,11712
328,11713
328,11714
328,11715
328,11716
328,11717
328,11718
328,11719
328,11720
328,11721
328,11723
328,11724
328,11725
328,11726
328,11727
328,11728
328,11729
328,11730
328,11731
328,11732
328,11733
328,11734
328,11735
328,11736
328,11737
328,11738
328,11739
328,11677
328,11710
328,11673
328,11652
328,11644
328,11645
328,11646
328,11647
328,11649
328,11650
328,11651
328,11654
328,11655
328,11657
328,11658
328,11659
328,11660
328,11661
328,11662
328,11663
328,11664
328,11665
328,11666
328,11667
328,11668
328,11670
328,11671
328,11674
328,11675
328,11648
328,11653
328,11656
328,11669
328,11672
328,11615
328,11616
328,11617
328,11618
328,11619
328,11620
328,11621
328,11622
328,11623
328,11624
328,11625
328,11626
328,11627
328,11628
328,11642
328,11643
328,11634
328,11635
328,11636
328,11637
328,11639
328,11641
328,11640
328,11638
328,11594
328,11596
328,11595
328,11597
328,11598
328,11599
328,11600
328,11601
343,12491
343,12498
343,12508
343,12513
343,12520
343,12492
343,12499
343,12502
343,12504
343,12505
343,12507
343,12515
343,12518
343,12519
343,12489
343,12490
343,12493
343,12494
343,12495
343,12496
343,12497
343,12500
343,12501
343,12503
343,12506
343,12509
343,12510
343,12511
343,12512
343,12514
343,12516
343,12517
343,12522
343,12523
343,12527
343,12529
343,12530
343,12531
343,12532
343,12533
343,12536
343,12521
343,12524
343,12525
343,12526
343,12528
343,12534
343,12535
343,12537
343,12538
343,12540
343,12541
343,12542
343,12543
343,12544
343,12539
343,12657
343,12658
343,12659
343,12660
343,12679
343,12680
343,12681
343,12682
350,12700
350,12701
350,12702
350,12703
350,12704
350,12705
350,12706
350,12707
350,12708
350,12709
350,12710
350,12711
350,12712
350,12713
350,12699
350,12714
350,12715
350,12716
350,12717
350,12718
350,12719
350,12720
350,12721
350,12722
350,12723
350,12724
350,12725
350,12726
350,12727
350,12728
350,12729
350,12730
350,12731
350,12732
350,12854
350,12855
350,12973
336,12231
336,12232
336,12237
336,12238
336,12243
336,12244
336,12249
336,12252
336,12255
336,12258
336,12261
336,12233
336,12234
336,12239
336,12240
336,12245
336,12246
336,12250
336,12253
336,12256
336,12259
336,12262
336,12235
336,12236
336,12241
336,12242
336,12247
336,12248
336,12251
336,12254
336,12257
336,12260
336,12263
336,12280
336,12281
336,12282
336,12283
336,12284
336,12285
336,12286
336,12287
336,12314
336,12313
336,12315
336,12316
336,12683
336,12684
336,12689
336,12690
336,12685
336,12686
336,12691
336,12692
336,12687
336,12688
336,12693
336,12694
345,12766
345,12767
345,12781
345,12782
345,12783
345,12802
345,12803
345,12804
345,12823
345,12824
345,12769
345,12770
345,12784
345,12785
345,12786
345,12805
345,12806
345,12807
345,12826
345,12827
345,12772
345,12773
345,12787
345,12788
345,12789
345,12808
345,12809
345,12810
345,12829
345,12830
345,12775
345,12776
345,12790
345,12791
345,12811
345,12812
345,12832
345,12833
345,12778
345,12779
345,12793
345,12794
345,12814
345,12816
345,12837
345,12796
345,12797
345,12820
345,12822
345,12838
345,12869
345,12870
345,12871
345,12872
345,12873
345,12874
345,12957
345,12958
345,12959
345,12960
345,12961
345,12962
323,11055
323,11056
323,11057
323,11058
323,11059
323,11060
323,11061
323,11062
323,11068
323,11069
323,11070
323,11071
323,11072
323,11074
323,11073
323,11066
323,11064
323,11065
323,11063
323,11067
323,11075
323,11076
323,11077
323,11078
323,11082
323,11083
323,11084
323,11079
323,11080
323,11081
323,11573
323,11571
323,11572
323,11575
323,11565
323,11567
323,11568
323,11566
323,11570
323,11569
323,11894
323,11933
323,11932
323,11935
323,11938
323,11939
323,11574
323,11576
323,11934
323,11936
323,11971
323,11962
323,11972
323,11973
323,12192
323,12289
323,12193
327,11904
327,11905
327,11906
327,11907
327,11908
327,11909
327,11910
327,11911
327,11912
327,11913
327,11914
327,11915
327,11916
327,11917
327,11918
327,11919
327,11920
327,11921
327,11922
327,11923
327,11924
327,11926
327,11927
327,11925
327,11928
327,11929
327,11930
327,11931
327,11590
327,11591
327,11592
327,11593
330,11830
330,11831
330,11832
330,11833
330,11834
330,11835
330,11836
330,11837
330,11838
330,11839
330,11840
330,11841
330,11842
330,11843
330,11844
330,11845
330,11846
330,11847
330,11848
330,11849
330,11850
330,11851
330,11852
330,11853
330,11854
330,11855
330,11856
330,11857
330,11858
330,11859
330,11860
330,11861
330,11862
330,11863
330,11864
330,11865
330,11866
330,11867
330,11868
330,11869
330,11870
330,11871
330,11872
330,11873
330,11874
330,11875
330,11876
330,11877
330,11878
330,11879
330,11880
330,11881
330,11882
330,11883
330,11884
330,11885
330,11747
330,11746
330,11749
330,11748
330,11742
330,11743
330,11744
330,11745
325,11489
325,11490
325,11491
325,11492
325,12319
325,12320
325,12321
325,12322
325,12331
325,12332
325,12334
325,12333
295,12597
295,12598
295,12599
295,12600
295,12601
295,12602
295,12603
295,12604
295,12605
295,12606
295,12607
295,12608
295,12609
295,12610
295,12611
295,12612
295,12613
295,12614
295,12615
295,12616
295,12617
295,12618
295,12619
295,12620
295,12621
295,11101
295,11102
295,11103
295,11104
295,11105
295,11106
295,11107
295,11108
295,11109
295,11110
295,11111
295,11112
295,11113
295,11114
295,11115
295,11116
295,11275
295,11276
295,11277
295,11278
295,11279
295,11280
295,11281
295,11282
295,11495
295,11496
295,11497
295,11498
295,11896
295,11897
295,11898
295,11899
295,11900
295,11901
295,11903
295,11902
331,11989
331,11990
331,11991
331,12010
331,12011
331,12012
331,12031
331,12032
331,12033
331,12052
331,12053
331,12065
331,11992
331,11993
331,11994
331,12013
331,12014
331,12015
331,12034
331,12035
331,12036
331,12054
331,12055
331,12066
331,11995
331,11996
331,11997
331,12016
331,12017
331,12018
331,12037
331,12038
331,12039
331,12056
331,12057
331,12067
331,11999
331,12000
331,12019
331,12020
331,12021
331,12040
331,12041
331,12042
331,12058
331,12059
331,12068
331,11998
331,12001
331,12002
331,12003
331,12022
331,12023
331,12024
331,12043
331,12044
331,12045
331,12061
331,12069
331,12060
331,12004
331,12005
331,12006
331,12026
331,12027
331,12046
331,12047
331,12048
331,12025
331,12007
331,12008
331,12009
331,12028
331,12029
331,12030
331,12050
331,12051
331,12049
331,12184
331,12185
331,12186
331,12187
331,12188
331,12189
331,12290
331,12291
331,12292
331,12293
331,12294
331,12295
293,11191
293,11192
293,11193
293,11194
293,11195
293,11196
293,11197
293,11198
293,11199
293,11200
293,11201
293,11202
293,11203
293,11204
293,11205
293,11206
293,11207
293,11208
293,11209
293,11210
293,11211
293,11212
293,11213
293,11214
293,11215
293,11216
293,11217
293,11750
293,11751
293,11752
293,11753
293,11757
293,11758
293,11754
293,11755
293,11760
293,11759
293,11763
293,11761
293,11762
293,11756
318,11399
318,11400
318,11401
318,11402
318,11463
318,11464
318,11472
318,11473
318,11482
318,11483
318,11481
318,11484
318,11493
318,11494
318,10664
318,10665
318,10666
318,10667
318,10668
318,10669
318,10670
306,10137
306,10138
306,10139
306,10140
306,10141
306,10142
306,10143
306,10144
306,10145
306,10146
306,10147
306,10148
306,10149
306,10150
306,10151
306,10152
306,10153
306,10154
306,10155
306,10156
306,10157
306,10158
306,10159
306,10160
306,10161
306,10162
306,10163
306,10164
306,10165
306,10166
306,10167
306,10168
306,10169
306,10170
306,10171
306,10172
306,10173
306,10174
306,10175
306,10176
306,10177
306,10178
306,10179
306,10180
306,10181
306,10182
306,10183
306,10184
306,10185
306,10186
306,10187
306,10188
306,10189
306,10190
306,10191
306,10192
306,10193
306,10194
306,10195
306,10196
306,10197
306,10198
306,10199
306,10200
306,10220
306,10229
306,10218
306,10219
306,10221
306,10223
306,10225
306,10228
306,10231
306,10201
306,10202
306,10203
306,10207
306,10209
306,10215
306,10222
306,10227
306,10230
306,10204
306,10205
306,10212
306,10216
306,10217
306,10224
306,10232
306,10208
306,10210
306,10214
306,10206
306,10211
306,10213
306,10226
306,10121
306,10122
306,10123
306,10124
306,10125
306,10126
306,10127
306,10128
306,10129
306,10130
306,10131
306,10132
306,10133
306,10134
306,10135
306,10136
306,10237
306,10234
306,10238
306,10233
306,10235
306,10236
306,10240
306,10239
306,10241
306,10242
306,10243
306,10244
306,10245
306,10246
306,10247
306,10248
306,10249
306,10250
306,10251
306,10252
306,10253
306,10254
306,10255
306,10256
306,10257
306,10258
302,9554
302,9555
302,9556
302,9557
302,9558
302,9559
302,9560
302,9561
302,9568
302,9569
302,9570
302,9571
302,9572
302,9573
302,9574
302,9567
302,9576
302,9577
302,9578
302,9579
302,9582
302,9585
302,9584
302,9583
302,9580
302,9581
302,9840
302,9586
302,9587
302,9900
302,9905
302,9906
302,9907
302,10276
302,9908
302,9901
302,10290
302,9902
302,9903
302,9904
302,10333
302,10297
302,10275
302,10289
302,10277
302,10296
302,10291
302,10332
302,10298
302,10335
302,10331
302,10330
302,10336
302,10337
302,10560
302,10561
302,10558
302,10559
301,10261
301,10262
301,10263
301,10264
301,10265
301,10266
301,10267
301,10268
301,10292
301,10293
301,10295
301,10294
301,10339
301,10340
301,10341
301,10342
301,10345
301,10346
301,10343
301,10344
301,10347
301,10348
320,10716
320,10717
320,10718
320,10719
320,10721
320,10722
320,10723
320,10724
320,10725
320,10726
320,10727
320,10728
320,10730
320,10731
320,10732
320,10733
320,10734
320,10735
320,10736
320,10737
320,10740
320,10741
320,10742
320,10743
320,10744
320,10745
320,10747
320,10748
320,10749
320,10750
320,10751
320,10752
320,10753
320,10754
320,10756
320,10757
320,10758
320,10759
320,10760
320,10761
320,10762
320,10763
320,10764
320,10765
320,10767
320,10768
320,10769
320,10770
320,10771
320,10772
320,10773
320,10774
320,10776
320,10777
320,10778
320,10779
320,10780
320,10781
320,10782
320,10783
320,10785
320,10786
320,10787
320,10789
320,10790
320,10791
320,10792
320,10794
320,10795
320,10796
320,10797
320,10798
320,10799
320,10800
320,10801
320,10802
320,10804
320,10805
320,10806
320,10807
320,10808
320,10809
320,10811
320,10812
320,10813
320,10814
320,10816
320,10818
320,10819
320,10820
320,10821
320,10822
320,10823
320,10824
320,10826
320,10827
320,10828
320,10829
320,10830
320,10831
320,10833
320,10834
320,10835
320,10836
320,10837
320,10838
320,10839
320,10840
320,10842
320,10843
320,10845
320,10882
320,10896
320,10904
320,10844
320,10846
320,10847
320,10848
320,10849
320,10850
320,10851
320,10852
320,10853
320,10854
320,10856
320,10857
320,10858
320,10859
320,10860
320,10861
320,10862
320,10863
320,10864
320,10865
320,10866
320,10867
320,10868
320,10869
320,10870
320,10871
320,10872
320,10873
320,10874
320,10875
320,10876
320,10877
320,10878
320,10879
320,10880
320,10881
320,10883
320,10884
320,10885
320,10886
320,10887
320,10888
320,10889
320,10890
320,10891
320,10892
320,10893
320,10894
320,10895
320,10897
320,10898
320,10899
320,10900
320,10901
320,10902
320,10903
320,10905
320,10906
320,10907
320,10917
320,10942
320,10908
320,10909
320,10913
320,10922
320,10923
320,10935
320,10938
320,10910
320,10911
320,10912
320,10914
320,10918
320,10919
320,10921
320,10925
320,10926
320,10927
320,10928
320,10929
320,10931
320,10934
320,10936
320,10937
320,10939
320,10920
320,10915
320,10924
320,10932
320,10930
320,10933
320,10944
320,10945
320,10946
320,10947
320,10948
320,10949
320,10950
320,10951
320,10952
320,10953
320,10954
320,10955
320,10956
320,10957
320,10958
320,10959
320,10962
320,10961
320,10963
320,10965
320,10967
320,10960
320,10964
320,10966
320,11010
320,11011
320,11012
320,11013
320,11121
320,11122
320,11126
320,11124
307,9941
307,9944
307,9947
307,9950
307,9951
307,9956
307,9957
307,9962
307,9963
307,9968
307,9969
307,9974
307,9975
307,9942
307,9945
307,9948
307,9952
307,9953
307,9958
307,9959
307,9964
307,9965
307,9970
307,9971
307,9976
307,9977
307,9943
307,9946
307,9949
307,9954
307,9955
307,9960
307,9961
307,9966
307,9967
307,9972
307,9973
307,9978
307,9979
307,9994
307,9995
307,9996
307,9997
307,9985
307,9998
307,10000
307,10001
307,10002
307,10003
307,10004
307,10005
307,10993
307,10994
307,10999
307,11000
307,10995
307,10996
307,11001
307,11002
307,10997
307,10998
307,11003
307,11004
316,11027
316,11028
316,11034
316,11041
316,11048
316,11049
316,11133
316,11134
316,11135
316,11136
316,11162
316,11189
316,11035
316,11042
316,11137
316,11138
316,11139
316,11140
316,11141
316,11164
316,11165
316,11177
316,11178
316,11179
316,11029
316,11036
316,11043
316,11050
316,11142
316,11143
316,11152
316,11153
316,11166
316,11167
316,11176
316,11180
316,11037
316,11044
316,11144
316,11145
316,11154
316,11155
316,11168
316,11169
316,11181
316,11182
316,11270
316,11030
316,11045
316,11051
316,11146
316,11147
316,11156
316,11157
316,11170
316,11171
316,11184
316,11032
316,11038
316,11039
316,11052
316,11053
316,11148
316,11149
316,11158
316,11159
316,11172
316,11185
316,11186
316,11271
316,11033
316,11040
316,11150
316,11151
316,11160
316,11161
316,11174
316,11188
316,11046
316,11175
316,11187
316,11054
316,11047
316,11015
316,11016
316,11017
316,11018
316,11019
316,11020
316,11021
316,11022
316,11023
316,11024
316,11025
316,11026
317,10615
317,10616
317,10617
317,10618
317,10619
317,10620
317,10621
317,10622
317,10623
317,10624
317,10625
317,10626
317,10627
317,10628
317,10629
317,10630
317,10631
317,10632
317,10633
317,10634
317,10635
317,10636
317,10637
317,10638
317,10639
317,10640
317,10641
317,10642
317,10643
317,10644
317,10645
317,10646
317,10647
317,10648
317,10649
311,10442
311,10443
311,10444
311,10445
311,10446
311,10447
311,10474
311,10475
311,10476
311,10477
311,10478
311,10479
311,10480
311,10481
311,10482
311,10483
311,10488
311,10490
311,10487
311,10484
311,10485
311,10486
311,10489
311,10491
311,10351
311,10352
311,10354
311,10353
300,10369
300,10370
300,10371
300,10372
300,10373
300,10374
300,10375
300,10377
300,10378
300,10380
300,10381
300,10382
300,10383
300,10384
300,10385
300,10386
300,10387
300,10388
300,10389
300,10390
300,10391
300,10393
300,10394
300,10395
300,10397
300,10398
300,10399
300,10400
300,10401
300,10402
300,10403
300,10404
300,10405
300,10406
300,10408
300,10409
300,10410
300,10411
300,10412
300,10413
300,10414
300,10415
300,10416
300,10417
300,10418
300,10419
300,10420
300,10421
300,10422
300,10423
300,10424
300,10425
300,10426
300,10427
300,10428
300,10429
300,10430
300,10431
300,10432
300,10433
300,10434
300,10435
300,10436
300,10437
300,10438
300,10439
300,10492
300,10493
300,10494
300,10495
300,10496
300,10497
300,10498
300,10499
300,10500
300,10501
300,10502
300,10503
300,10504
300,10505
300,10506
300,10507
300,10508
300,10511
300,10514
300,10509
300,10510
300,10512
300,10513
300,10515
300,10358
300,10357
300,10356
300,10355
291,9109
291,9110
291,9111
291,9112
291,9113
291,9114
291,9115
291,9116
291,9117
291,9118
291,9119
291,9120
291,9121
291,9122
291,9123
291,9124
291,9125
291,9126
291,9127
291,9128
291,9129
291,9130
291,9131
291,9132
291,9133
291,9134
291,9135
291,9136
291,9137
291,9138
291,9139
291,9140
291,9141
291,9142
291,9143
291,9144
291,9145
291,9146
291,9147
291,9148
291,9149
291,9150
291,9151
291,9152
291,9153
291,9154
291,9155
291,9156
291,9157
291,9158
291,9159
291,9160
291,9161
291,9162
291,9163
291,9164
291,9165
291,9166
291,9167
291,9168
291,9169
291,9170
291,9171
291,9172
291,9178
291,9181
291,9190
291,9193
291,9175
291,9179
291,9176
291,9177
291,9184
291,9187
291,9188
291,9189
291,9195
291,9197
291,9202
291,9204
291,9173
291,9174
291,9180
291,9191
291,9192
291,9194
291,9198
291,9199
291,9200
291,9201
291,9203
291,9182
291,9186
291,9183
291,9185
291,9196
291,9205
291,9206
291,9207
291,9208
291,9209
291,9210
291,9211
291,9212
291,9213
291,9214
291,9215
291,9216
291,9217
291,9218
291,9219
291,9220
291,9228
291,9222
291,9225
291,9227
291,9223
291,9224
291,9221
291,9226
291,9229
291,9232
291,9230
291,9231
291,9233
291,9234
291,9235
291,9510
291,9511
291,9513
291,9512
291,9283
291,9284
291,9280
291,9281
291,9285
291,9286
291,9282
291,9287
291,9288
291,9289
292,9081
292,9082
292,9083
292,9084
292,9085
292,9086
292,9087
292,9088
292,9089
292,9090
292,9091
292,9092
292,9093
292,9094
292,9095
292,9096
292,9097
292,9098
292,9099
292,9100
292,9101
292,9103
292,9104
292,9102
292,9257
292,9258
292,9261
292,9260
292,9423
292,9426
292,9422
292,9425
292,9424
292,9427
290,9590
290,9591
290,9592
290,9593
290,9594
290,9595
290,9596
290,9597
290,9598
290,9599
290,9600
290,9601
290,9602
290,9603
290,9604
290,9605
290,9606
290,9607
290,9608
290,9609
290,9610
290,9611
290,9612
290,9613
290,9614
290,9615
290,9616
290,9617
290,9618
290,9619
290,9620
290,9621
290,9622
290,9623
290,9624
290,9625
290,9626
290,9627
290,9628
290,9629
290,9630
290,9631
290,9632
290,9633
290,9634
290,9635
290,9636
290,9637
290,9638
290,9639
290,9640
290,9641
290,9642
290,9643
290,9644
290,9645
290,9646
290,9647
290,9648
290,9649
290,9650
290,9651
290,9652
290,9653
290,9654
290,9655
290,9656
290,9657
290,9658
290,9659
290,9660
290,9661
290,9662
290,9663
290,9664
290,9665
290,9666
290,9667
290,9668
290,9669
290,9670
290,9671
290,9672
290,9673
290,9674
290,9675
290,9676
290,9677
290,9678
290,9679
290,9680
290,9681
290,9682
290,9683
290,9684
290,9685
290,9686
290,9687
290,9688
290,9689
290,9690
290,9691
290,9692
290,9693
290,9694
290,9695
290,9696
290,9697
290,9698
290,9699
290,9700
290,9701
290,9702
290,9703
290,9704
290,9705
290,9706
290,9707
290,9708
290,9709
290,9710
290,9711
290,9712
290,9713
290,9714
290,9715
290,9716
290,9717
290,9772
290,9718
290,9719
290,9720
290,9721
290,9722
290,9723
290,9725
290,9726
290,9727
290,9728
290,9729
290,9730
290,9731
290,9732
290,9733
290,9734
290,9735
290,9736
290,9737
290,9738
290,9739
290,9740
290,9741
290,9742
290,9743
290,9744
290,9745
290,9746
290,9747
290,9748
290,9749
290,9750
290,9751
290,9752
290,9753
290,9754
290,9755
290,9756
290,9757
290,9758
290,9759
290,9760
290,9761
290,9762
290,9763
290,9764
290,9765
290,9766
290,9767
290,9768
290,9769
290,9770
290,9771
290,9773
290,9774
290,9775
290,9776
290,9777
290,9778
290,9779
290,9780
290,9781
290,9790
290,9792
290,9796
290,9798
290,9806
290,9782
290,9783
290,9784
290,9786
290,9787
290,9788
290,9791
290,9793
290,9794
290,9795
290,9800
290,9801
290,9802
290,9803
290,9804
290,9805
290,9807
290,9809
290,9810
290,9811
290,9812
290,9813
290,9799
290,9789
290,9808
290,9797
290,9724
290,9785
290,9816
290,9817
290,9818
290,9819
290,9820
290,9821
290,9822
290,9823
290,9824
290,9825
290,9826
290,9827
290,9828
290,9829
290,9830
290,9831
290,9834
290,9837
290,9838
290,9832
290,9835
290,9836
290,9839
290,9833
290,9852
290,9853
290,9854
290,9855
321,10976
321,10977
321,10978
321,10979
321,10980
321,10981
321,10982
321,10983
321,10985
321,10986
321,10987
321,10988
321,10989
321,10990
321,10991
321,10992
298,9339
298,9340
298,9341
298,9346
298,9347
298,9352
298,9353
298,9358
298,9363
298,9366
298,9367
298,9372
298,9373
298,9378
298,9379
298,9342
298,9343
298,9348
298,9349
298,9354
298,9355
298,9359
298,9360
298,9364
298,9368
298,9369
298,9374
298,9375
298,9380
298,9381
298,9344
298,9345
298,9350
298,9351
298,9356
298,9357
298,9361
298,9362
298,9365
298,9370
298,9371
298,9376
298,9377
298,9382
298,9383
298,9414
298,9415
298,9416
298,9417
298,9418
298,9419
298,9420
298,9421
298,9542
298,9543
298,9548
298,9544
298,9549
298,9550
298,9545
298,9551
298,9552
298,9546
298,9547
298,9553
287,12581
287,12582
287,12583
287,12584
287,12585
287,12586
287,12587
287,12588
287,12589
287,12590
287,12591
287,12592
287,12593
287,12594
287,12595
287,12596
287,9402
287,9403
287,9404
287,9405
287,9406
287,9407
287,9408
287,9409
287,9532
287,9533
287,9534
287,9535
287,9536
287,9537
287,9538
287,9539
304,9859
304,9860
304,9861
304,9862
304,9863
304,9864
304,9865
277,9290
277,9291
277,9292
277,9293
277,9294
277,9295
277,9296
277,9297
277,9298
277,9299
277,9300
277,9301
277,9302
277,9303
277,9304
277,9305
277,9306
277,9307
277,9394
277,9395
277,9396
277,9397
277,9398
277,9399
277,9400
277,9401
277,9516
277,9517
277,9518
277,9519
277,9520
277,9521
277,9522
277,9523
277,9525
277,9524
277,9526
277,9527
277,9529
277,9530
303,10650
303,10651
303,10652
303,10653
303,10654
303,10655
303,10657
303,10658
303,10659
303,10660
303,10656
303,10661
303,10662
303,10663
303,9841
303,9842
303,9843
303,9844
303,9856
303,9857
303,9858
285,8760
285,8763
285,8761
285,8756
285,8762
285,8757
285,8758
285,8759
285,8768
285,8769
285,8766
285,8770
285,8771
285,8772
285,8767
285,8773
285,8987
285,8988
285,8989
285,8990
285,8992
285,8961
285,8962
285,8963
285,8964
285,8991
285,8993
285,8965
285,8966
285,8967
285,9065
285,9064
285,9072
285,9074
285,9071
285,9066
285,9075
285,9077
285,9073
285,9076
285,9078
285,9079
285,9241
285,9245
285,9246
285,9244
285,9247
285,9250
285,9251
285,9248
285,9266
285,9267
285,9269
285,9270
285,9272
285,9461
285,9462
285,9271
604,30164
604,30165
604,30166
604,30167
604,30168
604,30169
604,30170
604,30171
604,30172
604,30173
604,30198
604,30199
604,30174
604,30175
604,30176
604,30177
604,30178
604,25960
604,25961
604,25962
604,25963
604,25968
604,25969
604,25964
604,25965
604,25970
604,25971
604,25966
604,25972
604,25973
604,25967
574,30143
574,30144
574,30145
574,30146
574,30147
574,30716
574,30717
574,30718
574,30719
574,30720
574,30721
574,30723
574,31329
517,27009
517,27010
517,27011
517,27012
517,27013
517,27014
517,27015
517,27016
517,27022
517,27023
517,27024
517,27025
517,27026
517,27027
517,27028
517,27029
517,27030
517,27031
517,27032
517,27033
517,27018
517,27019
517,27020
517,27021
517,27673
517,27674
517,27675
517,27676
517,27677
517,27678
517,27679
517,27680
517,27681
517,27682
517,27684
517,27683
517,27685
517,27891
517,27892
517,27893
517,27894
517,27895
517,27896
517,27897
517,27898
517,27899
517,27900
517,27902
517,27901
517,27903
576,28227
576,28268
576,28270
576,28219
576,28220
576,28221
576,28222
576,28223
576,28224
576,28225
576,28226
576,28228
576,28229
576,28230
576,28231
576,28232
576,28233
576,28234
576,28235
576,28236
576,28237
576,28238
576,28239
576,28240
576,28241
576,28242
576,28243
576,28244
576,28245
576,28246
576,28247
576,28248
576,28249
576,28250
576,28251
576,28252
576,28253
576,28254
576,28255
576,28256
576,28257
576,28258
576,28259
576,28260
576,28261
576,28262
576,28263
576,28264
576,28265
576,28266
576,28267
576,28269
576,28271
576,28272
576,28273
576,28274
576,28275
576,28276
576,28277
576,28278
576,28279
576,28280
576,28281
576,28282
576,28287
576,28297
576,28289
576,28284
576,28285
576,28301
576,28298
576,28304
576,28308
576,28283
576,28286
576,28288
576,28290
576,28291
576,28292
576,28293
576,28294
576,28295
576,28296
576,28299
576,28300
576,28302
576,28303
576,28305
576,28306
576,28307
576,28309
576,28310
576,28311
576,28312
576,28313
576,28314
576,28316
576,28320
576,28322
576,28323
576,28325
576,28327
576,28328
576,28329
576,28330
576,28315
576,28317
576,28318
576,28319
576,28321
576,28324
576,28326
576,28335
576,28337
576,28332
576,28331
576,28334
576,28336
576,28338
576,28333
576,28339
576,28340
576,28341
576,28342
576,29251
576,29252
576,29254
576,29253
576,29259
576,29260
576,29255
576,29256
576,29261
576,29262
576,29257
576,29263
576,29264
576,29258
