tournament_id,stage,placement,prize,team_id,team_name,circuit_points,circuit_points_normalized,note
2283,Playoffs,1,1000000.0,1034,NRG,,,
2283,Playoffs,2,400000.0,2593,FNATIC,,,
2283,Playoffs,3,250000.0,8185,DRX,,,
2283,Playoffs,4,130000.0,624,Paper Rex,,,
2283,Playoffs,5,85000.0,7386,MIBR,,,
2283,Playoffs,6,85000.0,1001,Team Heretics,,,
2283,Playoffs,7,50000.0,11058,G2 Esports,,,
2283,Playoffs,8,50000.0,14419,GIANTX,,,
2283,Group Stage,9,30000.0,13581,Xi Lai Gaming,,,
2283,Group Stage,10,30000.0,878,Rex Regum Qeon,,,
2283,Group Stage,11,30000.0,474,Team Liquid,,,
2283,Group Stage,12,30000.0,14,T1,,,
2283,Group Stage,13,20000.0,2,Sentinels,,,
2283,Group Stage,14,20000.0,12010,Bilibili Gaming,,,
2283,Group Stage,15,20000.0,1120,EDward Gaming,,,
2283,Group Stage,16,20000.0,11981,Dragon Ranger Gaming,,,
2590,Main Event,1,,13576,JDG Esports,320.0,11.0,
2590,Main Event,2,,14137,Titan Esports Club,230.0,7.91,
2590,Main Event,3,,13790,Wolves Esports,160.0,5.5,
2590,Main Event,4,,11328,FunPlus Phoenix,100.0,3.44,
2590,Main Event,5,,731,TYLOO,50.0,1.72,
2590,Main Event,6,,12064,Nova Esports,50.0,1.72,
2590,Main Event,7,,12685,Trace Esports,50.0,1.72,
2590,Main Event,8,,1119,All Gamers,50.0,1.72,
2590,Main Event,9,,11981,Dragon Ranger Gaming,25.0,0.86,
2590,Main Event,10,,1120,EDward Gaming,25.0,0.86,
2590,Main Event,11,,13581,Xi Lai Gaming,25.0,0.86,
2590,Main Event,12,,12010,Bilibili Gaming,25.0,0.86,
2501,Playoffs,1,100000.0,11058,G2 Esports,11.0,11.0,Champions
2501,Playoffs,2,65000.0,1034,NRG,9.0,9.0,Champions
2501,Playoffs,3,40000.0,2,Sentinels,9.0,9.0,
2501,Playoffs,4,25000.0,188,Cloud9,6.0,6.0,
2501,Playoffs,5,10000.0,2359,LEVIATÁN,3.0,3.0,
2501,Playoffs,6,10000.0,120,100 Thieves,3.0,3.0,
2501,Playoffs,7,,2355,KRÜ Esports,2.0,2.0,
2501,Playoffs,8,,5248,Evil Geniuses,2.0,2.0,
2501,Group Stage,9,,15072,2Game Esports,1.0,5.5,
2501,Group Stage,10,,7386,MIBR,2.0,11.0,
2501,Group Stage,11,,2406,FURIA,,,
2501,Group Stage,12,,6961,LOUD,1.0,5.5,
2498,Playoffs,1,100000.0,474,Team Liquid,11.0,11.0,Champions
2498,Playoffs,2,65000.0,14419,GIANTX,8.0,8.0,Champions
2498,Playoffs,3,40000.0,397,BBL Esports,7.0,7.0,
2498,Playoffs,4,25000.0,4915,Natus Vincere,6.0,6.0,
2498,Playoffs,5,10000.0,2593,FNATIC,4.0,4.0,
2498,Playoffs,6,10000.0,1001,Team Heretics,5.0,5.0,
2498,Playoffs,7,,8877,Karmine Corp,3.0,3.0,
2498,Playoffs,8,,2059,Team Vitality,2.0,2.0,
2498,Group Stage,9,,1184,FUT Esports,2.0,11.0,
2498,Group Stage,10,,7035,KOI,1.0,5.5,
2498,Group Stage,11,,12694,Gentle Mates,,,
2498,Group Stage,12,,11479,Apeks,,,
2500,Playoffs,1,100000.0,624,Paper Rex,11.0,11.0,Champions
2500,Playoffs,2,65000.0,878,Rex Regum Qeon,8.0,8.0,Champions
2500,Playoffs,3,40000.0,8304,TALON,7.0,7.0,
2500,Playoffs,4,25000.0,14,T1,6.0,6.0,
2500,Playoffs,5,10000.0,11060,Nongshim RedForce,3.0,3.0,
2500,Playoffs,6,10000.0,8185,DRX,4.0,4.0,
2500,Playoffs,7,,278,DetonatioN FocusMe,3.0,3.0,
2500,Playoffs,8,,17,Gen.G,3.0,3.0,
2500,Group Stage,9,,6199,Team Secret,1.0,5.5,
2500,Group Stage,10,,5448,ZETA DIVISION,2.0,11.0,
2500,Group Stage,11,,918,Global Esports,1.0,5.5,
2500,Group Stage,12,,466,BOOM Esports,,,
2499,Playoffs,1,,12010,Bilibili Gaming,11.0,11.0,Champions
2499,Playoffs,2,,11981,Dragon Ranger Gaming,8.0,8.0,Champions
2499,Playoffs,3,,1120,EDward Gaming,7.0,7.0,
2499,Playoffs,4,,13581,Xi Lai Gaming,7.0,7.0,
2499,Playoffs,5,,731,TYLOO,3.0,3.0,
2499,Playoffs,6,,1119,All Gamers,4.0,4.0,
2499,Playoffs,7,,12685,Trace Esports,3.0,3.0,
2499,Playoffs,8,,11328,FunPlus Phoenix,3.0,3.0,
2499,Group Stage,9,,13576,JDG Esports,1.0,11.0,
2499,Group Stage,10,,12064,Nova Esports,1.0,11.0,
2499,Group Stage,11,,14137,Titan Esports Club,1.0,11.0,
2499,Group Stage,12,,13790,Wolves Esports,1.0,11.0,
2282,Playoffs,1,350000.0,624,Paper Rex,7.0,11.0,
2282,Playoffs,2,200000.0,2593,FNATIC,5.0,7.86,
2282,Playoffs,3,125000.0,13790,Wolves Esports,4.0,6.29,
2282,Playoffs,4,75000.0,11058,G2 Esports,3.0,4.71,
2282,Playoffs,5,50000.0,17,Gen.G,2.0,3.14,
2282,Playoffs,6,50000.0,2,Sentinels,2.0,3.14,
2282,Playoffs,7,35000.0,13581,Xi Lai Gaming,,,
2282,Playoffs,8,35000.0,878,Rex Regum Qeon,,,
2282,Swiss Stage,9,25000.0,474,Team Liquid,,,
2282,Swiss Stage,10,25000.0,12010,Bilibili Gaming,,,
2282,Swiss Stage,11,15000.0,1001,Team Heretics,,,
2282,Swiss Stage,12,15000.0,7386,MIBR,,,
2380,Playoffs,1,100000.0,2593,FNATIC,9.0,11.0,Masters Toronto
2380,Playoffs,2,65000.0,1001,Team Heretics,8.0,9.78,Masters Toronto
2380,Playoffs,3,40000.0,474,Team Liquid,6.0,7.33,Masters Toronto
2380,Playoffs,4,25000.0,397,BBL Esports,5.0,6.11,
2380,Playoffs,5,10000.0,4915,Natus Vincere,3.0,3.67,
2380,Playoffs,6,10000.0,1184,FUT Esports,3.0,3.67,
2380,Playoffs,7,,8877,Karmine Corp,2.0,2.44,
2380,Playoffs,8,,2059,Team Vitality,2.0,2.44,
2380,Group Stage,9,,14419,GIANTX,1.0,11.0,
2380,Group Stage,10,,7035,KOI,1.0,11.0,
2380,Group Stage,11,,11479,Apeks,,,
2380,Group Stage,12,,12694,Gentle Mates,1.0,11.0,
2379,Playoffs,1,,878,Rex Regum Qeon,8.0,11.0,Masters Toronto
2379,Playoffs,2,,17,Gen.G,6.0,8.25,Masters Toronto
2379,Playoffs,3,,624,Paper Rex,4.0,5.5,Masters Toronto
2379,Playoffs,4,,8185,DRX,5.0,6.88,
2379,Playoffs,5,,8304,TALON,3.0,4.12,
2379,Playoffs,6,,466,BOOM Esports,5.0,6.88,
2379,Playoffs,7,,11060,Nongshim RedForce,3.0,4.12,
2379,Playoffs,8,,14,T1,3.0,4.12,
2379,Group Stage,9,,918,Global Esports,1.0,5.5,
2379,Group Stage,10,,5448,ZETA DIVISION,2.0,11.0,
2379,Group Stage,11,,278,DetonatioN FocusMe,,,
2379,Group Stage,12,,6199,Team Secret,1.0,5.5,
2450,Main Event,1,,1120,EDward Gaming,135.0,11.0,Esports World Cup 2025
2450,Main Event,2,,14137,Titan Esports Club,95.0,7.74,Esports World Cup 2025
2450,Main Event,3,,12685,Trace Esports,70.0,5.7,
2450,Main Event,4,,13790,Wolves Esports,50.0,4.07,
2450,Main Event,5,,11328,FunPlus Phoenix,35.0,2.85,
2450,Main Event,6,,12064,Nova Esports,35.0,2.85,
2450,Main Event,7,,11981,Dragon Ranger Gaming,35.0,2.85,
2450,Main Event,8,,731,TYLOO,35.0,2.85,
2450,Main Event,9,,1119,All Gamers,20.0,1.63,
2450,Main Event,10,,13581,Xi Lai Gaming,20.0,1.63,
2450,Main Event,11,,12010,Bilibili Gaming,20.0,1.63,
2450,Main Event,12,,13576,JDG Esports,20.0,1.63,
2359,Playoffs,1,,13581,Xi Lai Gaming,9.0,11.0,Masters Toronto
2359,Playoffs,2,,12010,Bilibili Gaming,7.0,8.56,Masters Toronto
2359,Playoffs,3,,13790,Wolves Esports,5.0,6.11,Masters Toronto
2359,Playoffs,4,,1120,EDward Gaming,5.0,6.11,
2359,Playoffs,5,,11981,Dragon Ranger Gaming,2.0,2.44,
2359,Playoffs,6,,12685,Trace Esports,3.0,3.67,
2359,Playoffs,7,,14137,Titan Esports Club,3.0,3.67,
2359,Playoffs,8,,12064,Nova Esports,3.0,3.67,
2359,Group Stage,9,,11328,FunPlus Phoenix,2.0,11.0,
2359,Group Stage,10,,13576,JDG Esports,1.0,5.5,
2359,Group Stage,11,,731,TYLOO,1.0,5.5,
2359,Group Stage,12,,1119,All Gamers,,,
2347,Playoffs,1,,11058,G2 Esports,10.0,11.0,Masters Toronto
2347,Playoffs,2,,2,Sentinels,7.0,7.7,Masters Toronto
2347,Playoffs,3,,7386,MIBR,6.0,6.6,Masters Toronto
2347,Playoffs,4,,5248,Evil Geniuses,4.0,4.4,
2347,Playoffs,5,,120,100 Thieves,3.0,3.3,
2347,Playoffs,6,,2355,KRÜ Esports,4.0,4.4,
2347,Playoffs,7,,1034,NRG,2.0,2.2,
2347,Playoffs,8,,188,Cloud9,3.0,3.3,
2347,Group Stage,9,,15072,2Game Esports,1.0,11.0,
2347,Group Stage,10,,2359,LEVIATÁN,1.0,11.0,
2347,Group Stage,11,,6961,LOUD,,,
2347,Group Stage,12,,2406,FURIA,,,
2281,Playoffs,1,250000.0,14,T1,5.0,11.0,
2281,Playoffs,2,100000.0,11058,G2 Esports,3.0,6.6,
2281,Playoffs,3,65000.0,1120,EDward Gaming,2.0,4.4,
2281,Playoffs,4,35000.0,2059,Team Vitality,1.0,2.2,
2281,Swiss Stage,5,15000.0,474,Team Liquid,,,
2281,Swiss Stage,6,15000.0,8185,DRX,,,
2281,Swiss Stage,7,10000.0,2,Sentinels,,,
2281,Swiss Stage,8,10000.0,12685,Trace Esports,,,
2339,Main Event,1,,12064,Nova Esports,100.0,11.0,
2339,Main Event,2,,13790,Wolves Esports,70.0,7.7,
2339,Main Event,3,,12010,Bilibili Gaming,50.0,5.5,
2339,Main Event,4,,13576,JDG Esports,35.0,3.85,
2339,Main Event,5,,731,TYLOO,25.0,2.75,
2339,Main Event,6,,11328,FunPlus Phoenix,25.0,2.75,
2339,Main Event,7,,11981,Dragon Ranger Gaming,25.0,2.75,
2339,Main Event,8,,13581,Xi Lai Gaming,25.0,2.75,
2339,Main Event,9,,1119,All Gamers,15.0,1.65,
2339,Main Event,10,,12685,Trace Esports,15.0,1.65,
2339,Main Event,11,,14137,Titan Esports Club,15.0,1.65,
2339,Main Event,12,,1120,EDward Gaming,15.0,1.65,
2276,Main Event,1,,2059,Team Vitality,3.0,11.0,Masters Bangkok
2276,Main Event,2,,474,Team Liquid,2.0,7.33,Masters Bangkok
2276,Main Event,3,,1001,Team Heretics,1.0,3.67,
2276,Main Event,4,,1184,FUT Esports,1.0,3.67,
2276,Main Event,5,,2593,FNATIC,,,
2276,Main Event,6,,397,BBL Esports,,,
2276,Main Event,7,,12694,Gentle Mates,,,
2276,Main Event,8,,14419,GIANTX,,,
2276,Main Event,9,,7035,KOI,,,
2276,Main Event,10,,4915,Natus Vincere,,,
2276,Main Event,11,,8877,Karmine Corp,,,
2276,Main Event,12,,11479,Apeks,,,
2277,Main Event,1,,8185,DRX,3.0,11.0,Masters Bangkok
2277,Main Event,2,,14,T1,2.0,7.33,Masters Bangkok
2277,Main Event,3,,17,Gen.G,1.0,3.67,
2277,Main Event,4,,8304,TALON,1.0,3.67,
2277,Main Event,5,,11060,Nongshim RedForce,,,
2277,Main Event,6,,278,DetonatioN FocusMe,,,
2277,Main Event,7,,878,Rex Regum Qeon,,,
2277,Main Event,8,,624,Paper Rex,,,
2277,Main Event,9,,466,BOOM Esports,,,
2277,Main Event,10,,6199,Team Secret,,,
2277,Main Event,11,,918,Global Esports,,,
2277,Main Event,12,,5448,ZETA DIVISION,,,
2274,Main Event,1,,11058,G2 Esports,3.0,11.0,Masters Bangkok
2274,Main Event,2,,2,Sentinels,2.0,7.33,Masters Bangkok
2274,Main Event,3,,7386,MIBR,1.0,3.67,
2274,Main Event,4,,2355,KRÜ Esports,1.0,3.67,
2274,Main Event,5,,2359,LEVIATÁN,,,
2274,Main Event,6,,6961,LOUD,,,
2274,Main Event,7,,5248,Evil Geniuses,,,
2274,Main Event,8,,1034,NRG,,,
2274,Main Event,9,,2406,FURIA,,,
2274,Main Event,10,,188,Cloud9,,,
2274,Main Event,11,,120,100 Thieves,,,
2274,Main Event,12,,15072,2Game Esports,,,
2275,Main Event,1,,1120,EDward Gaming,3.0,11.0,Masters Bangkok
2275,Main Event,2,,12685,Trace Esports,2.0,7.33,Masters Bangkok
2275,Main Event,3,,12010,Bilibili Gaming,1.0,3.67,
2275,Main Event,4,,11981,Dragon Ranger Gaming,1.0,3.67,
2275,Main Event,5,,11328,FunPlus Phoenix,,,
2275,Main Event,6,,13581,Xi Lai Gaming,,,
2275,Main Event,7,,12064,Nova Esports,,,
2275,Main Event,8,,13576,JDG Esports,,,
2275,Main Event,9,,13790,Wolves Esports,,,
2275,Main Event,10,,731,TYLOO,,,
2275,Main Event,11,,14137,Titan Esports Club,,,
2275,Main Event,12,,1119,All Gamers,,,
2097,Playoffs,1,1000000.0,1120,EDward Gaming,,,
2097,Playoffs,2,400000.0,1001,Team Heretics,,,
2097,Playoffs,3,250000.0,2359,LEVIATÁN,,,
2097,Playoffs,4,130000.0,2,Sentinels,,,
2097,Playoffs,5,85000.0,8185,DRX,,,
2097,Playoffs,6,85000.0,2593,FNATIC,,,
2097,Playoffs,7,50000.0,12685,Trace Esports,,,
2097,Playoffs,8,50000.0,11058,G2 Esports,,,
2097,Group Stage,9,30000.0,2355,KRÜ Esports,,,
2097,Group Stage,10,30000.0,17,Gen.G,,,
2097,Group Stage,11,30000.0,2059,Team Vitality,,,
2097,Group Stage,12,30000.0,624,Paper Rex,,,
2097,Group Stage,13,20000.0,12010,Bilibili Gaming,,,
2097,Group Stage,14,20000.0,11328,FunPlus Phoenix,,,
2097,Group Stage,15,20000.0,8304,TALON,,,
2097,Group Stage,16,20000.0,1184,FUT Esports,,,
2095,Playoffs,1,100000.0,2359,LEVIATÁN,9.0,11.0,Champions 2024
2095,Playoffs,2,65000.0,11058,G2 Esports,7.0,8.56,Champions 2024
2095,Playoffs,3,40000.0,2355,KRÜ Esports,3.0,3.67,Champions 2024
2095,Playoffs,4,25000.0,120,100 Thieves,3.0,3.67,
2095,Playoffs,5,10000.0,188,Cloud9,1.0,1.22,
2095,Playoffs,6,10000.0,2,Sentinels,3.0,3.67,
2095,Regular Season,7,,1034,NRG,1.0,3.67,
2095,Regular Season,8,,6961,LOUD,2.0,7.33,
2095,Regular Season,9,,5248,Evil Geniuses,2.0,7.33,
2095,Regular Season,10,,2406,FURIA,3.0,11.0,
2095,Regular Season,11,,7386,MIBR,1.0,3.67,
2096,Playoffs,1,,1120,EDward Gaming,6.0,11.0,Champions 2024
2096,Playoffs,2,,11328,FunPlus Phoenix,5.0,9.17,Champions 2024
2096,Playoffs,3,,12685,Trace Esports,6.0,11.0,Champions 2024
2096,Playoffs,4,,12010,Bilibili Gaming,4.0,7.33,
2096,Playoffs,5,,1119,All Gamers,2.0,3.67,
2096,Playoffs,6,,13576,JDG Esports,4.0,7.33,
2096,Regular Season,7,,12064,Nova Esports,2.0,11.0,
2096,Regular Season,8,,731,TYLOO,2.0,11.0,
2096,Regular Season,9,,13790,Wolves Esports,2.0,11.0,
2096,Regular Season,10,,11981,Dragon Ranger Gaming,1.0,5.5,
2096,Regular Season,11,,14137,Titan Esports Club,1.0,5.5,
2005,Playoffs,1,100000.0,17,Gen.G,7.0,11.0,Champions 2024
2005,Playoffs,2,65000.0,8185,DRX,6.0,9.43,Champions 2024
2005,Playoffs,3,40000.0,624,Paper Rex,7.0,11.0,Champions 2024
2005,Playoffs,4,25000.0,8304,TALON,3.0,4.71,
2005,Playoffs,5,10000.0,878,Rex Regum Qeon,3.0,4.71,
2005,Playoffs,6,10000.0,6199,Team Secret,4.0,6.29,
2005,Regular Season,7,,14,T1,2.0,11.0,
2005,Regular Season,8,,5448,ZETA DIVISION,1.0,5.5,
2005,Regular Season,9,,918,Global Esports,1.0,5.5,
2005,Regular Season,10,,278,DetonatioN FocusMe,1.0,5.5,
2005,Regular Season,11,,6387,BLEED,,,
2094,Playoffs,1,100000.0,2593,FNATIC,8.0,11.0,Champions 2024
2094,Playoffs,2,65000.0,2059,Team Vitality,5.0,6.88,Champions 2024
2094,Playoffs,3,40000.0,1001,Team Heretics,7.0,9.62,Champions 2024
2094,Playoffs,4,25000.0,1184,FUT Esports,5.0,6.88,
2094,Playoffs,5,10000.0,8877,Karmine Corp,1.0,1.38,
2094,Playoffs,6,10000.0,4915,Natus Vincere,1.0,1.38,
2094,Regular Season,7,,397,BBL Esports,1.0,5.5,
2094,Regular Season,8,,474,Team Liquid,1.0,5.5,
2094,Regular Season,9,,14419,GIANTX,2.0,11.0,
2094,Regular Season,10,,12694,Gentle Mates,1.0,5.5,
2094,Regular Season,11,,7035,KOI,2.0,11.0,
1999,Playoffs,1,350000.0,17,Gen.G,3.0,11.0,
1999,Playoffs,2,200000.0,1001,Team Heretics,,,
1999,Playoffs,3,125000.0,11058,G2 Esports,,,
1999,Playoffs,4,75000.0,120,100 Thieves,,,
1999,Playoffs,5,50000.0,624,Paper Rex,,,
1999,Playoffs,6,50000.0,1184,FUT Esports,,,
1999,Playoffs,7,35000.0,1120,EDward Gaming,,,
1999,Playoffs,8,35000.0,2593,FNATIC,,,
1999,Swiss Stage,9,25000.0,2359,LEVIATÁN,,,
1999,Swiss Stage,10,25000.0,11328,FunPlus Phoenix,,,
1999,Swiss Stage,11,15000.0,14,T1,,,
1999,Swiss Stage,12,15000.0,11981,Dragon Ranger Gaming,,,
2006,Playoffs,1,,1120,EDward Gaming,11.0,11.0,Masters Shanghai
2006,Playoffs,2,,11328,FunPlus Phoenix,8.0,8.0,Masters Shanghai
2006,Playoffs,3,,11981,Dragon Ranger Gaming,5.0,5.0,Masters Shanghai
2006,Playoffs,4,,12685,Trace Esports,4.0,4.0,
2006,Playoffs,5,,1119,All Gamers,3.0,3.0,
2006,Playoffs,6,,12064,Nova Esports,2.0,2.0,
2006,Regular Season,7,,12010,Bilibili Gaming,2.0,11.0,
2006,Regular Season,8,,731,TYLOO,2.0,11.0,
2006,Regular Season,9,,13790,Wolves Esports,2.0,11.0,
2006,Regular Season,10,,14137,Titan Esports Club,2.0,11.0,
2006,Regular Season,11,,13576,JDG Esports,1.0,5.5,
2004,Playoffs,1,,120,100 Thieves,9.0,11.0,Masters Shanghai
2004,Playoffs,2,,11058,G2 Esports,6.0,7.33,Masters Shanghai
2004,Playoffs,3,,2359,LEVIATÁN,6.0,7.33,Masters Shanghai
2004,Playoffs,4,,2355,KRÜ Esports,6.0,7.33,
2004,Playoffs,5,,188,Cloud9,5.0,6.11,
2004,Playoffs,6,,6961,LOUD,2.0,2.44,
2004,Regular Season,7,,2,Sentinels,3.0,11.0,
2004,Regular Season,8,,5248,Evil Geniuses,2.0,7.33,
2004,Regular Season,9,,1034,NRG,3.0,11.0,
2004,Regular Season,10,,2406,FURIA,,,
2004,Regular Season,11,,7386,MIBR,,,
1998,Playoffs,1,,2593,FNATIC,9.0,11.0,Masters Shanghai
1998,Playoffs,2,,1001,Team Heretics,6.0,7.33,Masters Shanghai
1998,Playoffs,3,,1184,FUT Esports,6.0,7.33,Masters Shanghai
1998,Playoffs,4,,8877,Karmine Corp,4.0,4.89,
1998,Playoffs,5,,4915,Natus Vincere,4.0,4.89,
1998,Playoffs,6,,474,Team Liquid,3.0,3.67,
1998,Regular Season,7,,397,BBL Esports,3.0,11.0,
1998,Regular Season,8,,12694,Gentle Mates,2.0,7.33,
1998,Regular Season,9,,2059,Team Vitality,3.0,11.0,
1998,Regular Season,10,,14419,GIANTX,1.0,3.67,
1998,Regular Season,11,,7035,KOI,1.0,3.67,
2002,Playoffs,1,,624,Paper Rex,10.0,11.0,Masters Shanghai
2002,Playoffs,2,,17,Gen.G,6.0,6.6,Masters Shanghai
2002,Playoffs,3,,14,T1,4.0,4.4,Masters Shanghai
2002,Playoffs,4,,8185,DRX,6.0,6.6,
2002,Playoffs,5,,6199,Team Secret,3.0,3.3,
2002,Playoffs,6,,8304,TALON,4.0,4.4,
2002,Regular Season,7,,918,Global Esports,2.0,7.33,
2002,Regular Season,8,,878,Rex Regum Qeon,3.0,11.0,
2002,Regular Season,9,,6387,BLEED,1.0,3.67,
2002,Regular Season,10,,5448,ZETA DIVISION,2.0,7.33,
2002,Regular Season,11,,278,DetonatioN FocusMe,1.0,3.67,
1921,Playoffs,1,250000.0,2,Sentinels,3.0,11.0,
1921,Playoffs,2,100000.0,17,Gen.G,,,
1921,Playoffs,3,65000.0,624,Paper Rex,,,
1921,Playoffs,4,35000.0,6961,LOUD,,,
1921,Swiss Stage,5,15000.0,8877,Karmine Corp,,,
1921,Swiss Stage,6,15000.0,1120,EDward Gaming,,,
1921,Swiss Stage,7,10000.0,1001,Team Heretics,,,
1921,Swiss Stage,8,10000.0,11328,FunPlus Phoenix,,,
1923,Playoffs,1,,2,Sentinels,3.0,11.0,Masters Madrid
1923,Playoffs,2,,6961,LOUD,,,Masters Madrid
1923,Playoffs,3,,5248,Evil Geniuses,,,
1923,Playoffs,4,,1034,NRG,,,
1923,Play-Ins,2,,11058,G2 Esports,,,
1923,Play-Ins,3,,7386,MIBR,,,
1923,Group Stage,1,,1034,NRG,,,
1923,Group Stage,2,,6961,LOUD,,,
1923,Group Stage,3,,5248,Evil Geniuses,,,
1923,Group Stage,4,,7386,MIBR,,,
1923,Group Stage,5,,2,Sentinels,,,
1923,Group Stage,6,,11058,G2 Esports,,,
1923,Group Stage,7,,188,Cloud9,,,
1923,Group Stage,8,,2359,LEVIATÁN,,,
1923,Group Stage,9,,2355,KRÜ Esports,,,
1923,Group Stage,10,,2406,FURIA,,,
1923,Group Stage,11,,120,100 Thieves,,,
1926,Playoffs,1,,1120,EDward Gaming,3.0,11.0,Masters Madrid
1926,Playoffs,2,,11328,FunPlus Phoenix,,,Masters Madrid
1926,Playoffs,3,,11981,Dragon Ranger Gaming,,,
1926,Playoffs,4,,12685,Trace Esports,,,
1926,Play-Ins,2,,12010,Bilibili Gaming,,,
1926,Play-Ins,3,,14137,Titan Esports Club,,,
1926,Group Stage,7,,12064,Nova Esports,,,
1926,Group Stage,8,,13576,JDG Esports,,,
1926,Group Stage,9,,13790,Wolves Esports,,,
1926,Group Stage,10,,731,TYLOO,,,
1926,Group Stage,11,,1119,All Gamers,,,
1925,Playoffs,1,,8877,Karmine Corp,3.0,11.0,Masters Madrid
1925,Playoffs,2,,1001,Team Heretics,,,Masters Madrid
1925,Playoffs,3,,4915,Natus Vincere,,,
1925,Playoffs,4,,2593,FNATIC,,,
1925,Play-In Stage,2,,2059,Team Vitality,,,
1925,Play-In Stage,3,,7035,KOI,,,
1925,Group Stage,1,,1001,Team Heretics,,,
1925,Group Stage,2,,4915,Natus Vincere,,,
1925,Group Stage,3,,2593,FNATIC,,,
1925,Group Stage,4,,8877,Karmine Corp,,,
1925,Group Stage,5,,7035,KOI,,,
1925,Group Stage,6,,2059,Team Vitality,,,
1925,Group Stage,7,,1184,FUT Esports,,,
1925,Group Stage,8,,474,Team Liquid,,,
1925,Group Stage,9,,12694,Gentle Mates,,,
1925,Group Stage,10,,14419,GIANTX,,,
1925,Group Stage,11,,397,BBL Esports,,,
1924,Playoffs,1,,17,Gen.G,3.0,11.0,Masters Madrid
1924,Playoffs,2,,624,Paper Rex,,,Masters Madrid
1924,Playoffs,3,,14,T1,,,
1924,Playoffs,4,,8185,DRX,,,
1924,Play-Ins,2,,6199,Team Secret,,,
1924,Play-Ins,3,,5448,ZETA DIVISION,,,
1924,Group Stage,1,,14,T1,,,
1924,Group Stage,2,,8185,DRX,,,
1924,Group Stage,3,,624,Paper Rex,,,
1924,Group Stage,4,,5448,ZETA DIVISION,,,
1924,Group Stage,5,,6199,Team Secret,,,
1924,Group Stage,6,,17,Gen.G,,,
1924,Group Stage,7,,918,Global Esports,,,
1924,Group Stage,8,,8304,TALON,,,
1924,Group Stage,9,,878,Rex Regum Qeon,,,
1924,Group Stage,10,,6387,BLEED,,,
1924,Group Stage,11,,278,DetonatioN FocusMe,,,
1880,Main Event,1,100000.0,1120,EDward Gaming,800.0,11.0,
1880,Main Event,2,60000.0,11985,Rare Atom,540.0,7.42,
1880,Main Event,3,45000.0,11328,FunPlus Phoenix,320.0,4.4,
1880,Main Event,4,30000.0,12685,Trace Esports,240.0,3.3,
1880,Main Event,5,12000.0,1837,Attacking Soul Esports,205.0,2.82,
1880,Main Event,6,12000.0,14137,Titan Esports Club,205.0,2.82,
1880,Main Event,7,9500.0,11981,Dragon Ranger Gaming,170.0,2.34,
1880,Main Event,8,9500.0,13532,TOP Esports,170.0,2.34,
1880,Main Event,9,6000.0,804,Royal Never Give Up,135.0,1.86,
1880,Main Event,10,6000.0,12010,Bilibili Gaming,135.0,1.86,
1880,Main Event,11,5000.0,1108,LGD Gaming,100.0,1.38,
1880,Main Event,12,5000.0,13556,17Gaming,100.0,1.38,
1880,Play-In Stage,1,,13532,TOP Esports,,,Main Event
1880,Play-In Stage,2,,12010,Bilibili Gaming,,,Main Event
1880,Play-In Stage,3,,11981,Dragon Ranger Gaming,,,Main Event
1880,Play-In Stage,4,,11328,FunPlus Phoenix,,,Main Event
1880,Play-In Stage,5,,14137,Titan Esports Club,,,Main Event
1880,Play-In Stage,6,,804,Royal Never Give Up,,,Main Event
1880,Play-In Stage,7,,13556,17Gaming,,,Main Event
1880,Play-In Stage,8,,1108,LGD Gaming,,,Main Event
1880,Play-In Stage,9,,13564,Regans Gaming,35.0,11.0,
1880,Play-In Stage,10,,12011,Douyu Gaming,35.0,11.0,
1880,Play-In Stage,11,,12784,KeepBest Gaming,35.0,11.0,
1880,Play-In Stage,12,,1119,All Gamers,35.0,11.0,
1880,Play-In Stage,13,,9052,Monarch Effect,30.0,9.43,
1880,Play-In Stage,14,,5944,Night Wings Gaming,30.0,9.43,
1880,Play-In Stage,15,,12785,Octagonal Disposition Gaming,30.0,9.43,
1880,Play-In Stage,16,,11980,Four Angry Men,30.0,9.43,
1880,OQ - A,1,,14137,Titan Esports Club,,,Play-In
1880,OQ - A,2,,12010,Bilibili Gaming,,,Play-In
1880,OQ - A,3,,13580,VLG Esports,25.0,11.0,
1880,OQ - A,4,,13579,Chosen Clique Gaming,25.0,11.0,
1880,OQ - A,5,,13574,Saqima Esports,20.0,8.8,
1880,OQ - B,1,,13556,17Gaming,,,Play-In
1880,OQ - B,2,,11328,FunPlus Phoenix,,,Play-In
1880,OQ - B,3,,12532,JiJieHao,25.0,11.0,
1880,OQ - B,4,,13790,Wolves Esports,25.0,11.0,
1880,OQ - B,5,,906,NewHappy Esports,20.0,8.8,
1880,OQ - C,1,,5944,Night Wings Gaming,,,
1880,OQ - C,2,,13564,Regans Gaming,,,
1880,OQ - C,3,,13582,Tianba,25.0,11.0,
1880,OQ - C,4,,13576,JDG Esports,25.0,11.0,
1880,OQ - D,1,,11980,Four Angry Men,,,
1880,OQ - D,2,,12785,Octagonal Disposition Gaming,,,
1880,OQ - D,3,,12064,Nova Esports,25.0,11.0,
1880,OQ - D,4,,11983,Kingzone,25.0,11.0,
1880,OQ - E,1,,13532,TOP Esports,,,
1880,OQ - E,2,,12011,Douyu Gaming,,,
1880,OQ - E,3,,13514,Ninjas In Pyjamas,25.0,11.0,
1880,OQ - E,4,,1224,Weibo Gaming,25.0,11.0,
1880,OQ - E,5,,12009,DD Team,20.0,8.8,
1880,OQ - F,1,,11981,Dragon Ranger Gaming,,,
1880,OQ - F,2,,1119,All Gamers,,,
1880,OQ - F,3,,13581,Xi Lai Gaming,25.0,11.0,
1880,OQ - F,4,,4462,Shenzhen NTER,25.0,11.0,
1880,OQ - F,5,,5461,Invictus Gaming,20.0,8.8,
1880,OQ - G,1,,804,Royal Never Give Up,,,
1880,OQ - G,2,,9052,Monarch Effect,,,
1880,OQ - G,3,,13575,Change The Game,25.0,11.0,
1880,OQ - G,4,,13577,VOID ESC,25.0,11.0,
1880,OQ - G,5,,12736,5KS eSports Club,20.0,8.8,
1880,OQ - H,1,,1108,LGD Gaming,,,
1880,OQ - H,2,,12784,KeepBest Gaming,,,
1880,OQ - H,3,,14138,LNG Esports,25.0,11.0,
1880,OQ - H,4,,731,TYLOO,25.0,11.0,
1880,OQ - H,5,,11986,TJD Esports Club,20.0,8.8,
1825,Knockouts,1,100000.0,1120,EDward Gaming,525.0,11.0,
1825,Knockouts,2,60000.0,12685,Trace Esports,375.0,7.86,
1825,Knockouts,3,45000.0,11985,Rare Atom,255.0,5.34,
1825,Knockouts,4,30000.0,1837,Attacking Soul Esports,195.0,4.09,
1825,Group Stage,1,,1120,EDward Gaming,,,Knockouts
1825,Group Stage,2,,1837,Attacking Soul Esports,,,Knockouts
1825,Group Stage,3,,12685,Trace Esports,,,Knockouts
1825,Group Stage,4,,11985,Rare Atom,,,Knockouts
1825,Group Stage,5,12000.0,12010,Bilibili Gaming,165.0,11.0,
1825,Group Stage,6,12000.0,11328,FunPlus Phoenix,165.0,11.0,
1825,Group Stage,7,9500.0,804,Royal Never Give Up,135.0,9.0,
1825,Group Stage,8,9500.0,731,TYLOO,135.0,9.0,
1825,Play-In Stage,1,,12010,Bilibili Gaming,,,Group Stage
1825,Play-In Stage,2,,1837,Attacking Soul Esports,,,Group Stage
1825,Play-In Stage,3,,804,Royal Never Give Up,,,Group Stage
1825,Play-In Stage,4,,731,TYLOO,,,Group Stage
1825,Play-In Stage,5,6000.0,13514,Ninjas In Pyjamas,105.0,11.0,
1825,Play-In Stage,6,6000.0,11981,Dragon Ranger Gaming,105.0,11.0,
1825,Play-In Stage,7,5000.0,13576,JDG Esports,75.0,7.86,
1825,Play-In Stage,8,5000.0,11980,Four Angry Men,75.0,7.86,
1825,OQ - Ro16,1,,1837,Attacking Soul Esports,,,Play-In Stage
1825,OQ - Ro16,2,,11980,Four Angry Men,,,Play-In Stage
1825,OQ - Ro16,3,,13514,Ninjas In Pyjamas,,,Play-In Stage
1825,OQ - Ro16,4,,804,Royal Never Give Up,,,Play-In Stage
1825,OQ - Ro16,5,,731,TYLOO,,,Play-In Stage
1825,OQ - Ro16,6,,11981,Dragon Ranger Gaming,,,Play-In Stage
1825,OQ - Ro16,7,,12010,Bilibili Gaming,,,Play-In Stage
1825,OQ - Ro16,8,,13576,JDG Esports,,,Play-In Stage
1825,OQ - Ro16,9,,11983,Kingzone,25.0,11.0,
1825,OQ - Ro16,10,,4683,Invincible Gaming,25.0,11.0,
1825,OQ - Ro16,11,,13532,TOP Esports,25.0,11.0,
1825,OQ - Ro16,12,,5944,Night Wings Gaming,25.0,11.0,
1825,OQ - Ro16,13,,13582,Tianba,25.0,11.0,
1825,OQ - Ro16,14,,9052,Monarch Effect,25.0,11.0,
1825,OQ - Ro16,15,,1119,All Gamers,25.0,11.0,
1825,OQ - Ro16,16,,12784,KeepBest Gaming,25.0,11.0,
1825,OQ - A,1,,1837,Attacking Soul Esports,,,Round of 16
1825,OQ - A,2,,11983,Kingzone,,,Round of 16
1825,OQ - A,3,,13582,Tianba,,,Round of 16
1825,OQ - A,4,,5944,Night Wings Gaming,,,Round of 16
1825,OQ - A,5,,12785,Octagonal Disposition Gaming,20.0,11.0,
1825,OQ - A,6,,4462,Shenzhen NTER,20.0,11.0,
1825,OQ - A,7,,12532,JiJieHao,20.0,11.0,
1825,OQ - A,8,,12128,Extraordinary,20.0,11.0,
1825,OQ - A,9,,5461,Invictus Gaming,15.0,8.25,
1825,OQ - A,10,,13574,Saqima Esports,15.0,8.25,
1825,OQ - B,1,,11980,Four Angry Men,,,Round of 16
1825,OQ - B,2,,4683,Invincible Gaming,,,Round of 16
1825,OQ - B,3,,9052,Monarch Effect,,,Round of 16
1825,OQ - B,4,,13532,TOP Esports,,,Round of 16
1825,OQ - B,5,,1224,Weibo Gaming,20.0,11.0,
1825,OQ - B,6,,13579,Chosen Clique Gaming,20.0,11.0,
1825,OQ - B,7,,12011,Douyu Gaming,20.0,11.0,
1825,OQ - B,8,,12064,Nova Esports,20.0,11.0,
1825,OQ - B,9,,12009,DD Team,15.0,8.25,
1825,OQ - B,10,,13788,YG,15.0,8.25,
1825,OQ - C,1,,11981,Dragon Ranger Gaming,,,Round of 16
1825,OQ - C,2,,13514,Ninjas In Pyjamas,,,Round of 16
1825,OQ - C,3,,1119,All Gamers,,,Round of 16
1825,OQ - C,4,,12010,Bilibili Gaming,,,Round of 16
1825,OQ - C,5,,13581,Xi Lai Gaming,20.0,11.0,
1825,OQ - C,6,,13790,Wolves Esports,20.0,11.0,
1825,OQ - C,7,,13556,17Gaming,20.0,11.0,
1825,OQ - C,8,,12783,I May,20.0,11.0,
1825,OQ - C,9,,13789,1one,15.0,8.25,
1825,OQ - C,10,,11986,TJD Esports Club,15.0,8.25,
1825,OQ - D,1,,731,TYLOO,,,Round of 16
1825,OQ - D,2,,13576,JDG Esports,,,Round of 16
1825,OQ - D,3,,12784,KeepBest Gaming,,,Round of 16
1825,OQ - D,4,,804,Royal Never Give Up,,,Round of 16
1825,OQ - D,5,,13575,Change The Game,20.0,11.0,
1825,OQ - D,6,,906,NewHappy Esports,20.0,11.0,
1825,OQ - D,7,,13564,Regans Gaming,20.0,11.0,
1825,OQ - D,8,,13580,VLG Esports,20.0,11.0,
1825,OQ - D,9,,13578,ChaoRan Gaming,15.0,8.25,
1825,OQ - D,10,,13791,AOW,15.0,8.25,
1747,Main Stage,1,100000.0,1120,EDward Gaming,400.0,11.0,
1747,Main Stage,2,60000.0,11985,Rare Atom,300.0,8.25,
1747,Main Stage,3,45000.0,11328,FunPlus Phoenix,200.0,5.5,
1747,Main Stage,4,30000.0,12685,Trace Esports,150.0,4.12,
1747,Main Stage,5,12000.0,12010,Bilibili Gaming,125.0,3.44,
1747,Main Stage,6,12000.0,1837,Attacking Soul Esports,125.0,3.44,
1747,Main Stage,7,9500.0,731,TYLOO,100.0,2.75,
1747,Main Stage,8,9500.0,1224,Weibo Gaming,100.0,2.75,
1747,Play-In Stage,1,,1837,Attacking Soul Esports,,,Main Stage
1747,Play-In Stage,2,,11985,Rare Atom,,,Main Stage
1747,Play-In Stage,3,,12685,Trace Esports,,,Main Stage
1747,Play-In Stage,4,,1224,Weibo Gaming,,,Main Stage
1747,Play-In Stage,5,6000.0,804,Royal Never Give Up,75.0,11.0,
1747,Play-In Stage,6,6000.0,5944,Night Wings Gaming,75.0,11.0,
1747,Play-In Stage,7,5000.0,12064,Nova Esports,50.0,7.33,
1747,Play-In Stage,8,5000.0,12783,I May,50.0,7.33,
1747,OQ - Ro16,1,,11985,Rare Atom,,,Play-In
1747,OQ - Ro16,2,,5944,Night Wings Gaming,,,Play-In
1747,OQ - Ro16,3,,1224,Weibo Gaming,,,Play-In
1747,OQ - Ro16,4,,1837,Attacking Soul Esports,,,Play-In
1747,OQ - Ro16,5,,12685,Trace Esports,,,Play-In
1747,OQ - Ro16,6,,12064,Nova Esports,,,Play-In
1747,OQ - Ro16,7,,804,Royal Never Give Up,,,Play-In
1747,OQ - Ro16,8,,12783,I May,,,Play-In
1747,OQ - Ro16,9,,11981,Dragon Ranger Gaming,20.0,11.0,
1747,OQ - Ro16,10,,13564,Regans Gaming,20.0,11.0,
1747,OQ - Ro16,11,,12784,KeepBest Gaming,20.0,11.0,
1747,OQ - Ro16,12,,11983,Kingzone,20.0,11.0,
1747,OQ - Ro16,13,,13575,Change The Game,20.0,11.0,
1747,OQ - Ro16,14,,12532,JiJieHao,20.0,11.0,
1747,OQ - Ro16,15,,13579,Chosen Clique Gaming,20.0,11.0,
1747,OQ - Ro16,16,,13581,Xi Lai Gaming,20.0,11.0,
1747,OQ - A,1,,12685,Trace Esports,,,Round of 16
1747,OQ - A,2,,11985,Rare Atom,,,Round of 16
1747,OQ - A,3,,11983,Kingzone,,,Round of 16
1747,OQ - A,4,,13575,Change The Game,,,Round of 16
1747,OQ - A,5,,1119,All Gamers,15.0,11.0,
1747,OQ - A,6,,13532,TOP Esports,15.0,11.0,
1747,OQ - A,7,,13574,Saqima Esports,15.0,11.0,
1747,OQ - A,8,,4462,Shenzhen NTER,15.0,11.0,
1747,OQ - B,1,,804,Royal Never Give Up,,,Round of 16
1747,OQ - B,2,,12064,Nova Esports,,,Round of 16
1747,OQ - B,3,,5944,Night Wings Gaming,,,Round of 16
1747,OQ - B,4,,12532,JiJieHao,,,Round of 16
1747,OQ - B,5,,13514,Ninjas In Pyjamas,15.0,11.0,
1747,OQ - B,6,,13576,JDG Esports,15.0,11.0,
1747,OQ - B,7,,13577,VOID ESC,15.0,11.0,
1747,OQ - B,8,,9052,Monarch Effect,15.0,11.0,
1747,OQ - B,9,,4683,Invincible Gaming,10.0,7.33,
1747,OQ - C,1,,13564,Regans Gaming,,,Round of 16
1747,OQ - C,2,,13578,ChaoRan Gaming,,,Round of 16
1747,OQ - C,3,,12784,KeepBest Gaming,,,Round of 16
1747,OQ - C,4,,1224,Weibo Gaming,,,Round of 16
1747,OQ - C,5,,11980,Four Angry Men,15.0,11.0,
1747,OQ - C,6,,12128,Extraordinary,15.0,11.0,
1747,OQ - C,7,,5461,Invictus Gaming,15.0,11.0,
1747,OQ - C,8,,12736,5KS eSports Club,15.0,11.0,
1747,OQ - C,9,,12011,Douyu Gaming,10.0,7.33,
1747,OQ - C,10,,13578,ChaoRan Gaming,10.0,7.33,
1747,OQ - D,1,,1837,Attacking Soul Esports,,,Round of 16
1747,OQ - D,2,,12783,I May,,,Round of 16
1747,OQ - D,3,,13581,Xi Lai Gaming,,,Round of 16
1747,OQ - D,4,,11981,Dragon Ranger Gaming,,,Round of 16
1747,OQ - D,5,,13556,17Gaming,15.0,11.0,
1747,OQ - D,6,,11986,TJD Esports Club,15.0,11.0,
1747,OQ - D,7,,13582,Tianba,15.0,11.0,
1747,OQ - D,8,,6093,Qing Jiu Club,15.0,11.0,
1747,OQ - D,9,,906,NewHappy Esports,10.0,7.33,
1747,OQ - D,10,,13580,VLG Esports,10.0,7.33,
1657,Playoffs,1,1000000.0,5248,Evil Geniuses,,,
1657,Playoffs,2,400000.0,624,Paper Rex,,,
1657,Playoffs,3,250000.0,6961,LOUD,,,
1657,Playoffs,4,130000.0,2593,FNATIC,,,
1657,Playoffs,5,85000.0,8185,DRX,,,
1657,Playoffs,6,85000.0,1120,EDward Gaming,,,
1657,Playoffs,7,50000.0,12010,Bilibili Gaming,,,
1657,Playoffs,8,50000.0,1184,FUT Esports,,,
1657,Group Stage,9,30000.0,1034,NRG,,,
1657,Group Stage,10,30000.0,2304,Giants Gaming,,,
1657,Group Stage,11,30000.0,14,T1,,,
1657,Group Stage,12,30000.0,4915,Natus Vincere,,,
1657,Group Stage,13,20000.0,2355,KRÜ Esports,,,
1657,Group Stage,14,20000.0,11328,FunPlus Phoenix,,,
1657,Group Stage,15,20000.0,5448,ZETA DIVISION,,,
1657,Group Stage,16,20000.0,474,Team Liquid,,,
1658,Main Event,1,,2355,KRÜ Esports,,,
1658,Main Event,2,,2359,LEVIATÁN,,,
1658,Main Event,3,,188,Cloud9,,,
1658,Main Event,4,,2,Sentinels,,,
1658,Main Event,5,,120,100 Thieves,,,
1658,Main Event,6,,2406,FURIA,,,
1658,Main Event,7,,7386,MIBR,,,
1659,Playoffs,1,,2304,Giants Gaming,,,
1659,Playoffs,2,,4915,Natus Vincere,,,
1659,Playoffs,3,,7035,KOI,,,
1659,Playoffs,4,,8877,Karmine Corp,,,
1659,Playoffs,5,,1001,Team Heretics,,,
1659,Playoffs,6,,397,BBL Esports,,,
1660,Main Event,1,,5448,ZETA DIVISION,,,
1660,Main Event,2,,6199,Team Secret,,,
1660,Main Event,3,,17,Gen.G,,,
1660,Main Event,4,,878,Rex Regum Qeon,,,
1660,Main Event,5,,918,Global Esports,,,
1660,Main Event,6,,8304,TALON,,,
1660,Main Event,7,,278,DetonatioN FocusMe,,,
1664,Playoffs,1,,1120,EDward Gaming,,,
1664,Playoffs,2,,12010,Bilibili Gaming,,,
1664,Playoffs,3,,11328,FunPlus Phoenix,,,
1664,Playoffs,4,,731,TYLOO,,,
1664,Playoffs,5,,1837,Attacking Soul Esports,,,
1664,Playoffs,6,,12685,Trace Esports,,,
1664,Playoffs,7,,9052,Monarch Effect,,,
1664,Playoffs,8,,1224,Weibo Gaming,,,
1664,Playoffs,9,,11980,Four Angry Men,,,
1664,Playoffs,10,,804,Royal Never Give Up,,,
1664,Playoffs,11,,4462,Shenzhen NTER,,,
1664,Playoffs,12,,11981,Dragon Ranger Gaming,,,
1664,Preliminary Stage,1,,1211,Totoro Gaming,,,
1664,Preliminary Stage,2,,731,TYLOO,,,
1664,Preliminary Stage,3,,1224,Weibo Gaming,,,
1664,Preliminary Stage,4,,9052,Monarch Effect,,,
1664,Preliminary Stage,5,,804,Royal Never Give Up,,,
1664,Preliminary Stage,6,,11980,Four Angry Men,,,
1664,Preliminary Stage,7,,11981,Dragon Ranger Gaming,,,
1664,Preliminary Stage,8,,4462,Shenzhen NTER,,,
1664,Preliminary Stage,9,,12202,Gank Gaming,,,
1664,Preliminary Stage,10,,5944,Night Wings Gaming,,,
1664,Preliminary Stage,11,,12011,Douyu Gaming,,,
1664,Preliminary Stage,12,,12064,Nova Esports,,,
1664,Preliminary Stage,13,,4460,Number One Player,,,
1664,Preliminary Stage,14,,4683,Invincible Gaming,,,
1664,Preliminary Stage,15,,11985,Rare Atom,,,
1664,Preliminary Stage,16,,11983,Kingzone,,,
1494,Playoffs,1,350000.0,2593,FNATIC,,,
1494,Playoffs,2,200000.0,5248,Evil Geniuses,,,
1494,Playoffs,3,125000.0,624,Paper Rex,,,
1494,Playoffs,4,75000.0,1034,NRG,,,
1494,Playoffs,5,50000.0,474,Team Liquid,,,
1494,Playoffs,6,50000.0,1120,EDward Gaming,,,
1494,Playoffs,7,35000.0,8185,DRX,,,
1494,Playoffs,8,35000.0,6961,LOUD,,,
1494,Group Stage,1,,1034,NRG,,,
1494,Group Stage,2,,5248,Evil Geniuses,,,
1494,Group Stage,3,,1120,EDward Gaming,,,
1494,Group Stage,4,,8185,DRX,,,
1494,Group Stage,5,25000.0,14,T1,,,
1494,Group Stage,6,25000.0,1184,FUT Esports,,,
1494,Group Stage,7,15000.0,1837,Attacking Soul Esports,,,
1494,Group Stage,8,15000.0,4915,Natus Vincere,,,
1189,Playoffs,1,100000.0,6961,LOUD,,,
1189,Playoffs,2,65000.0,1034,NRG,,,
1189,Playoffs,3,40000.0,5248,Evil Geniuses,,,
1189,Playoffs,4,25000.0,188,Cloud9,,,
1189,Playoffs,5,15000.0,2359,LEVIATÁN,,,
1189,Playoffs,6,5000.0,2406,FURIA,,,
1189,Regular Season,1,,6961,LOUD,,,
1189,Regular Season,2,,188,Cloud9,,,
1189,Regular Season,3,,1034,NRG,,,
1189,Regular Season,4,,2359,LEVIATÁN,,,
1189,Regular Season,5,,2406,FURIA,,,
1189,Regular Season,6,,5248,Evil Geniuses,,,
1189,Regular Season,7,,2,Sentinels,,,
1189,Regular Season,8,,120,100 Thieves,,,
1189,Regular Season,9,,7386,MIBR,,,
1189,Regular Season,10,,2355,KRÜ Esports,,,
1190,Playoffs,1,100000.0,474,Team Liquid,,,
1190,Playoffs,2,65000.0,2593,FNATIC,,,
1190,Playoffs,3,40000.0,1184,FUT Esports,,,
1190,Playoffs,4,25000.0,4915,Natus Vincere,,,
1190,Playoffs,5,10000.0,2304,Giants Gaming,,,
1190,Playoffs,6,10000.0,2059,Team Vitality,,,
1190,Regular Season,1,,2593,FNATIC,,,
1190,Regular Season,2,,4915,Natus Vincere,,,
1190,Regular Season,3,,474,Team Liquid,,,
1190,Regular Season,4,,2304,Giants Gaming,,,
1190,Regular Season,5,,1184,FUT Esports,,,
1190,Regular Season,6,,2059,Team Vitality,,,
1190,Regular Season,7,,397,BBL Esports,,,
1190,Regular Season,8,,1001,Team Heretics,,,
1190,Regular Season,9,,7035,KOI,,,
1190,Regular Season,10,,8877,Karmine Corp,,,
1191,Playoffs,1,100000.0,624,Paper Rex,,,
1191,Playoffs,2,65000.0,8185,DRX,,,
1191,Playoffs,3,40000.0,14,T1,,,
1191,Playoffs,4,25000.0,17,Gen.G,,,
1191,Playoffs,5,10000.0,6199,Team Secret,,,
1191,Playoffs,6,10000.0,5448,ZETA DIVISION,,,
1191,League Play,1,,8185,DRX,,,
1191,League Play,2,,624,Paper Rex,,,
1191,League Play,3,,14,T1,,,
1191,League Play,4,,5448,ZETA DIVISION,,,
1191,League Play,5,,6199,Team Secret,,,
1191,League Play,6,,17,Gen.G,,,
1191,League Play,7,,878,Rex Regum Qeon,,,
1191,League Play,8,,918,Global Esports,,,
1191,League Play,9,,8304,TALON,,,
1191,League Play,10,,278,DetonatioN FocusMe,,,
1188,Playoffs,1,100000.0,2593,FNATIC,,,
1188,Playoffs,2,60000.0,6961,LOUD,,,
1188,Playoffs,3,40000.0,8185,DRX,,,
1188,Playoffs,4,40000.0,4915,Natus Vincere,,,
1188,Bracket Stage,1,,6961,LOUD,,,
1188,Bracket Stage,2,,8185,DRX,,,
1188,Bracket Stage,3,,4915,Natus Vincere,,,
1188,Bracket Stage,4,,2593,FNATIC,,,
1188,Bracket Stage,5,25000.0,1034,NRG,,,
1188,Bracket Stage,6,25000.0,8304,TALON,,,
1188,Bracket Stage,7,25000.0,2359,LEVIATÁN,,,
1188,Bracket Stage,8,25000.0,120,100 Thieves,,,
1188,Bracket Stage,9,10000.0,2304,Giants Gaming,,,
1188,Bracket Stage,10,10000.0,8877,Karmine Corp,,,
1188,Bracket Stage,11,10000.0,188,Cloud9,,,
1188,Bracket Stage,12,10000.0,5248,Evil Geniuses,,,
1188,Bracket Stage,13,10000.0,6199,Team Secret,,,
1188,Bracket Stage,14,10000.0,2059,Team Vitality,,,
1188,Bracket Stage,15,10000.0,1184,FUT Esports,,,
1188,Bracket Stage,16,10000.0,2406,FURIA,,,
1188,Bracket Stage,17,5000.0,7035,KOI,,,
1188,Bracket Stage,18,5000.0,278,DetonatioN FocusMe,,,
1188,Bracket Stage,19,5000.0,17,Gen.G,,,
1188,Bracket Stage,20,5000.0,11328,FunPlus Phoenix,,,
1188,Bracket Stage,21,5000.0,397,BBL Esports,,,
1188,Bracket Stage,22,5000.0,624,Paper Rex,,,
1188,Bracket Stage,23,5000.0,1001,Team Heretics,,,
1188,Bracket Stage,24,5000.0,7386,MIBR,,,
1188,Bracket Stage,25,5000.0,474,Team Liquid,,,
1188,Bracket Stage,26,5000.0,2355,KRÜ Esports,,,
1188,Bracket Stage,27,5000.0,5448,ZETA DIVISION,,,
1188,Bracket Stage,28,5000.0,918,Global Esports,,,
1188,Bracket Stage,29,5000.0,878,Rex Regum Qeon,,,
1188,Bracket Stage,30,5000.0,1120,EDward Gaming,,,
1188,Bracket Stage,31,5000.0,2,Sentinels,,,
1188,Bracket Stage,32,5000.0,14,T1,,,
1188,Showmatch,1,,12066,Team FRTTT,,,
1188,Showmatch,2,,12065,Team tarik,,,
1015,Playoffs,1,300000.0,6961,LOUD,,,
1015,Playoffs,2,150000.0,8127,OpTic Gaming,,,
1015,Playoffs,3,110000.0,8185,DRX,,,
1015,Playoffs,4,80000.0,628,FunPlus Phoenix,,,
1015,Playoffs,5,60000.0,533,XSET,,,
1015,Playoffs,6,60000.0,2593,FNATIC,,,
1015,Playoffs,7,40000.0,2359,LEVIATÁN,,,
1015,Playoffs,8,40000.0,474,Team Liquid,,,
1015,Group Stage,9,25000.0,624,Paper Rex,,,
1015,Group Stage,10,25000.0,5448,ZETA DIVISION,,,
1015,Group Stage,11,25000.0,2355,KRÜ Esports,,,
1015,Group Stage,12,25000.0,120,100 Thieves,,,
1015,Group Stage,13,15000.0,1120,EDward Gaming,,,
1015,Group Stage,14,15000.0,466,BOOM Esports,,,
1015,Group Stage,15,15000.0,7397,XERXIA Esports,,,
1015,Group Stage,16,15000.0,2406,FURIA,,,
1111,Main Event,1,90000.0,2355,KRÜ Esports,,,
1111,Main Event,2,55000.0,2406,FURIA,,,
1111,Main Event,3,35000.0,6946,TBK Esports,,,
1111,Main Event,4,25000.0,4894,Keyd Stars,,,
1111,Main Event,5,15000.0,7391,Ninjas In Pyjamas,,,
1111,Main Event,6,15000.0,367,9z Team,,,
1111,Main Event,7,10000.0,7269,FUSION,,,
1111,Main Event,8,10000.0,724,E-Xolos LAZER,,,
1130,Main Event,1,,120,100 Thieves,,,
1130,Main Event,2,,6675,The Guard,,,
1130,Main Event,3,,337,FaZe Clan,,,
1130,Main Event,4,,188,Cloud9,,,
1130,Main Event,5,,2,Sentinels,,,
1130,Main Event,6,,1034,NRG,,,
1130,Main Event,7,,9353,Shopify Rebellion Black,,,
1130,Main Event,8,,5248,Evil Geniuses,,,
1117,Main Event,1,,474,Team Liquid,,,
1117,Main Event,2,15000.0,8326,M3 Champions,,,
1117,Main Event,3,10000.0,257,G2 Esports,,,
1117,Main Event,4,7000.0,8903,OG LDN UTD,,,
1117,Main Event,5,5000.0,4915,Natus Vincere,,,
1117,Main Event,6,5000.0,1209,Guild Esports,,,
1117,Main Event,7,4000.0,3531,Acend,,,
1117,Main Event,8,4000.0,397,BBL Esports,,,
1083,Main Event,1,,1120,EDward Gaming,,,
1083,Main Event,2,,8182,Incheon On Sla2ers,,,
1083,Main Event,3,,2988,NORTHEPTION,,,
1083,Main Event,4,,5443,KONE eSports Club,,,
1083,Main Event,5,,277,Crazy Raccoon,,,
1083,Main Event,6,,104,REJECT,,,
1083,Main Event,7,,8086,Maru Gaming,,,
1083,Main Event,8,,2542,DAMWON Gaming,,,
1084,Main Event,1,,466,BOOM Esports,,,
1084,Main Event,2,,2032,ONIC G,,,
1084,Main Event,3,,6387,BLEED,,,
1084,Main Event,4,,6199,Team Secret,,,
1084,Main Event,5,,1208,ORDER,,,
1084,Main Event,6,,4210,Made in Thailand,,,
1084,Main Event,7,,4325,CERBERUS Esports,,,
1084,Main Event,8,,1110,Alter Ego,,,
1084,Main Event,9,,3107,Griffin E-Sports,,,
1084,Main Event,10,,4330,Fancy United Esports,,,
1014,Playoffs,1,200000.0,628,FunPlus Phoenix,1000.0,11.0,
1014,Playoffs,2,120000.0,624,Paper Rex,750.0,8.25,
1014,Playoffs,3,85000.0,8127,OpTic Gaming,500.0,5.5,
1014,Playoffs,4,65000.0,2593,FNATIC,400.0,4.4,
1014,Playoffs,5,40000.0,8185,DRX,300.0,3.3,
1014,Playoffs,6,40000.0,2359,LEVIATÁN,300.0,3.3,
1014,Playoffs,7,25000.0,1209,Guild Esports,250.0,2.75,
1014,Playoffs,8,25000.0,533,XSET,250.0,2.75,
1014,Group Stage,9,15000.0,2355,KRÜ Esports,200.0,11.0,
1014,Group Stage,10,15000.0,2988,NORTHEPTION,200.0,11.0,
1014,Group Stage,11,10000.0,6961,LOUD,150.0,8.25,
1014,Group Stage,12,10000.0,7397,XERXIA Esports,150.0,8.25,
1113,Main Event,1,11000.0,1208,ORDER,,,
1113,Main Event,2,8000.0,8448,BOBO,,,
1113,Main Event,3,5000.0,1319,Funcrew,,,
1113,Main Event,4,3000.0,8591,REIGN,,,
1113,Main Event,5,1500.0,7313,Bonkers,,,
1113,Main Event,6,1500.0,7312,HONEY BADGERS,,,
1085,Decider,1,,2355,KRÜ Esports,,,
1085,Decider,2,,7391,Ninjas In Pyjamas,,,
1086,Playoffs,1,25000.0,2359,LEVIATÁN,,,Masters: Copenhagen
1086,Playoffs,2,12500.0,2355,KRÜ Esports,,,LATAM/BR LCQ
1086,Playoffs,3,7500.0,7269,FUSION,50.0,11.0,
1086,Playoffs,4,5000.0,724,E-Xolos LAZER,45.0,9.9,
800,Playoffs,1,50000.0,533,XSET,,,Masters
800,Playoffs,2,32000.0,8127,OpTic Gaming,,,Masters
800,Playoffs,3,26000.0,337,FaZe Clan,65.0,11.0,
800,Playoffs,4,20000.0,1034,NRG,55.0,9.31,
800,Playoffs,5,14000.0,5248,Evil Geniuses,45.0,7.62,
800,Playoffs,6,14000.0,120,100 Thieves,45.0,7.62,
800,Playoffs,7,10000.0,2291,Ghost Gaming,35.0,5.92,
800,Playoffs,8,10000.0,642,Luminosity,35.0,5.92,
800,Group Stage,1,,533,XSET,,,Main Event
800,Group Stage,2,,8127,OpTic Gaming,,,Main Event
800,Group Stage,3,,2291,Ghost Gaming,,,Main Event
800,Group Stage,4,,337,FaZe Clan,,,Main Event
800,Group Stage,5,,120,100 Thieves,,,Main Event
800,Group Stage,6,,5248,Evil Geniuses,,,Main Event
800,Group Stage,7,,1034,NRG,,,Main Event
800,Group Stage,8,,642,Luminosity,,,Main Event
800,Group Stage,9,6000.0,6675,The Guard,20.0,11.0,
800,Group Stage,10,6000.0,188,Cloud9,20.0,11.0,
800,Group Stage,11,6000.0,106,TSM,15.0,8.25,
800,Group Stage,12,6000.0,2,Sentinels,15.0,8.25,
800,Open Qualifier #2,1,,120,100 Thieves,,,
800,Open Qualifier #2,2,,5248,Evil Geniuses,,,
800,Open Qualifier #2,3,,2291,Ghost Gaming,,,
800,Open Qualifier #2,4,,2,Sentinels,,,
800,Open Qualifier #2,5,,1615,Knights,,,
800,Open Qualifier #2,6,,6461,Akrew,,,
800,Open Qualifier #2,7,,6451,Built By Gamers Academy,,,
800,Open Qualifier #2,8,,4345,SoaR,,,
800,Open Qualifier #2,9,,17,Gen.G,,,
800,Open Qualifier #2,10,,8370,NYFU,,,
800,Open Qualifier #2,11,,4346,DarkZero Esports,,,
800,Open Qualifier #2,12,,7854,Girl Kissers,,,
800,Open Qualifier #2,13,,2348,VIRTUOSO,,,
800,Open Qualifier #2,14,,470,Complexity,,,
800,Open Qualifier #2,15,,4388,Cosmic Divide,,,
800,Open Qualifier #2,16,,2350,Soniqs,,,
800,Open Qualifier #2,17,,14,T1,,,
800,Open Qualifier #2,18,,793,Moon Raccoons,,,
800,Open Qualifier #2,19,,3337,BASILISK,,,
800,Open Qualifier #2,20,,2815,Version1,,,
800,Open Qualifier #2,21,,8569,Skwirel Warriers,,,
800,Open Qualifier #2,22,,2938,PUGSTARS,,,
800,Open Qualifier #2,23,,5038,YFP,,,
800,Open Qualifier #2,24,,5829,Team Mystic,,,
800,Open Qualifier #2,25,,3748,Team Reckaroo,,,
800,Open Qualifier #2,26,,6045,Lenny Time,,,
800,Open Qualifier #2,27,,8568,Clanless,,,
800,Open Qualifier #2,28,,8460,Flex Gaming,,,
800,Open Qualifier #2,29,,7049,Rated Gaming,,,
800,Open Qualifier #2,30,,5832,Zero MarksMen Black,,,
800,Open Qualifier #2,31,,12836,Aspyre x Swarm,,,
800,Open Qualifier #2,32,,1267,Cloud9 White,,,
800,Open Qualifier #1,1,,1034,NRG,,,
800,Open Qualifier #1,2,,337,FaZe Clan,,,
800,Open Qualifier #1,3,,106,TSM,,,
800,Open Qualifier #1,4,,642,Luminosity,,,
800,Open Qualifier #1,5,,120,100 Thieves,,,
800,Open Qualifier #1,6,,2815,Version1,,,
800,Open Qualifier #1,7,,1615,Knights,,,
800,Open Qualifier #1,8,,2,Sentinels,,,
800,Open Qualifier #1,9,,4346,DarkZero Esports,,,
800,Open Qualifier #1,10,,5248,Evil Geniuses,,,
800,Open Qualifier #1,11,,8370,NYFU,,,
800,Open Qualifier #1,12,,6451,Built By Gamers Academy,,,
800,Open Qualifier #1,13,,2348,VIRTUOSO,,,
800,Open Qualifier #1,14,,17,Gen.G,,,
800,Open Qualifier #1,15,,5832,Zero MarksMen Black,,,
800,Open Qualifier #1,16,,470,Complexity,,,
800,Open Qualifier #1,17,,8357,Zer0 Latency,,,
800,Open Qualifier #1,18,,6461,Akrew,,,
800,Open Qualifier #1,19,,793,Moon Raccoons,,,
800,Open Qualifier #1,20,,2350,Soniqs,,,
800,Open Qualifier #1,21,,7854,Girl Kissers,,,
800,Open Qualifier #1,22,,14,T1,,,
800,Open Qualifier #1,23,,3337,BASILISK,,,
800,Open Qualifier #1,24,,8264,Nearest Airport,,,
800,Open Qualifier #1,25,,4345,SoaR,,,
800,Open Qualifier #1,26,,2291,Ghost Gaming,,,
800,Open Qualifier #1,27,,8460,Flex Gaming,,,
800,Open Qualifier #1,28,,6045,Lenny Time,,,
800,Open Qualifier #1,29,,1267,Cloud9 White,,,
800,Open Qualifier #1,30,,4388,Cosmic Divide,,,
800,Open Qualifier #1,31,,2938,PUGSTARS,,,
800,Open Qualifier #1,32,,7853,Run it Down,,,
911,Playoffs,1,100000.0,6961,LOUD,,,Masters
911,Playoffs,2,75000.0,7391,Ninjas In Pyjamas,75.0,11.0,LATAM/BR LCQ
911,Playoffs,3,50000.0,4894,Keyd Stars,65.0,9.53,
911,Playoffs,4,40000.0,7332,Los Grandes,50.0,7.33,
911,Playoffs,5,32500.0,7386,MIBR,45.0,6.6,
911,Playoffs,6,32500.0,2406,FURIA,45.0,6.6,
911,Group Stage,7,25000.0,7013,Stars Horizon,40.0,11.0,
911,Group Stage,8,25000.0,6946,TBK Esports,40.0,11.0,
911,Group Stage,9,12500.0,243,Gamelanders Blue,35.0,9.62,
911,Group Stage,10,12500.0,581,Liberty,35.0,9.62,
911,Final Qualifier,1,,1311,Galaxy Carrots,,,
911,Final Qualifier,2,,7332,Los Grandes,,,
911,Final Qualifier,3,,8266,Tropinha do TIKTOK 2.0,,,
911,Final Qualifier,4,,7386,MIBR,,,
911,Final Qualifier,5,,5322,Botafogo eSports,,,
911,Final Qualifier,6,,7337,Bomb Crypto,,,
911,Final Qualifier,7,,7349,Renegados,,,
911,Final Qualifier,8,,6406,SG e-Sports,,,
911,Closed Qualifier #2,1,,8266,Tropinha do TIKTOK 2.0,,,
911,Closed Qualifier #2,2,,1311,Galaxy Carrots,,,
911,Closed Qualifier #2,3,,6406,SG e-Sports,,,
911,Closed Qualifier #2,4,,7337,Bomb Crypto,,,
911,Closed Qualifier #2,5,,8267,Tuzzy E-Sports,,,
911,Closed Qualifier #2,6,,8269,doidera,,,
911,Closed Qualifier #2,7,,7013,Stars Horizon,,,
911,Closed Qualifier #2,8,,8335,OIP,,,
911,Open Qualifier #2,1,,6406,SG e-Sports,,,
911,Open Qualifier #2,2,,8266,Tropinha do TIKTOK 2.0,,,
911,Open Qualifier #2,3,,8335,OIP,,,
911,Open Qualifier #2,4,,8269,doidera,,,
911,Open Qualifier #2,5,,8330,Os Selvagens,,,
911,Open Qualifier #2,6,,8298,REiGN,,,
911,Open Qualifier #2,7,,7355,RD E-SPORTS,,,
911,Open Qualifier #2,8,,7640,4 ruim e 1 ruim,,,
911,Closed Qualifier #1,1,,5322,Botafogo eSports,,,
911,Closed Qualifier #1,2,,7349,Renegados,,,
911,Closed Qualifier #1,3,,7386,MIBR,,,
911,Closed Qualifier #1,4,,7332,Los Grandes,,,
911,Closed Qualifier #1,5,,7337,Bomb Crypto,,,
911,Closed Qualifier #1,6,,7013,Stars Horizon,,,
911,Closed Qualifier #1,7,,8267,Tuzzy E-Sports,,,
911,Closed Qualifier #1,8,,1311,Galaxy Carrots,,,
911,Open Qualifier #1,1,,8267,Tuzzy E-Sports,,,
911,Open Qualifier #1,2,,7337,Bomb Crypto,,,
911,Open Qualifier #1,3,,4958,ODDIK,,,
911,Open Qualifier #1,4,,7374,LUSA White,,,
911,Open Qualifier #1,5,,6220,Só Deus Sabe,,,
911,Open Qualifier #1,6,,7383,Utah Bless,,,
911,Open Qualifier #1,7,,7055,Team Liquid Brazil,,,
911,Open Qualifier #1,8,,2343,Rise Gaming,,,
984,Playoffs,1,40000.0,2593,FNATIC,,,Masters
984,Playoffs,2,30000.0,628,FunPlus Phoenix,,,Masters
984,Playoffs,3,22000.0,1209,Guild Esports,,,Masters
984,Playoffs,4,18000.0,8326,M3 Champions,75.0,11.0,
984,Playoffs,5,15000.0,3531,Acend,65.0,9.53,
984,Playoffs,6,15000.0,474,Team Liquid,65.0,9.53,
984,Group Stage,7,12000.0,8903,OG LDN UTD,55.0,11.0,
984,Group Stage,8,12000.0,397,BBL Esports,55.0,11.0,
984,Group Stage,9,10000.0,257,G2 Esports,45.0,9.0,
984,Group Stage,10,10000.0,4915,Natus Vincere,45.0,9.0,
984,Group Stage,11,8000.0,6882,FOKUS,40.0,8.0,
984,Group Stage,12,8000.0,472,BIG,40.0,8.0,
1063,Playoffs,1,30000.0,624,Paper Rex,,,Masters 2: Copenhagen
1063,Playoffs,2,20000.0,7397,XERXIA Esports,,,Masters 2: Copenhagen
1063,Playoffs,3,12500.0,6199,Team Secret,75.0,11.0,
1063,Playoffs,4,10000.0,2032,ONIC G,65.0,9.53,
1063,Playoffs,5,8750.0,1110,Alter Ego,55.0,8.07,
1063,Playoffs,6,8750.0,6387,BLEED,55.0,8.07,
1063,Playoffs,7,7500.0,3107,Griffin E-Sports,45.0,6.6,
1063,Playoffs,8,7500.0,466,BOOM Esports,45.0,6.6,
1063,Group Stage,9,5000.0,9161,Gaimin Gladiators,40.0,11.0,
1063,Group Stage,10,5000.0,878,Rex Regum Qeon,40.0,11.0,
1063,Group Stage,11,5000.0,1208,ORDER,40.0,11.0,
1063,Group Stage,12,5000.0,4330,Fancy United Esports,40.0,11.0,
1063,Group Stage,13,4000.0,4210,Made in Thailand,35.0,9.62,
1063,Group Stage,14,4000.0,918,Global Esports,35.0,9.62,
1063,Group Stage,15,4000.0,3136,Oasis Gaming,35.0,9.62,
1063,Group Stage,16,4000.0,4993,FW Esports,35.0,9.62,
1063,Play-Ins,17,2500.0,4325,CERBERUS Esports,30.0,11.0,
1063,Play-Ins,18,2500.0,8928,Ghetto Artist,30.0,11.0,
1063,Play-Ins,19,2000.0,2917,Enigma Gaming,25.0,9.17,
1063,Play-Ins,20,2000.0,5931,Team Big BAAM,25.0,9.17,
1013,Main Event,1,,2988,NORTHEPTION,,,Masters: Copenhagen
1013,Main Event,2,,5448,ZETA DIVISION,75.0,11.0,
1013,Main Event,3,,277,Crazy Raccoon,65.0,9.53,
1013,Main Event,4,,104,REJECT,55.0,8.07,
1013,Main Event,5,,516,FAV gaming,45.0,6.6,
1013,Main Event,6,,2108,BLUE BEES.ESP,45.0,6.6,
1013,Main Event,7,,6793,Jadeite,40.0,5.87,
1013,Main Event,8,,283,Sengoku Gaming,40.0,5.87,
998,Playoffs,1,30000000.0,8185,DRX,,,Masters: Copenhagen
998,Playoffs,2,20000000.0,8086,Maru Gaming,75.0,11.0,
998,Playoffs,3,15000000.0,2542,DAMWON Gaming,65.0,9.53,
998,Playoffs,4,11000000.0,2554,World Game Star,55.0,8.07,
998,Playoffs,5,8000000.0,8182,Incheon On Sla2ers,45.0,6.6,
998,Playoffs,6,8000000.0,2559,SPEAR GAMING,45.0,6.6,
998,Group Stage,1,,8185,DRX,,,Playoffs
998,Group Stage,2,,8182,Incheon On Sla2ers,,,Playoffs
998,Group Stage,3,,2542,DAMWON Gaming,,,Playoffs
998,Group Stage,4,,2554,World Game Star,,,Playoffs
998,Group Stage,5,,8086,Maru Gaming,,,Playoffs
998,Group Stage,6,,2559,SPEAR GAMING,,,Playoffs
998,Group Stage,7,5000000.0,8099,CNJ Esports,35.0,11.0,
998,Group Stage,8,3000000.0,8897,Tartarus,30.0,9.43,
998,S1 Tiebreaker,1,,8086,Maru Gaming,,,
998,S1 Tiebreaker,2,,2554,World Game Star,,,
988,Play-In,1,7000.0,2355,KRÜ Esports,,,Stage 2 Challengers LATAM: Playoffs
988,Play-In,2,5000.0,2359,LEVIATÁN,,,Stage 2 Challengers LATAM: Playoffs
988,Play-In,3,3000.0,367,9z Team,30.0,11.0,
988,Play-In,4,,2354,Optix,20.0,7.33,
988,Group Stage,1,,2355,KRÜ Esports,,,Playoffs
988,Group Stage,2,,2359,LEVIATÁN,,,Playoffs
988,Group Stage,3,,2354,Optix,,,Playoffs
988,Group Stage,4,,367,9z Team,,,Playoffs
988,Group Stage,5,,5562,PAMPAS,10.0,11.0,
988,Group Stage,6,,8734,SunXet Club,5.0,5.5,
988,Open Qualifier,1,,5562,PAMPAS,,,
988,Open Qualifier,2,,8734,SunXet Club,,,
988,Open Qualifier,3,,8735,TOROS,,,
988,Open Qualifier,4,,4989,Pass Gaming,,,
983,Play-In,1,7000.0,7269,FUSION,,,Stage 2 Challengers LATAM: Playoffs
983,Play-In,2,5000.0,724,E-Xolos LAZER,,,Stage 2 Challengers LATAM: Playoffs
983,Play-In,3,3000.0,8691,Team Cruelty,30.0,11.0,
983,Play-In,4,,4094,Six Karma,20.0,7.33,
983,Group Stage,1,,724,E-Xolos LAZER,,,Play-In
983,Group Stage,2,,7269,FUSION,,,Play-In
983,Group Stage,3,,8691,Team Cruelty,,,Play-In
983,Group Stage,4,,4094,Six Karma,,,Play-In
983,Group Stage,5,,363,INFINITY,10.0,11.0,
983,Group Stage,6,,3322,Border Monsters,5.0,5.5,
983,Open Qualifier,1,,8691,Team Cruelty,,,
983,Open Qualifier,2,,3322,Border Monsters,,,
983,Open Qualifier,3,,8690,Soul Free,,,
983,Open Qualifier,4,,1991,Akave Esports,,,
996,Playoffs,1,15000.0,918,Global Esports,,,
996,Playoffs,2,7500.0,2917,Enigma Gaming,,,
996,Playoffs,3,3000.0,8904,Orangutan,,,
996,Playoffs,4,3000.0,799,Velocity Gaming,,,
996,Playoffs,5,,8369,Revenant Esports,,,
996,Playoffs,6,,8936,Full Power Gaming,,,
996,Group Stage,1,,2917,Enigma Gaming,,,
996,Group Stage,2,,8904,Orangutan,,,
996,Group Stage,3,,918,Global Esports,,,
996,Group Stage,4,,799,Velocity Gaming,,,
996,Group Stage,5,,8369,Revenant Esports,,,
996,Group Stage,6,,8936,Full Power Gaming,,,
996,Group Stage,7,,4829,Team Valor,,,
996,Group Stage,8,,1033,Reckoning Esports,,,
996,Group Stage,9,,8485,prime 5,,,
996,Group Stage,10,,795,Union Gaming,,,
996,Group Stage,11,,8108,Khumbu Esports,,,
996,Group Stage,12,,910,Exceeli Esports,,,
996,Regional Qualifiers: RoSA,1,,8904,Orangutan,,,
996,Regional Qualifiers: RoSA,2,,8485,prime 5,,,
996,Regional Qualifiers: RoSA,3,,8963,brown gunday,,,
996,Regional Qualifiers: RoSA,4,,8966,Agon Esports,,,
996,Regional Qualifiers: RoSA,5,,8961,Weebs Acended,,,
996,Regional Qualifiers: RoSA,6,,8970,The Circumcisers,,,
996,Regional Qualifiers: RoSA,7,,8023,Paradise Esports,,,
996,Regional Qualifiers: RoSA,8,,8483,Septem Exierant,,,
996,Regional Qualifiers: RoSA,9,,5905,nA Whiff Masters,,,
996,Regional Qualifiers: RoSA,10,,8962,VOIX,,,
996,Regional Qualifiers: RoSA,11,,8964,Venom 5 Horsemen,,,
996,Regional Qualifiers: RoSA,12,,8965,Trinity,,,
996,Regional Qualifiers: RoSA,13,,8967,Evolve X,,,
996,Regional Qualifiers: RoSA,14,,5895,Team Legion,,,
996,Regional Qualifiers: RoSA,15,,6300,Wolfgang Mist Walkthrough,,,
996,Regional Qualifiers: RoSA,16,,8969,Mortal E-Sports,,,
996,Regional Qualifiers: India,1,,4829,Team Valor,,,
996,Regional Qualifiers: India,2,,1033,Reckoning Esports,,,
996,Regional Qualifiers: India,3,,4733,True Rippers,,,
996,Regional Qualifiers: India,4,,5455,Lethal Esports,,,
996,Regional Qualifiers: India,5,,8991,Upgrade Esports,,,
996,Regional Qualifiers: India,6,,8484,Medal Esports,,,
996,Regional Qualifiers: India,7,,8993,Chill Cord,,,
996,Regional Qualifiers: India,8,,7900,Monkey Bite Esports,,,
996,Regional Qualifiers: India,9,,8990,Kolkata5ive,,,
996,Regional Qualifiers: India,10,,2919,FANGZ,,,
996,Regional Qualifiers: India,11,,8992,THE BEST DOWN SOUTH,,,
996,Regional Qualifiers: India,12,,5998,SUS SquaD,,,
996,Regional Qualifiers: India,13,,4832,ROG Academy,,,
996,Regional Qualifiers: India,14,,4680,Team 69,,,
996,Regional Qualifiers: India,15,,7898,Blind Esports,,,
996,Regional Qualifiers: India,16,,6001,OnlyFriends,,,
1012,Main Event,1,,283,Sengoku Gaming,,,
1012,Main Event,2,,277,Crazy Raccoon,,,
1012,Main Event,3,,6793,Jadeite,,,
1012,Main Event,4,,2108,BLUE BEES.ESP,,,
1012,Main Event,5,,6798,REIGNITE,,,
1012,Main Event,6,,278,DetonatioN FocusMe,,,
1012,Main Event,7,,6869,IGZIST,,,
1012,Main Event,8,,294,CREST GAMING Zst,,,
991,Finals,1,300000000.0,4330,Fancy United Esports,,,
991,Finals,2,200000000.0,4325,CERBERUS Esports,,,
991,Finals,3,80000000.0,5931,Team Big BAAM,,,
991,Finals,4,80000000.0,8796,Team Ronin,,,
991,Finals,5,60000000.0,7057,Brave Wolves,,,
991,Finals,6,60000000.0,7063,UBT Esports,,,
991,Regular Season,1,,7063,UBT Esports,,,
991,Regular Season,2,,4325,CERBERUS Esports,,,
991,Regular Season,3,,5931,Team Big BAAM,,,
991,Regular Season,4,,7057,Brave Wolves,,,
991,Regular Season,5,,4330,Fancy United Esports,,,
991,Regular Season,6,,8796,Team Ronin,,,
991,Regular Season,7,40000000.0,7060,Nghiện Thêm Lần Nữ,,,
991,Regular Season,8,40000000.0,8470,VICTORY,,,
991,First Division,1,10000000.0,8796,Team Ronin,,,
991,First Division,2,10000000.0,8470,VICTORY,,,
991,First Division,3,10000000.0,7060,Nghiện Thêm Lần Nữ,,,
991,First Division,4,10000000.0,7057,Brave Wolves,,,
991,First Division,5,5000000.0,6776,The Meaps,,,
991,First Division,6,5000000.0,8586,Kantic 2.0,,,
991,First Division,7,5000000.0,8545,Lavie,,,
991,First Division,8,5000000.0,6969,Fenix Gaming,,,
991,First Division,9,2000000.0,8795,LINJA,,,
991,First Division,10,2000000.0,7061,Team Joy,,,
991,First Division,11,2000000.0,7065,Penguins and Frogs,,,
991,First Division,12,2000000.0,8467,Made In Vietnam,,,
991,First Division,13,2000000.0,8587,The Mad Men,,,
991,First Division,14,2000000.0,7961,MadHood,,,
991,First Division,15,2000000.0,7912,Cat Gang,,,
991,First Division,16,2000000.0,5953,Lipxitus,,,
882,Playoffs,1,10500.0,6199,Team Secret,,,
882,Playoffs,2,8500.0,3136,Oasis Gaming,,,
882,Playoffs,3,4500.0,878,Rex Regum Qeon,,,
882,Playoffs,4,2500.0,4150,South Built Esports,,,
882,Playoffs,5,1500.0,6389,Bren Esports,,,
882,Playoffs,6,1500.0,4251,Alpha Esports Pro,,,
882,Group Stage,1,,6199,Team Secret,,,
882,Group Stage,2,,878,Rex Regum Qeon,,,
882,Group Stage,3,,4251,Alpha Esports Pro,,,
882,Group Stage,4,,3136,Oasis Gaming,,,
882,Group Stage,5,,4150,South Built Esports,,,
882,Group Stage,6,,6389,Bren Esports,,,
882,Group Stage,7,500.0,5366,Action PH,,,
882,Group Stage,8,500.0,7031,NAOS,,,
882,Open Qualifier Week 2,1,,878,Rex Regum Qeon,,,
882,Open Qualifier Week 2,2,,6389,Bren Esports,,,
882,Open Qualifier Week 2,3,,4251,Alpha Esports Pro,,,
882,Open Qualifier Week 2,4,,6199,Team Secret,,,
882,Open Qualifier Week 1,1,,7037,Nexplay Evos,,,
882,Open Qualifier Week 1,2,,3718,Sunsparks,,,
882,Open Qualifier Week 1,3,,4251,Alpha Esports Pro,,,
882,Open Qualifier Week 1,4,,6262,Nigma Galaxy,,,
882,Open Qualifier Week 1,5,,8381,DEFY Gaming,,,
882,Open Qualifier Week 1,6,,7039,Stream Raiders Nacague,,,
882,Open Qualifier Week 1,7,,8304,TALON,,,
882,Open Qualifier Week 1,8,,8007,717 Monster Esports,,,
882,Open Qualifier Week 1,9,,878,Rex Regum Qeon,,,
882,Open Qualifier Week 1,10,,8802,G6 Super Mega Dingdong,,,
882,Open Qualifier Week 1,11,,8799,Hobby eSports,,,
882,Open Qualifier Week 1,12,,8375,ZOL Esports,,,
882,Open Qualifier Week 1,13,,1929,KADILIMAN,,,
882,Open Qualifier Week 1,14,,8798,Run It Down,,,
882,Open Qualifier Week 1,15,,8797,VOX One,,,
882,Open Qualifier Week 1,16,,7603,The Capitol Pro,,,
972,Playoffs,1,180000.0,7397,XERXIA Esports,,,
972,Playoffs,2,120000.0,4993,FW Esports,,,
972,Playoffs,3,90000.0,4210,Made in Thailand,,,
972,Playoffs,4,70000.0,4050,FULL SENSE,,,
972,Playoffs,5,40000.0,2112,X10 Esports,,,
972,Playoffs,6,40000.0,623,Sharper Esport,,,
972,Group Stage,1,,7397,XERXIA Esports,,,
972,Group Stage,2,,4050,FULL SENSE,,,
972,Group Stage,3,,2112,X10 Esports,,,
972,Group Stage,4,,623,Sharper Esport,,,
972,Group Stage,5,,4210,Made in Thailand,,,
972,Group Stage,6,,4993,FW Esports,,,
972,Group Stage,7,40000.0,8572,Purple Mood E-Sport,,,
972,Group Stage,8,10000.0,6665,Team NKT,,,
972,Closed Qualifier,1,,8572,Purple Mood E-Sport,,,
972,Closed Qualifier,2,,623,Sharper Esport,,,
972,Closed Qualifier,3,,2112,X10 Esports,,,
972,Closed Qualifier,4,,4993,FW Esports,,,
972,Open Qualifier,1,,8813,JaiSlai,,,
972,Open Qualifier,2,,8815,ABC,,,
972,Open Qualifier,3,,5428,Lumsum,,,
972,Open Qualifier,4,,6595,Sainuahualouis,,,
972,Open Qualifier,5,,8823,Free Banana and Icecream,,,
972,Open Qualifier,6,,8824,Sixtynine,,,
972,Open Qualifier,7,,7685,No Brimstone,,,
972,Open Qualifier,8,,8107,Daytrade Nursery,,,
965,Knockout,1,10000.0,2032,ONIC G,,,
965,Knockout,2,6000.0,1110,Alter Ego,,,
965,Knockout,3,3500.0,466,BOOM Esports,,,
965,Knockout,4,2000.0,2814,Bigetron Arctic,,,
965,Knockout,5,1000.0,8422,Hike Digital Esports,,,
965,Knockout,6,1000.0,8309,Persija Esports,,,
965,Group Stage,1,,2032,ONIC G,,,
965,Group Stage,2,,466,BOOM Esports,,,
965,Group Stage,3,,1110,Alter Ego,,,
965,Group Stage,4,,2814,Bigetron Arctic,,,
965,Group Stage,5,,8422,Hike Digital Esports,,,
965,Group Stage,6,,8309,Persija Esports,,,
965,Group Stage,7,500.0,3437,Dewa United Esports,,,
965,Group Stage,8,500.0,8925,ARF TEAM,,,
965,Open Qualifier,1,,2814,Bigetron Arctic,,,
965,Open Qualifier,2,,3437,Dewa United Esports,,,
965,Open Qualifier,3,,8701,Babi Guling,,,
965,Open Qualifier,4,,8422,Hike Digital Esports,,,
965,Open Qualifier,5,,8383,Team Alay,,,
965,Open Qualifier,6,,8704,Mawar Dandelion,,,
965,Open Qualifier,7,,2568,Ethereal,,,
965,Open Qualifier,8,,8698,zZz,,,
965,Open Qualifier,9,,8699,JujurlySoEZ,,,
965,Open Qualifier,10,,7591,NWJ,,,
965,Open Qualifier,11,,5254,Fisher's Esports,,,
965,Open Qualifier,12,,8703,The Surabayans,,,
965,Open Qualifier,13,,8697,5 SAHABAT,,,
965,Open Qualifier,14,,8700,Dominatus Skywolf,,,
965,Open Qualifier,15,,8702,Hati Rapuh Vandi,,,
965,Open Qualifier,16,,5958,EPIC,,,
977,Playoffs,1,7000.0,3107,Griffin E-Sports,,,
977,Playoffs,2,5000.0,8928,Ghetto Artist,,,
977,Playoffs,3,4000.0,8931,K7 Esports,,,
977,Playoffs,4,4000.0,619,Only One Word,,,
977,Playoffs,5,2500.0,8932,IVAN,,,
977,Playoffs,6,2500.0,3108,Oblivion Force,,,
977,Group Stage,1,,8928,Ghetto Artist,,,
977,Group Stage,2,,3107,Griffin E-Sports,,,
977,Group Stage,3,,3108,Oblivion Force,,,
977,Group Stage,4,,8932,IVAN,,,
977,Group Stage,5,,8931,K7 Esports,,,
977,Group Stage,6,,619,Only One Word,,,
977,Group Stage,7,2500.0,3112,TRAITORS,,,
977,Group Stage,8,2500.0,7915,Giant Submarine,,,
977,Open Qualifier,1,,619,Only One Word,,,
977,Open Qualifier,2,,8928,Ghetto Artist,,,
977,Open Qualifier,3,,7915,Giant Submarine,,,
977,Open Qualifier,4,,3112,TRAITORS,,,
977,Open Qualifier,5,,8927,PasswordTodayDate,,,
977,Open Qualifier,6,,8382,AkaLion E-sports,,,
977,Open Qualifier,7,,8929,Hungkuang Falcon,,,
977,Open Qualifier,8,,5333,Clutch Jeans,,,
963,Playoffs,1,30000.0,624,Paper Rex,,,
963,Playoffs,2,20000.0,3351,LaZe,,,
963,Playoffs,3,15000.0,6387,BLEED,,,
963,Playoffs,4,10000.0,7987,No Namers,,,
963,Playoffs,5,7000.0,1331,BearClaw Gaming,,,
963,Playoffs,6,7000.0,879,Todak,,,
963,Group Stage,1,,624,Paper Rex,,,
963,Group Stage,2,,8124,KPMOONIIBLM9,,,
963,Group Stage,3,,3351,LaZe,,,
963,Group Stage,4,,7040,Galaxy Esports,,,
963,Group Stage,5,,6387,BLEED,,,
963,Group Stage,6,,879,Todak,,,
963,Group Stage,7,3000.0,8971,Avium Esports,,,
963,Group Stage,8,3000.0,8741,Blitz Esports,,,
963,Open Qualifier (Elimination),1,,7973,OG Brudders,,,
963,Open Qualifier (Elimination),2,,879,Todak,,,
963,Open Qualifier (Elimination),3,,8741,Blitz Esports,,,
963,Open Qualifier (Elimination),4,,8124,KPMOONIIBLM9,,,
960,Regional Playoffs,1,9000.0,1208,ORDER,14.0,11.0,Stage 2 APAC: Challengers Group Stage
960,Regional Playoffs,2,5000.0,8448,BOBO,12.0,9.43,
960,Regional Playoffs,3,3500.0,8591,REIGN,10.0,7.86,
960,Regional Playoffs,4,2500.0,7313,Bonkers,8.0,6.29,
960,Regional Playoffs,5,1500.0,8538,Catgirls,6.0,4.71,
960,Regional Playoffs,6,1500.0,1319,Funcrew,4.0,3.14,
960,Regional Playoffs,7,1000.0,591,Mindfreak,3.0,2.36,
960,Regional Playoffs,8,1000.0,7312,HONEY BADGERS,2.0,1.57,
960,Open Qualifier,1,,8448,BOBO,,,
960,Open Qualifier,2,,591,Mindfreak,,,
960,Open Qualifier,3,,8538,Catgirls,,,
960,Open Qualifier,4,,7312,HONEY BADGERS,,,
960,Open Qualifier,5,,7313,Bonkers,,,
960,Open Qualifier,6,,7318,Iconic,,,
960,Open Qualifier,7,,1319,Funcrew,,,
960,Open Qualifier,8,,8536,WithYouWithMe,,,
960,Open Qualifier,9,,8535,Salt n Pepper,,,
960,Open Qualifier,10,,7320,East LA,,,
960,Open Qualifier,11,,8537,GSL.,,,
960,Open Qualifier,12,,6487,SamPhamFanClub,,,
960,Open Qualifier,13,,6192,Trident Esports,,,
960,Open Qualifier,14,,7314,KRAKEN ESC,,,
960,Open Qualifier,15,,8539,Gungahlin Warriors,,,
960,Open Qualifier,16,,8540,Polarity,,,
997,Main Event,1,0.0,2988,NORTHEPTION,,,
997,Main Event,2,0.0,5448,ZETA DIVISION,,,
997,Main Event,3,0.0,516,FAV gaming,,,
997,Main Event,4,0.0,104,REJECT,,,
997,Main Event,5,0.0,277,Crazy Raccoon,,,
997,Main Event,6,0.0,6793,Jadeite,,,
997,Main Event,7,0.0,6798,REIGNITE,,,
997,Main Event,8,0.0,294,CREST GAMING Zst,,,
926,Playoffs,1,200000.0,8127,OpTic Gaming,750.0,11.0,
926,Playoffs,2,120000.0,6961,LOUD,500.0,7.33,
926,Playoffs,3,85000.0,5448,ZETA DIVISION,400.0,5.87,
926,Playoffs,4,65000.0,624,Paper Rex,300.0,4.4,
926,Playoffs,5,40000.0,257,G2 Esports,250.0,3.67,
926,Playoffs,6,40000.0,8185,DRX,250.0,3.67,
926,Playoffs,7,25000.0,6675,The Guard,200.0,2.93,
926,Playoffs,8,25000.0,474,Team Liquid,200.0,2.93,
926,Playoffs,8,25000.0,628,FunPlus Phoenix,200.0,2.93,Absent from event; awarded default prize
926,Group Stage,9,15000.0,7391,Ninjas In Pyjamas,150.0,11.0,
926,Group Stage,10,15000.0,7397,XERXIA Esports,150.0,11.0,
926,Group Stage,11,10000.0,2593,FNATIC,125.0,9.17,
926,Group Stage,12,10000.0,2355,KRÜ Esports,125.0,9.17,
955,Round 3,1,5000000.0,8586,Kantic 2.0,,,
955,Round 3,2,3000000.0,7912,Cat Gang,,,
955,Round 3,3,1000000.0,4860,Dominus Esports,,,
955,Round 3,4,1000000.0,8587,The Mad Men,,,
955,Round 2,1,5000000.0,7961,MadHood,,,
955,Round 2,2,3000000.0,7065,Penguins and Frogs,,,
955,Round 2,3,1000000.0,8545,Lavie,,,
955,Round 2,4,1000000.0,7912,Cat Gang,,,
955,Round 1,1,5000000.0,8469,Team Deadshot,,,
955,Round 1,2,3000000.0,8467,Made In Vietnam,,,
955,Round 1,3,1000000.0,8470,VICTORY,,,
955,Round 1,4,1000000.0,8468,Peeky Blinders,,,
885,Promotion,1,,6882,FOKUS,,,
885,Promotion,2,,472,BIG,,,
885,Promotion,3,,4696,Surreal Esports,,,
885,Promotion,4,,6750,Rebels Gaming,,,
885,Promotion,5,,4567,Papara SuperMassive,,,
885,Promotion,6,,5441,Anonymo Esports,,,
885,Play-In,7,,3525,EXCEL,,,
885,Play-In,8,,7969,Team Falcons,,,
885,Play-In,9,,7963,Sector One,,,
948,Main Event,1,,7391,Ninjas In Pyjamas,,,
948,Main Event,2,,2359,LEVIATÁN,,,
925,Regional Finals,1,25000.0,2355,KRÜ Esports,,,Masters 1: Reykjavík
925,Regional Finals,2,12500.0,2359,LEVIATÁN,55.0,11.0,LATAM/BR Stage 1: Last Chance Qualifier
925,Regional Finals,3,7500.0,724,E-Xolos LAZER,50.0,10.0,
925,Regional Finals,4,5000.0,7269,FUSION,45.0,9.0,
799,Main Event,1,50000.0,6675,The Guard,,,Masters 1: Reykjavík
799,Main Event,2,32000.0,8127,OpTic Gaming,,,Masters 1: Reykjavík
799,Main Event,3,26000.0,188,Cloud9,50.0,11.0,
799,Main Event,4,20000.0,533,XSET,45.0,9.9,
799,Main Event,5,14000.0,2815,Version1,35.0,7.7,
799,Main Event,6,14000.0,642,Luminosity,35.0,7.7,
799,Main Event,7,10000.0,2,Sentinels,30.0,6.6,
799,Main Event,8,10000.0,1615,Knights,30.0,6.6,
799,Group Stage,1,,188,Cloud9,,,Main Event
799,Group Stage,2,,2815,Version1,,,Main Event
799,Group Stage,3,,6675,The Guard,,,Main Event
799,Group Stage,4,,8127,OpTic Gaming,,,Main Event
799,Group Stage,5,,533,XSET,,,Main Event
799,Group Stage,6,,2,Sentinels,,,Main Event
799,Group Stage,7,,642,Luminosity,,,Main Event
799,Group Stage,8,,1615,Knights,,,Main Event
799,Group Stage,9,6000.0,120,100 Thieves,15.0,11.0,
799,Group Stage,10,6000.0,1034,NRG,15.0,11.0,
799,Group Stage,11,6000.0,5248,Evil Geniuses,10.0,7.33,
799,Group Stage,12,6000.0,337,FaZe Clan,10.0,7.33,
799,Open Qualifier #2,1,,5248,Evil Geniuses,,,
799,Open Qualifier #2,2,,1615,Knights,,,
799,Open Qualifier #2,3,,642,Luminosity,,,
799,Open Qualifier #2,4,,637,Rise,,,
799,Open Qualifier #2,5,,2350,Soniqs,,,
799,Open Qualifier #2,6,,473,Built By Gamers,,,
799,Open Qualifier #2,7,,4940,Pioneers,,,
799,Open Qualifier #2,8,,6461,Akrew,,,
799,Open Qualifier #2,9,,2291,Ghost Gaming,,,
799,Open Qualifier #2,10,,5444,Bait Academy,,,
799,Open Qualifier #2,11,,106,TSM,,,
799,Open Qualifier #2,12,,468,Renegades,,,
799,Open Qualifier #2,13,,4388,Cosmic Divide,,,
799,Open Qualifier #2,14,,856,Andbox,,,
799,Open Qualifier #2,15,,470,Complexity,,,
799,Open Qualifier #2,16,,17,Gen.G,,,
799,Open Qualifier #2,17,,6164,Radiance,,,
799,Open Qualifier #2,18,,14,T1,,,
799,Open Qualifier #2,19,,337,FaZe Clan,,,
799,Open Qualifier #2,20,,4345,SoaR,,,
799,Open Qualifier #2,21,,7966,Pack a Punch,,,
799,Open Qualifier #2,22,,7853,Run it Down,,,
799,Open Qualifier #2,23,,2348,VIRTUOSO,,,
799,Open Qualifier #2,24,,5832,Zero MarksMen Black,,,
799,Open Qualifier #2,25,,8052,Reformed,,,
799,Open Qualifier #2,26,,1654,Archons,,,
799,Open Qualifier #2,27,,6653,GunsForHire,,,
799,Open Qualifier #2,28,,3337,BASILISK,,,
799,Open Qualifier #2,29,,793,Moon Raccoons,,,
799,Open Qualifier #2,30,,6146,Team Rocket,,,
799,Open Qualifier #2,31,,8063,OMICRON,,,
799,Open Qualifier #2,32,,4880,Synergy,,,
799,Open Qualifier #1,1,,2815,Version1,,,
799,Open Qualifier #1,2,,533,XSET,,,
799,Open Qualifier #1,3,,6675,The Guard,,,
799,Open Qualifier #1,4,,1034,NRG,,,
799,Open Qualifier #1,5,,6461,Akrew,,,
799,Open Qualifier #1,6,,637,Rise,,,
799,Open Qualifier #1,7,,106,TSM,,,
799,Open Qualifier #1,8,,1615,Knights,,,
799,Open Qualifier #1,9,,14,T1,,,
799,Open Qualifier #1,10,,5444,Bait Academy,,,
799,Open Qualifier #1,11,,2350,Soniqs,,,
799,Open Qualifier #1,12,,4940,Pioneers,,,
799,Open Qualifier #1,13,,642,Luminosity,,,
799,Open Qualifier #1,14,,856,Andbox,,,
799,Open Qualifier #1,15,,17,Gen.G,,,
799,Open Qualifier #1,16,,3337,BASILISK,,,
799,Open Qualifier #1,17,,4345,SoaR,,,
799,Open Qualifier #1,18,,5832,Zero MarksMen Black,,,
799,Open Qualifier #1,19,,7966,Pack a Punch,,,
799,Open Qualifier #1,20,,6164,Radiance,,,
799,Open Qualifier #1,21,,468,Renegades,,,
799,Open Qualifier #1,22,,4388,Cosmic Divide,,,
799,Open Qualifier #1,23,,337,FaZe Clan,,,
799,Open Qualifier #1,24,,470,Complexity,,,
799,Open Qualifier #1,25,,5482,Kowareta,,,
799,Open Qualifier #1,26,,4880,Synergy,,,
799,Open Qualifier #1,27,,473,Built By Gamers,,,
799,Open Qualifier #1,28,,5248,Evil Geniuses,,,
799,Open Qualifier #1,29,,4529,IlluZion,,,
799,Open Qualifier #1,30,,2291,Ghost Gaming,,,
799,Open Qualifier #1,31,,2348,VIRTUOSO,,,
799,Open Qualifier #1,32,,4346,DarkZero Esports,,,
854,Playoffs,1,40000.0,628,FunPlus Phoenix,,,Masters 1: Reykjavík
854,Playoffs,2,30000.0,257,G2 Esports,,,Masters 1: Reykjavík
854,Playoffs,3,22000.0,2593,FNATIC,,,Masters 1: Reykjavík
854,Playoffs,4,18000.0,474,Team Liquid,,,
854,Playoffs,5,15000.0,1209,Guild Esports,50.0,11.0,
854,Playoffs,6,15000.0,8326,M3 Champions,50.0,11.0,
854,Group Stage,7,12000.0,4915,Natus Vincere,45.0,11.0,
854,Group Stage,8,12000.0,397,BBL Esports,45.0,11.0,
854,Group Stage,9,10000.0,6460,LDN UTD,40.0,9.78,
854,Group Stage,10,10000.0,3531,Acend,40.0,9.78,
854,Group Stage,11,8000.0,472,BIG,35.0,8.56,VCT Promotion
854,Group Stage,12,8000.0,4567,Papara SuperMassive,35.0,8.56,VCT Promotion
850,Playoffs,1,30000000.0,8185,DRX,,,Masters 1: Reykjavík
850,Playoffs,2,20000000.0,8182,Incheon On Sla2ers,55.0,11.0,
850,Playoffs,3,15000000.0,8075,HolyMolly,50.0,10.0,
850,Playoffs,4,11000000.0,2542,DAMWON Gaming,45.0,9.0,
850,Playoffs,5,8000000.0,8086,Maru Gaming,40.0,8.0,
850,Playoffs,6,8000000.0,2554,World Game Star,40.0,8.0,
850,Group Stage,1,,8185,DRX,,,Challengers Playoffs
850,Group Stage,2,,8182,Incheon On Sla2ers,,,Challengers Playoffs
850,Group Stage,3,,2542,DAMWON Gaming,,,Challengers Playoffs
850,Group Stage,4,,2554,World Game Star,,,Challengers Playoffs
850,Group Stage,5,,8086,Maru Gaming,,,Challengers Playoffs
850,Group Stage,6,,8075,HolyMolly,,,Challengers Playoffs
850,Group Stage,7,5000000.0,8088,Team T5,30.0,11.0,
850,Group Stage,8,3000000.0,8082,Desperado,25.0,9.17,
850,Open Qualifier: Ro42,1,,8088,Team T5,,,
850,Open Qualifier: Ro42,2,,8090,Next eSports,,,
850,Open Qualifier: Ro42,3,,7896,Team GP,,,
850,Open Qualifier: Ro42,4,,8099,CNJ Esports,,,
850,Open Qualifier: Ro42,5,,6995,ESportsConnected,,,
850,Open Qualifier: Ro42,6,,2559,SPEAR GAMING,,,
850,Open Qualifier: Ro42,7,,8104,Veronica7,,,
850,Open Qualifier: Ro42,8,,8094,Pentagon,,,
850,Open Qualifier: Ro42,9,,8075,HolyMolly,,,
850,Open Qualifier: Ro42,10,,8079,VPZ,,,
850,Open Qualifier: Ro42,11,,8082,Desperado,,,
850,Open Qualifier: Ro42,12,,6622,Team LuZi,,,
850,Open Qualifier: Ro42,13,,8086,Maru Gaming,,,
850,Open Qualifier: Ro42,14,,6725,Warriors Esports,,,
850,Open Qualifier: Ro42,15,,8092,Team Inv,,,
850,Open Qualifier: Ro42,16,,8100,Amollang,,,
850,Open Qualifier: Ro42,17,,8101,Veni Vidi Vici,,,
850,Open Qualifier: Ro42,18,,5340,Straight Warfare,,,
850,Open Qualifier: Ro42,19,,1132,CNEsports,,,
850,Open Qualifier: Ro42,20,,8097,miracle victory,,,
850,Open Qualifier: Ro42,21,,5339,oFby,,,
850,Open Qualifier: Ro42,22,,8080,KPZ,,,
850,Open Qualifier: Ro42,23,,8081,LEVEL UP,,,
850,Open Qualifier: Ro42,24,,6624,INS4NE,,,
850,Open Qualifier: Ro42,25,,8087,Acris Esports,,,
850,Open Qualifier: Ro42,26,,8093,Never Surrender,,,
850,Open Qualifier: Ro42,27,,8098,Bottom Fraggers,,,
850,Open Qualifier: Ro42,28,,8102,1TK,,,
850,Open Qualifier: Ro42,29,,8103,WNF Esports,,,
850,Open Qualifier: Ro42,30,,8105,PieSKipper,,,
850,Open Qualifier: Ro42,31,,8091,18again,,,
850,Open Qualifier: Ro42,32,,8096,zerotwo,,,
850,Open Qualifier: Ro42,33,,8076,Flying High,,,
850,Open Qualifier: Ro42,34,,1329,Fiat Lux,,,
850,Open Qualifier: Ro42,35,,8083,PC,,,
850,Open Qualifier: Ro42,36,,8084,Lone Way E-SPORTS,,,
850,Open Qualifier: Ro42,37,,8077,FIRST PIECE,,,
850,Open Qualifier: Ro42,38,,8078,GCA,,,
850,Open Qualifier: Ro42,39,,5346,Alpha Six Gaming,,,
850,Open Qualifier: Ro42,40,,8085,No Smoke,,,
850,Open Qualifier: Ro42,41,,8089,SNJ,,,
850,Open Qualifier: Ro42,42,,8095,nice try,,,
853,Playoffs,1,1000000.0,5448,ZETA DIVISION,,,Masters 1: Reykjavík
853,Playoffs,2,500000.0,277,Crazy Raccoon,55.0,11.0,
853,Playoffs,3,200000.0,6869,IGZIST,50.0,10.0,
853,Playoffs,4,100000.0,516,FAV gaming,45.0,9.0,
853,Playoffs,5,50000.0,2988,NORTHEPTION,40.0,8.0,
853,Playoffs,6,50000.0,104,REJECT,40.0,8.0,
853,Playoffs,7,50000.0,294,CREST GAMING Zst,35.0,7.0,
853,Playoffs,8,50000.0,6798,REIGNITE,35.0,7.0,
884,Knockouts,1,30000.0,624,Paper Rex,,,Masters 1: Reykjavík
884,Knockouts,2,20000.0,7397,XERXIA Esports,,,Masters 1: Reykjavík
884,Knockouts,3,12500.0,6387,BLEED,55.0,11.0,
884,Knockouts,4,10000.0,466,BOOM Esports,50.0,10.0,
884,Knockouts,5,8750.0,8309,Persija Esports,45.0,9.0,
884,Knockouts,6,8750.0,4050,FULL SENSE,45.0,9.0,
884,Knockouts,7,7500.0,4210,Made in Thailand,40.0,8.0,
884,Knockouts,8,7500.0,4150,South Built Esports,40.0,8.0,
884,Group Stage,9,5000.0,4325,CERBERUS Esports,35.0,11.0,
884,Group Stage,10,5000.0,7313,Bonkers,35.0,11.0,
884,Group Stage,11,5000.0,2032,ONIC G,35.0,11.0,
884,Group Stage,12,5000.0,799,Velocity Gaming,35.0,11.0,
884,Group Stage,13,4000.0,7987,No Namers,30.0,9.43,
884,Group Stage,14,4000.0,4330,Fancy United Esports,30.0,9.43,
884,Group Stage,15,4000.0,7031,NAOS,30.0,9.43,
884,Group Stage,16,4000.0,3108,Oblivion Force,30.0,9.43,
884,Play-Ins,17,2500.0,5366,Action PH,25.0,11.0,
884,Play-Ins,18,2500.0,3107,Griffin E-Sports,25.0,11.0,
884,Play-Ins,19,2000.0,5931,Team Big BAAM,20.0,8.8,
884,Play-Ins,20,2000.0,918,Global Esports,20.0,8.8,
845,Play-In,1,7000.0,2359,LEVIATÁN,,,
845,Play-In,2,5000.0,2355,KRÜ Esports,,,
845,Play-In,3,3000.0,367,9z Team,30.0,11.0,
845,Play-In,4,,2354,Optix,20.0,7.33,
845,Group Stage,1,,2355,KRÜ Esports,,,Play-In
845,Group Stage,2,,2359,LEVIATÁN,,,Play-In
845,Group Stage,3,,367,9z Team,,,Play-In
845,Group Stage,4,,2354,Optix,,,Play-In
845,Group Stage,5,,7695,EBRO Gaming,10.0,11.0,
845,Group Stage,6,,3942,Meta Gaming,5.0,5.5,
852,Main Event,1,,2988,NORTHEPTION,,,
852,Main Event,2,,294,CREST GAMING Zst,,,
852,Main Event,3,,516,FAV gaming,,,
852,Main Event,4,,6798,REIGNITE,,,
852,Main Event,5,,2108,BLUE BEES.ESP,,,
852,Main Event,6,,205,DeToNator,,,
852,Main Event,7,,2934,FENNEL,,,
852,Main Event,8,,283,Sengoku Gaming,,,
852,Open Qualifier,1,,294,CREST GAMING Zst,,,
852,Open Qualifier,2,,6798,REIGNITE,,,
852,Open Qualifier,3,,205,DeToNator,,,
852,Open Qualifier,4,,516,FAV gaming,,,
844,Play-In,1,7000.0,724,E-Xolos LAZER,,,
844,Play-In,2,5000.0,7269,FUSION,,,
844,Play-In,3,3000.0,4094,Six Karma,30.0,11.0,
844,Play-In,4,,363,INFINITY,20.0,7.33,
844,Group Stage,1,,724,E-Xolos LAZER,,,Play-In
844,Group Stage,2,,4094,Six Karma,,,Play-In
844,Group Stage,3,,7269,FUSION,,,Play-In
844,Group Stage,4,,363,INFINITY,,,Play-In
844,Group Stage,5,,2364,Ryze Gaming,10.0,11.0,
844,Group Stage,6,,3322,Border Monsters,5.0,5.5,
842,Playoffs,1,250000.0,7397,XERXIA Esports,,,
842,Playoffs,2,165000.0,4210,Made in Thailand,,,
842,Playoffs,3,120000.0,4050,FULL SENSE,,,
842,Playoffs,4,80000.0,6665,Team NKT,,,
842,Playoffs,5,30000.0,623,Sharper Esport,,,
842,Playoffs,6,30000.0,497,Attack All Around,,,
842,Playoffs,7,30000.0,4875,47 Gaming,,,
842,Playoffs,8,,2112,X10 Esports,,,
842,Group Stage,9,16500.0,8107,Daytrade Nursery,,,
842,Group Stage,10,16500.0,4993,FW Esports,,,
842,Group Stage,11,16500.0,8106,Gelida Esports,,,
842,Group Stage,12,16500.0,1485,Aricat Esport Family,,,
842,Group Stage,13,8000.0,5428,Lumsum,,,
842,Group Stage,14,8000.0,7685,No Brimstone,,,
842,Group Stage,15,8000.0,7684,Team JOBSO,,,
842,Group Stage,16,8000.0,8011,Heat Waves,,,
842,Qualifier #2,1,,4875,47 Gaming,,,
842,Qualifier #2,2,,8011,Heat Waves,,,
842,Qualifier #2,3,,7682,Sdobbies,,,
842,Qualifier #2,4,,7684,Team JOBSO,,,
842,Qualifier #2,5,,7685,No Brimstone,,,
842,Qualifier #2,6,,7680,Aricat Esport Academy,,,
842,Qualifier #1,1,,5428,Lumsum,,,
842,Qualifier #1,2,,4993,FW Esports,,,
842,Qualifier #1,3,,6944,The Reaper,,,
842,Qualifier #1,4,,497,Attack All Around,,,
842,Qualifier #1,5,,4210,Made in Thailand,,,
842,Qualifier #1,6,,6665,Team NKT,,,
823,Playoffs,1,10000.0,466,BOOM Esports,,,
823,Playoffs,2,5000.0,7600,BOY WITH LOVE,,,
823,Playoffs,3,3500.0,2032,ONIC G,,,
823,Playoffs,4,1000.0,1110,Alter Ego,,,
823,Playoffs,5,500.0,3437,Dewa United Esports,,,
823,Playoffs,6,500.0,2814,Bigetron Arctic,,,
823,Playoffs,7,210.0,2568,Ethereal,,,
823,Playoffs,8,210.0,5960,BEAST,,,
823,Group Stage,9,,4061,Team Frog,,,
823,Group Stage,10,,7390,Lords of Heist,,,
823,Group Stage,11,,7592,BIG GAMING ID,,,
823,Group Stage,12,,7620,Team Pelarian,,,
823,Group Stage,13,,3652,Morph Impact,,,
823,Group Stage,14,,7585,Bob the Builder,,,
823,Group Stage,15,,7618,Cereal Killers,,,
823,Group Stage,16,,7578,Team F,,,
823,Open Qualifier #2,1,315.0,7390,Lords of Heist,,,
823,Open Qualifier #2,2,315.0,7600,BOY WITH LOVE,,,
823,Open Qualifier #2,3,315.0,2814,Bigetron Arctic,,,
823,Open Qualifier #2,4,315.0,7592,BIG GAMING ID,,,
823,Open Qualifier #2,5,210.0,3652,Morph Impact,,,
823,Open Qualifier #2,6,210.0,4061,Team Frog,,,
823,Open Qualifier #2,7,210.0,2568,Ethereal,,,
823,Open Qualifier #2,8,210.0,7578,Team F,,,
823,Open Qualifier #2,9,210.0,7585,Bob the Builder,,,
823,Open Qualifier #2,10,210.0,3437,Dewa United Esports,,,
823,Open Qualifier #2,11,145.0,5960,BEAST,,,
823,Open Qualifier #2,12,145.0,7620,Team Pelarian,,,
823,Open Qualifier #2,13,145.0,7618,Cereal Killers,,,
851,Main Event,1,,104,REJECT,,,
851,Main Event,2,,5448,ZETA DIVISION,,,
851,Main Event,3,,6869,IGZIST,,,
851,Main Event,4,,277,Crazy Raccoon,,,
851,Main Event,5,,2934,FENNEL,,,
851,Main Event,6,,2108,BLUE BEES.ESP,,,
851,Main Event,7,,283,Sengoku Gaming,,,
851,Main Event,8,,2988,NORTHEPTION,,,
851,Open Qualifier,1,,104,REJECT,,,
851,Open Qualifier,2,,2934,FENNEL,,,
851,Open Qualifier,3,,277,Crazy Raccoon,,,
851,Open Qualifier,4,,2108,BLUE BEES.ESP,,,
851,Open Qualifier,5,,6869,IGZIST,,,
851,Open Qualifier,6,,283,Sengoku Gaming,,,
851,Open Qualifier,7,,5448,ZETA DIVISION,,,
851,Open Qualifier,8,,2988,NORTHEPTION,,,
840,Grand Finals,1,15000.0,799,Velocity Gaming,,,
840,Grand Finals,2,7500.0,918,Global Esports,,,
840,Grand Finals,3,3000.0,2917,Enigma Gaming,,,
840,Grand Finals,4,3000.0,4809,Team Exploit,,,
840,Playoffs,5,,797,God Particles,,,
840,Playoffs,6,,910,Exceeli Esports,,,
840,Playoffs,7,,8108,Khumbu Esports,,,
840,Playoffs,8,,795,Union Gaming,,,
840,Wildcard,1,,918,Global Esports,,,
840,Wildcard,2,,797,God Particles,,,
840,Wildcard,3,,4808,Salt Esports,,,
840,Wildcard,4,,8027,M1syl and friends,,,
840,Wildcard,5,,8112,Maruti Peek,,,
840,Wildcard,6,,5902,Crash Landin on You,,,
840,NP/BT Qualifier,1,,8108,Khumbu Esports,,,
840,NP/BT Qualifier,2,,8112,Maruti Peek,,,
840,NP/BT Qualifier,3,,8111,Academy Gaming,,,
840,NP/BT Qualifier,4,,8115,Everyone's Nemesis,,,
840,NP/BT Qualifier,5,,8109,Dark Circle,,,
840,NP/BT Qualifier,6,,8110,GodGamers,,,
840,NP/BT Qualifier,7,,8113,Elon Homies,,,
840,NP/BT Qualifier,8,,8114,ONI,,,
840,IN Qualifier #2,1,,799,Velocity Gaming,,,
840,IN Qualifier #2,2,,797,God Particles,,,
840,IN Qualifier #2,3,,918,Global Esports,,,
840,IN Qualifier #2,4,,4733,True Rippers,,,
840,IN Qualifier #2,5,,4829,Team Valor,,,
840,IN Qualifier #2,6,,8071,NOGAS Esports,,,
840,IN Qualifier #2,7,,1958,tryouts,,,
840,IN Qualifier #2,8,,1033,Reckoning Esports,,,
840,IN Qualifier #2,9,,8069,W Streak Esports,,,
840,IN Qualifier #2,10,,4680,Team 69,,,
840,IN Qualifier #2,11,,8070,Team Astra,,,
840,IN Qualifier #2,12,,8072,Anime Aimers,,,
840,IN Qualifier #2,13,,7041,Optimistic eSports,,,
840,IN Qualifier #2,14,,8073,Tunker,,,
840,IN Qualifier #2,15,,7040,Galaxy Esports,,,
840,IN Qualifier #2,16,,7897,Aristocrats,,,
840,LK/MV Qualifier,1,,795,Union Gaming,,,
840,LK/MV Qualifier,2,,5902,Crash Landin on You,,,
840,LK/MV Qualifier,3,,5904,m.eS Revolutionary Gamers,,,
840,LK/MV Qualifier,4,,5905,nA Whiff Masters,,,
840,LK/MV Qualifier,5,,8031,Hyperzero,,,
840,LK/MV Qualifier,6,,8033,Team 12,,,
840,LK/MV Qualifier,7,,8035,Team craze,,,
840,LK/MV Qualifier,8,,8036,Cloud Nein,,,
840,BD Qualifier,1,,910,Exceeli Esports,,,
840,BD Qualifier,2,,8027,M1syl and friends,,,
840,BD Qualifier,3,,5935,SE Necrosis,,,
840,BD Qualifier,4,,8030,MLT Esports,,,
840,BD Qualifier,5,,8025,AE Ravenous,,,
840,BD Qualifier,6,,8026,NPGTxD,,,
840,BD Qualifier,7,,8028,Aurelius Esports,,,
840,BD Qualifier,8,,8029,LFO,,,
840,PK/AF Qualifier,1,,4809,Team Exploit,,,
840,PK/AF Qualifier,2,,4808,Salt Esports,,,
840,PK/AF Qualifier,3,,8023,Paradise Esports,,,
840,PK/AF Qualifier,4,,6384,Clarity Esports,,,
840,PK/AF Qualifier,5,,7034,GotyPeeks,,,
840,PK/AF Qualifier,6,,4807,Team Arrow,,,
840,PK/AF Qualifier,7,,8024,Fitoor Esports,,,
840,PK/AF Qualifier,8,,6477,Fear Legends,,,
840,IN Qualifier #1,1,,2917,Enigma Gaming,,,
840,IN Qualifier #1,2,,918,Global Esports,,,
840,IN Qualifier #1,3,,4733,True Rippers,,,
840,IN Qualifier #1,4,,799,Velocity Gaming,,,
840,IN Qualifier #1,5,,797,God Particles,,,
840,IN Qualifier #1,6,,1958,tryouts,,,
840,IN Qualifier #1,7,,1033,Reckoning Esports,,,
840,IN Qualifier #1,8,,4680,Team 69,,,
840,IN Qualifier #1,9,,7897,Aristocrats,,,
840,IN Qualifier #1,10,,7898,Blind Esports,,,
840,IN Qualifier #1,11,,6472,M42 Esports,,,
840,IN Qualifier #1,12,,7899,Amigos Esports,,,
840,IN Qualifier #1,13,,7900,Monkey Bite Esports,,,
840,IN Qualifier #1,14,,2144,ChillinWithFriends,,,
840,IN Qualifier #1,15,,7901,Pacific Gaming,,,
840,IN Qualifier #1,16,,7902,Team Wizard,,,
841,Playoffs,1,10000.0,4150,South Built Esports,,,
841,Playoffs,2,7500.0,7031,NAOS,,,
841,Playoffs,3,4000.0,5366,Action PH,,,
841,Playoffs,4,1500.0,3136,Oasis Gaming,,,
841,Playoffs,5,1000.0,4855,Zeal Esports,,,
841,Playoffs,6,1000.0,6199,Team Secret,,,
841,Group Stage,1,1000.0,3136,Oasis Gaming,,,
841,Group Stage,2,1000.0,7031,NAOS,,,
841,Group Stage,3,750.0,6199,Team Secret,,,
841,Group Stage,4,750.0,4855,Zeal Esports,,,
841,Group Stage,5,500.0,5366,Action PH,,,
841,Group Stage,6,500.0,4150,South Built Esports,,,
841,Group Stage,7,250.0,6389,Bren Esports,,,
841,Group Stage,8,250.0,8001,Looking for Org,,,
841,Open Qualifier,1,,7031,NAOS,,,
841,Open Qualifier,2,,6389,Bren Esports,,,
841,Open Qualifier,3,,8001,Looking for Org,,,
841,Open Qualifier,4,,3136,Oasis Gaming,,,
841,Open Qualifier,5,,5366,Action PH,,,
841,Open Qualifier,6,,4150,South Built Esports,,,
883,Finals,1,200000000.0,4325,CERBERUS Esports,,,
883,Finals,2,100000000.0,4330,Fancy United Esports,,,
883,Finals,3,80000000.0,5931,Team Big BAAM,,,
883,Finals,4,60000000.0,7063,UBT Esports,,,
883,Finals,5,40000000.0,7066,OK,,,
883,Finals,6,40000000.0,7061,Team Joy,,,
883,Finals,7,40000000.0,7057,Brave Wolves,,,
883,Finals,8,40000000.0,6969,Fenix Gaming,,,
883,Group Stage,9,5000000.0,6776,The Meaps,,,
883,Group Stage,10,5000000.0,6970,Take It Easy,,,
883,Group Stage,11,5000000.0,7060,Nghiện Thêm Lần Nữ,,,
883,Group Stage,12,5000000.0,7675,chiu,,,
883,Group Stage,13,5000000.0,7650,Space Walkers,,,
883,Group Stage,14,5000000.0,7394,The Mad Men 2,,,
883,Group Stage,15,5000000.0,5953,Lipxitus,,,
883,Group Stage,16,5000000.0,7911,Fear of God,,,
858,Playoffs,1,25000.0,624,Paper Rex,,,
858,Playoffs,2,15000.0,6387,BLEED,,,
858,Playoffs,3,10000.0,7987,No Namers,,,
858,Playoffs,4,7500.0,6718,Huat Zai,,,
858,Playoffs,5,5000.0,7985,Fastelle,,,
858,Playoffs,6,5000.0,8124,KPMOONIIBLM9,,,
858,Playoffs,7,4000.0,7980,Madness Esports,,,
858,Playoffs,8,4000.0,6942,no.men,,,
858,Group Stage,9,3000.0,879,Todak,,,
858,Group Stage,10,3000.0,1919,Kingsmen,,,
858,Group Stage,11,3000.0,8022,Inertia,,,
858,Group Stage,12,3000.0,7978,Team UNN,,,
858,Group Stage,13,2000.0,6943,You Guys Get Paid?,,,
858,Group Stage,14,2000.0,7982,FATAL,,,
858,Group Stage,15,2000.0,7971,Team Sync,,,
858,Group Stage,16,,7973,OG Brudders,,,
858,Last Chance Qualifier,1,,6943,You Guys Get Paid?,,,
858,Last Chance Qualifier,2,,6844,shiba n the homies,,,
858,Last Chance Qualifier,3,,7972,Brax n The Homies,,,
858,Last Chance Qualifier,4,,7992,Team ZeN,,,
858,Open Qualifier,1,,7971,Team Sync,,,
858,Open Qualifier,2,,7973,OG Brudders,,,
858,Open Qualifier,3,,7980,Madness Esports,,,
858,Open Qualifier,4,,7982,FATAL,,,
858,Open Qualifier,5,,7985,Fastelle,,,
858,Open Qualifier,6,,6718,Huat Zai,,,
858,Open Qualifier,7,,879,Todak,,,
858,Open Qualifier,8,,6387,BLEED,,,
858,Open Qualifier,9,,7978,Team UNN,,,
858,Open Qualifier,10,,6942,no.men,,,
858,Open Qualifier,11,,8022,Inertia,,,
858,Open Qualifier,12,,7987,No Namers,,,
858,Open Qualifier,12,,6943,You Guys Get Paid?,,,
858,Open Qualifier,13,,7972,Brax n The Homies,,,
858,Open Qualifier,14,,7992,Team ZeN,,,
858,Open Qualifier,15,,6844,shiba n the homies,,,
879,Playoffs,1,7000.0,3108,Oblivion Force,,,
879,Playoffs,2,5000.0,3107,Griffin E-Sports,,,
879,Playoffs,3,4000.0,3490,LP33,,,
879,Playoffs,4,4000.0,6397,Five Ace Esports,,,
879,Group Stage,5,2500.0,7916,I Need Money,,,
879,Group Stage,6,2500.0,7915,Giant Submarine,,,
879,Open Qualifier,1,,3490,LP33,,,
879,Open Qualifier,2,,3107,Griffin E-Sports,,,
879,Open Qualifier,3,,6397,Five Ace Esports,,,
879,Open Qualifier,4,,7916,I Need Money,,,
879,Open Qualifier,5,,3108,Oblivion Force,,,
879,Open Qualifier,6,,7915,Giant Submarine,,,
879,Open Qualifier,7,,7914,Fire,,,
879,Open Qualifier,8,,4275,Problem Child,,,
795,Closed Qualifier,1,,257,G2 Esports,,,
795,Closed Qualifier,2,,6460,LDN UTD,,,
795,Closed Qualifier,3,,3525,EXCEL,,,
795,Closed Qualifier,4,,2059,Team Vitality,,,
795,Closed Qualifier,5,,4663,TENSTAR,,,
795,Closed Qualifier,6,,2533,Alliance,,,
795,Closed Qualifier,7,,6750,Rebels Gaming,,,
795,Closed Qualifier,8,,673,Finest,,,
829,Playoffs,1,100000.0,6961,LOUD,,,Masters 1: Reykjavík
829,Playoffs,2,75000.0,7391,Ninjas In Pyjamas,,,LATAM/BR Stage 1: Last Chance Qualifier
829,Playoffs,3,50000.0,4894,Keyd Stars,50.0,11.0,
829,Playoffs,4,40000.0,2406,FURIA,45.0,9.9,
829,Playoffs,5,32500.0,243,Gamelanders Blue,40.0,8.8,
829,Playoffs,6,32500.0,6946,TBK Esports,40.0,8.8,
829,Group Stage,7,25000.0,581,Liberty,35.0,11.0,Relegation
829,Group Stage,8,25000.0,1916,INGAMING Esports,35.0,11.0,Relegation
829,Group Stage,9,12500.0,420,Team Vikings,30.0,9.43,Relegation
829,Group Stage,10,12500.0,3512,Sharks Esports,30.0,9.43,Relegation
829,Open Qualifier #2,1,,5322,Botafogo eSports,,,
829,Open Qualifier #2,2,,7349,Renegados,,,
829,Open Qualifier #2,3,,7309,B4 Esports,,,
829,Open Qualifier #2,4,,6406,SG e-Sports,,,
829,Open Qualifier #2,5,,7667,Last Dance,,,
829,Open Qualifier #2,6,,6766,Mowil Esports,,,
829,Open Qualifier #2,7,,7344,TRY eSports,,,
829,Open Qualifier #2,8,,7640,4 ruim e 1 ruim,,,
829,Open Qualifier #1,1,,5322,Botafogo eSports,,,
829,Open Qualifier #1,2,,7370,Pancada e Amigos,,,
829,Open Qualifier #1,3,,7637,não temos um plano,,,
829,Open Qualifier #1,4,,7349,Renegados,,,
829,Open Qualifier #1,5,,6884,Treinão do Fra,,,
829,Open Qualifier #1,6,,7355,RD E-SPORTS,,,
829,Open Qualifier #1,7,,6479,LilBabies,,,
829,Open Qualifier #1,8,,7309,B4 Esports,,,
830,Regional Playoffs,1,9000.0,7313,Bonkers,,,Stage 1 APAC: Challengers
830,Regional Playoffs,2,5000.0,1208,ORDER,8.0,11.0,
830,Regional Playoffs,3,3500.0,7318,Iconic,6.0,8.25,
830,Regional Playoffs,4,2500.0,1319,Funcrew,5.0,6.88,
830,Regional Playoffs,5,1500.0,591,Mindfreak,4.0,5.5,
830,Regional Playoffs,6,1500.0,7312,HONEY BADGERS,3.0,4.12,
830,Regional Playoffs,7,1000.0,6726,Crima's Disciples,,,
830,Regional Playoffs,8,1000.0,7319,MEOW MEOW,1.0,1.38,
830,Open Qualifier,1,,7312,HONEY BADGERS,,,
830,Open Qualifier,2,,6726,Crima's Disciples,,,
830,Open Qualifier,3,,7319,MEOW MEOW,,,
830,Open Qualifier,4,,7313,Bonkers,,,
830,Open Qualifier,5,,7318,Iconic,,,
830,Open Qualifier,6,,1319,Funcrew,,,
812,Round 5,1,5000000.0,6970,Take It Easy,,,
812,Round 5,2,3000000.0,7066,OK,,,
812,Round 5,3,1000000.0,6969,Fenix Gaming,,,
812,Round 5,4,1000000.0,7060,Nghiện Thêm Lần Nữ,,,
812,Round 5,5,,7911,Fear of God,,,
812,Round 5,6,,5953,Lipxitus,,,
812,Round 5,7,,7961,MadHood,,,
812,Round 5,8,,4322,TiAMAT,,,
812,Round 4,1,5000000.0,7057,Brave Wolves,,,
812,Round 4,2,3000000.0,7675,chiu,,,
812,Round 4,4,1000000.0,7394,The Mad Men 2,,,
812,Round 4,5,,6970,Take It Easy,,,
812,Round 4,6,,7060,Nghiện Thêm Lần Nữ,,,
812,Round 4,7,,5953,Lipxitus,,,
812,Round 4,8,,7673,The Zoo,,,
812,Round 3,1,5000000.0,5931,Team Big BAAM,,,
812,Round 3,2,3000000.0,6999,MXB South Side,,,
812,Round 3,3,1000000.0,4860,Dominus Esports,,,
812,Round 3,4,1000000.0,7057,Brave Wolves,,,
812,Round 3,5,,7393,Hehe,,,
812,Round 3,6,,7394,The Mad Men 2,,,
812,Round 3,7,,7066,OK,,,
812,Round 3,8,,7396,CBD Prime,,,
812,Round 2,1,5000000.0,7063,UBT Esports,,,
812,Round 2,2,3000000.0,7061,Team Joy,,,
812,Round 2,3,1000000.0,6970,Take It Easy,,,
812,Round 2,4,1000000.0,5954,Team Capalot,,,
812,Round 2,5,,7057,Brave Wolves,,,
812,Round 2,6,,7060,Nghiện Thêm Lần Nữ,,,
812,Round 2,7,,5378,Innocent Cats Esports,,,
812,Round 2,8,,5931,Team Big BAAM,,,
812,Round 1,1,5000000.0,4330,Fancy United Esports,,,
812,Round 1,2,3000000.0,6776,The Meaps,,,
812,Round 1,3,1000000.0,4324,FEARUS,,,
812,Round 1,4,1000000.0,4860,Dominus Esports,,,
812,Round 1,5,,5954,Team Capalot,,,
812,Round 1,6,,6967,Homies Nexus,,,
812,Round 1,7,,6970,Take It Easy,,,
812,Round 1,8,,6971,imnot,,,
796,Closed Qualifier,1,,4915,Natus Vincere,,,
796,Closed Qualifier,2,,967,5MOKES,,,
796,Closed Qualifier,3,,6110,Tactical Five,,,
796,Closed Qualifier,4,,6313,KPI Gaming,,,
796,Closed Qualifier,5,,7539,Dobeg,,,
796,Closed Qualifier,6,,7401,VeselieVintovki,,,
796,Closed Qualifier,7,,3997,EZclap,,,
796,Closed Qualifier,8,,3361,SMARACIS eSports,,,
797,Closed Qualifier,1,,397,BBL Esports,,,
797,Closed Qualifier,2,,1184,FUT Esports,,,
797,Closed Qualifier,3,,4686,Fire Flux Vatangame,,,
797,Closed Qualifier,4,,4696,Surreal Esports,,,
797,Closed Qualifier,5,,4572,Galatasaray Esports,,,
797,Closed Qualifier,6,,4762,Galakticos,,,
797,Closed Qualifier,7,,2908,Thunderbolts Gaming,,,
797,Closed Qualifier,8,,2903,Team Aurora,,,
792,Closed Qualifier,1,,1209,Guild Esports,,,
792,Closed Qualifier,2,,472,BIG,,,
792,Closed Qualifier,3,,2059,Team Vitality,,,
792,Closed Qualifier,4,,2533,Alliance,,,
792,Closed Qualifier,5,,6750,Rebels Gaming,,,
792,Closed Qualifier,6,,4663,TENSTAR,,,
792,Closed Qualifier,7,,257,G2 Esports,,,
792,Closed Qualifier,8,,3908,Team BDS,,,
793,Closed Qualifier,1,,4567,Papara SuperMassive,,,
793,Closed Qualifier,2,,4686,Fire Flux Vatangame,,,
793,Closed Qualifier,3,,397,BBL Esports,,,
793,Closed Qualifier,4,,4762,Galakticos,,,
793,Closed Qualifier,5,,4572,Galatasaray Esports,,,
793,Closed Qualifier,6,,1184,FUT Esports,,,
793,Closed Qualifier,7,,5310,Fenerbahçe Esports,,,
793,Closed Qualifier,8,,1675,Zero Zone,,,
794,Closed Qualifier,1,,628,FunPlus Phoenix,,,
794,Closed Qualifier,2,,4915,Natus Vincere,,,
794,Closed Qualifier,3,,6313,KPI Gaming,,,
794,Closed Qualifier,4,,967,5MOKES,,,
794,Closed Qualifier,5,,3361,SMARACIS eSports,,,
794,Closed Qualifier,6,,6267,One Breath Gaming,,,
794,Closed Qualifier,7,,7243,B8 Esports,,,
794,Closed Qualifier,8,,604,Aim.Attack,,,
449,Playoffs,1,350000.0,3531,Acend,,,
449,Playoffs,2,150000.0,682,Gambit Esports,,,
449,Playoffs,3,90000.0,2355,KRÜ Esports,,,
449,Playoffs,4,90000.0,474,Team Liquid,,,
449,Playoffs,5,40000.0,2593,FNATIC,,,
449,Playoffs,6,40000.0,2112,X10 Esports,,,
449,Playoffs,7,40000.0,188,Cloud9,,,
449,Playoffs,8,40000.0,6199,Team Secret,,,
449,Group Stage,9,20000.0,427,ENVY,,,
449,Group Stage,10,20000.0,420,Team Vikings,,,
449,Group Stage,11,20000.0,198,Vision Strikers,,,
449,Group Stage,12,20000.0,2,Sentinels,,,
449,Group Stage,13,20000.0,4894,Keyd Stars,,,
449,Group Stage,14,20000.0,4050,FULL SENSE,,,
449,Group Stage,15,20000.0,2406,FURIA,,,
449,Group Stage,16,20000.0,277,Crazy Raccoon,,,
558,Main Event,1,,188,Cloud9,,,
558,Main Event,2,,637,Rise,,,
558,Main Event,3,,120,100 Thieves,,,
558,Main Event,4,,533,XSET,,,
558,Main Event,5,,2815,Version1,,,
558,Main Event,6,,17,Gen.G,,,
558,Main Event,7,,337,FaZe Clan,,,
558,Main Event,8,,642,Luminosity,,,
561,Playoffs,1,90000.0,2406,FURIA,,,
561,Playoffs,2,55000.0,719,Australs,,,
561,Playoffs,3,30000.0,243,Gamelanders Blue,,,
561,Playoffs,4,30000.0,581,Liberty,,,
561,Group Stage,5,15000.0,4094,Six Karma,,,
561,Group Stage,6,15000.0,3512,Sharks Esports,,,
561,Group Stage,7,10000.0,363,INFINITY,,,
561,Group Stage,8,10000.0,724,E-Xolos LAZER,,,
559,Main Event,1,,474,Team Liquid,,,
559,Main Event,2,,1209,Guild Esports,,,
559,Main Event,3,,257,G2 Esports,,,
559,Main Event,4,,1184,FUT Esports,,,
559,Main Event,5,,4567,Papara SuperMassive,,,
559,Main Event,6,,921,Oxygen Esports,,,
559,Main Event,7,,6267,One Breath Gaming,,,
559,Main Event,8,,1466,Anubis Gaming,,,
560,Main Event,1,,4050,FULL SENSE,,,
560,Main Event,2,,2988,NORTHEPTION,,,
560,Main Event,3,,2542,DAMWON Gaming,,,
560,Main Event,4,,2328,NUTURN,,,
560,Main Event,5,,1670,F4Q,,,
560,Main Event,6,,624,Paper Rex,,,
560,Main Event,7,,466,BOOM Esports,,,
560,Main Event,8,,918,Global Esports,,,
560,Main Event,9,,2934,FENNEL,,,
560,Main Event,10,,104,REJECT,,,
450,Main Event,1,25000.0,1466,Anubis Gaming,,,
450,Main Event,2,12000.0,1471,Team RA'AD,,,
450,Main Event,3,6000.0,3527,Piercer Esports,,,
450,Main Event,4,2500.0,1470,NASR Esports,,,
450,Main Event,5,1250.0,1464,YaLLa Esports,,,
450,Main Event,6,1250.0,1592,Fox Gaming,,,
450,Main Event,7,1000.0,1594,Team Majesty,,,
450,Main Event,8,1000.0,6193,Geekay Esports,,,
466,Playoffs,1,225000.0,682,Gambit Esports,,,Champions
466,Playoffs,2,125000.0,427,ENVY,375.0,11.0,
466,Playoffs,3,85000.0,120,100 Thieves,325.0,9.53,
466,Playoffs,4,85000.0,257,G2 Esports,325.0,9.53,
466,Playoffs,5,25000.0,198,Vision Strikers,275.0,8.07,
466,Playoffs,6,25000.0,2,Sentinels,275.0,8.07,
466,Playoffs,7,25000.0,3531,Acend,275.0,8.07,
466,Playoffs,8,25000.0,2355,KRÜ Esports,275.0,8.07,
466,Group Stage,9,10000.0,277,Crazy Raccoon,225.0,11.0,
466,Group Stage,10,10000.0,4567,Papara SuperMassive,225.0,11.0,
466,Group Stage,11,10000.0,4894,Keyd Stars,225.0,11.0,
466,Group Stage,12,10000.0,1670,F4Q,225.0,11.0,
466,Group Stage,13,10000.0,624,Paper Rex,175.0,8.56,
466,Group Stage,14,10000.0,581,Liberty,175.0,8.56,
466,Group Stage,15,10000.0,5448,ZETA DIVISION,175.0,8.56,
466,Group Stage,16,10000.0,6389,Bren Esports,175.0,8.56,
649,Main Event,1,8000.0,1208,ORDER,,,
649,Main Event,2,4000.0,4963,PEACE,,,
649,Main Event,3,3000.0,4036,Team Bliss,,,
649,Main Event,4,2000.0,1696,Wildcard Gaming,,,
649,Main Event,5,1000.0,1323,Nebula,,,
649,Main Event,6,1000.0,6126,Legacy Esports,,,
649,Main Event,7,500.0,591,Mindfreak,,,
649,Main Event,8,500.0,1352,Dire Wolves,,,
664,Levant and North Africa,1,1750.0,1466,Anubis Gaming,150.0,11.0,
664,Levant and North Africa,2,750.0,4574,La7zag Esports,140.0,10.27,
664,Levant and North Africa,3,500.0,6037,Psycho Family,100.0,7.33,
664,Levant and North Africa,4,,4918,RTG eSports,100.0,7.33,
664,Levant and North Africa,5,,5396,Team WaVii,100.0,7.33,
664,Levant and North Africa,6,,1596,Alterfox Esports,80.0,5.87,
664,Levant and North Africa,7,,6162,Elementals,80.0,5.87,
664,Levant and North Africa,8,,1742,Exality,80.0,5.87,
664,GCC and Iraq,1,1750.0,3527,Piercer Esports,150.0,11.0,
664,GCC and Iraq,2,750.0,4811,SCYTES,140.0,10.27,
664,GCC and Iraq,3,500.0,6159,Onyx Ravens,100.0,7.33,
664,GCC and Iraq,4,,4569,Fraggerz,100.0,7.33,
664,GCC and Iraq,5,,3621,New Genesis Esports,100.0,7.33,
664,GCC and Iraq,6,,6160,Top Gear,80.0,5.87,
664,GCC and Iraq,7,,5402,Mythociast,80.0,5.87,
664,GCC and Iraq,8,,6161,Team Validus,80.0,5.87,
570,Playoffs,1,25000.0,6389,Bren Esports,,,Masters Berlin
570,Playoffs,2,15000.0,624,Paper Rex,,,Masters Berlin
570,Playoffs,3,10000.0,1110,Alter Ego,80.0,11.0,
570,Playoffs,4,8000.0,4050,FULL SENSE,60.0,8.25,
570,Playoffs,5,6000.0,466,BOOM Esports,50.0,6.88,
570,Playoffs,6,6000.0,5931,Team Big BAAM,50.0,6.88,
570,Playoffs,7,5000.0,4325,CERBERUS Esports,40.0,5.5,
570,Playoffs,8,5000.0,904,CBT Gaming,40.0,5.5,
570,Group Stage,1,,6389,Bren Esports,,,Playoffs
570,Group Stage,2,,624,Paper Rex,,,Playoffs
570,Group Stage,3,,5931,Team Big BAAM,,,Playoffs
570,Group Stage,4,,1110,Alter Ego,,,Playoffs
570,Group Stage,5,,904,CBT Gaming,,,Playoffs
570,Group Stage,6,,4050,FULL SENSE,,,Playoffs
570,Group Stage,7,,466,BOOM Esports,,,Playoffs
570,Group Stage,8,,4325,CERBERUS Esports,,,Playoffs
570,Group Stage,9,3000.0,623,Sharper Esport,20.0,11.0,
570,Group Stage,10,3000.0,2032,ONIC G,20.0,11.0,
570,Group Stage,11,3000.0,2112,X10 Esports,20.0,11.0,
570,Group Stage,12,3000.0,5413,UwU,20.0,11.0,
570,Group Stage,13,2000.0,4329,EGO,10.0,5.5,
570,Group Stage,14,2000.0,6397,Five Ace Esports,10.0,5.5,
570,Group Stage,15,2000.0,3717,Galaxy Racer,10.0,5.5,
570,Group Stage,16,2000.0,3136,Oasis Gaming,10.0,5.5,
536,Main Event,1,60000.0,4894,Keyd Stars,,,Masters Berlin
536,Main Event,2,40000.0,581,Liberty,,,Masters Berlin
536,Main Event,3,20000.0,2406,FURIA,60.0,11.0,
536,Main Event,4,15000.0,420,Team Vikings,50.0,9.17,
536,Main Event,5,10000.0,7013,Stars Horizon,45.0,8.25,
536,Main Event,6,10000.0,3512,Sharks Esports,45.0,8.25,
536,Main Event,7,7500.0,4927,Jaguares Esports,40.0,7.33,
536,Main Event,8,7500.0,243,Gamelanders Blue,40.0,7.33,
547,Main Event,1,32500.0,682,Gambit Esports,,,Masters Berlin
547,Main Event,2,15500.0,4567,Papara SuperMassive,,,Masters Berlin
547,Main Event,3,10000.0,3531,Acend,,,Masters Berlin
547,Main Event,4,7500.0,257,G2 Esports,,,Masters Berlin
547,Main Event,5,4500.0,2304,Giants Gaming,50.0,11.0,
547,Main Event,6,4500.0,474,Team Liquid,50.0,11.0,
547,Main Event,7,2500.0,1209,Guild Esports,40.0,8.8,
547,Main Event,8,2500.0,108,forZe,40.0,8.8,
547,Main Event,9,1500.0,4915,Natus Vincere,30.0,6.6,
547,Main Event,10,1500.0,4686,Fire Flux Vatangame,30.0,6.6,
547,Main Event,11,1500.0,628,FunPlus Phoenix,30.0,6.6,
547,Main Event,12,1500.0,921,Oxygen Esports,30.0,6.6,
621,LATAM Playoffs,1,10000.0,2355,KRÜ Esports,,,Masters Berlin
621,LATAM Playoffs,2,7500.0,719,Australs,75.0,11.0,
621,LATAM Playoffs,3,5000.0,4094,Six Karma,50.0,7.33,
621,LATAM Playoffs,4,3500.0,363,INFINITY,50.0,7.33,
621,LAN Playoffs,1,,363,INFINITY,,,
621,LAN Playoffs,2,,4094,Six Karma,,,
621,LAN Playoffs,3,2000.0,724,E-Xolos LAZER,40.0,11.0,
621,LAN Playoffs,4,1000.0,3322,Border Monsters,35.0,9.62,
621,LAS Playoffs,1,,2355,KRÜ Esports,,,
621,LAS Playoffs,2,,719,Australs,,,
621,LAS Playoffs,3,2000.0,367,9z Team,,,
621,LAS Playoffs,4,1000.0,5996,Pana.Rabbit,,,
578,Main Event,1,40000.0,2,Sentinels,,,Masters Berlin
578,Main Event,2,20000.0,120,100 Thieves,,,Masters Berlin
578,Main Event,3,15000.0,427,ENVY,,,Masters Berlin
578,Main Event,4,10000.0,533,XSET,60.0,11.0,
578,Main Event,5,5000.0,637,Rise,50.0,9.17,
578,Main Event,6,5000.0,337,FaZe Clan,50.0,9.17,
578,Main Event,7,2500.0,106,TSM,40.0,7.33,
578,Main Event,8,2500.0,642,Luminosity,40.0,7.33,
595,Playoffs,1,24000000.0,198,Vision Strikers,,,Masters Berlin
595,Playoffs,2,12000000.0,1670,F4Q,,,Masters Berlin
595,Playoffs,3,8000000.0,2542,DAMWON Gaming,55.0,11.0,
595,Playoffs,4,8000000.0,1970,TNL Esports,55.0,11.0,
595,Playoffs,5,6000000.0,2328,NUTURN,40.0,8.0,
595,Playoffs,6,6000000.0,5355,GochuGaru,40.0,8.0,
595,Playoffs,7,6000000.0,2554,World Game Star,40.0,8.0,
595,Playoffs,8,6000000.0,2806,GoNGo Prince,40.0,8.0,
595,Group Stage (Main),1,,1670,F4Q,,,
595,Group Stage (Main),2,,1970,TNL Esports,,,
595,Group Stage (Main),3,,198,Vision Strikers,,,
595,Group Stage (Main),4,,2328,NUTURN,,,
595,Group Stage (Main),5,,2542,DAMWON Gaming,,,
595,Group Stage (Main),6,,5355,GochuGaru,,,
595,Group Stage (Main),7,,2806,GoNGo Prince,,,
595,Group Stage (Main),8,,2554,World Game Star,,,
595,Group Stage (Main),9,4000000.0,5342,Unknown,,,
595,Group Stage (Main),10,4000000.0,5346,Alpha Six Gaming,,,
595,Group Stage (Main),11,4000000.0,4026,Noble Experience,,,
595,Group Stage (Main),12,4000000.0,3315,Mujig 100su,,,
595,Group Stage (Main),13,2000000.0,5337,Klaus,,,
595,Group Stage (Main),14,2000000.0,4451,RYU Gaming,,,
595,Group Stage (Main),15,2000000.0,4764,GOMA,,,
595,Group Stage (Main),16,2000000.0,5351,DFR,,,
595,Group Stage (Seed),1,,1970,TNL Esports,,,
595,Group Stage (Seed),2,,2328,NUTURN,,,
595,Group Stage (Seed),3,,1670,F4Q,,,
595,Group Stage (Seed),4,,198,Vision Strikers,,,
595,Group Stage (Seed),5,,2542,DAMWON Gaming,,,
595,Group Stage (Seed),6,,2554,World Game Star,,,
595,Group Stage (Seed),7,,2806,GoNGo Prince,,,
595,Group Stage (Seed),8,,5355,GochuGaru,,,
595,Group Stage (Seed),9,,4026,Noble Experience,,,
595,Group Stage (Seed),10,,4764,GOMA,,,
595,Group Stage (Seed),11,,5346,Alpha Six Gaming,,,
595,Group Stage (Seed),12,,5337,Klaus,,,
595,Group Stage (Seed),13,,5351,DFR,,,
595,Group Stage (Seed),14,,5342,Unknown,,,
595,Group Stage (Seed),15,,3315,Mujig 100su,,,
595,Group Stage (Seed),16,,4451,RYU Gaming,,,
595,Open Qualifier,1,,2328,NUTURN,,,
595,Open Qualifier,2,,2542,DAMWON Gaming,,,
595,Open Qualifier,3,,198,Vision Strikers,,,
595,Open Qualifier,4,,2554,World Game Star,,,
595,Open Qualifier,5,,2806,GoNGo Prince,,,
595,Open Qualifier,6,,1970,TNL Esports,,,
595,Open Qualifier,7,,1670,F4Q,,,
595,Open Qualifier,8,,5355,GochuGaru,,,
595,Open Qualifier,9,,5337,Klaus,,,
595,Open Qualifier,10,,4026,Noble Experience,,,
595,Open Qualifier,11,,5342,Unknown,,,
595,Open Qualifier,12,,4764,GOMA,,,
595,Open Qualifier,13,,4451,RYU Gaming,,,
595,Open Qualifier,14,,5351,DFR,,,
595,Open Qualifier,15,,5346,Alpha Six Gaming,,,
595,Open Qualifier,16,,3315,Mujig 100su,,,
595,Open Qualifier,17,,5339,oFby,,,
595,Open Qualifier,18,,5340,Straight Warfare,,,
595,Open Qualifier,19,,5343,ELNiS Esports,,,
595,Open Qualifier,20,,5344,Tail Nine Esports,,,
595,Open Qualifier,21,,1139,BE INFAMOUS,,,
595,Open Qualifier,22,,5349,Young&Old,,,
595,Open Qualifier,23,,5348,PM,,,
595,Open Qualifier,24,,2556,Gehenna Sweepers,,,
595,Open Qualifier,25,,5338,Rhythm,,,
595,Open Qualifier,26,,5341,Zero Risk,,,
595,Open Qualifier,27,,2555,LFT,,,
595,Open Qualifier,28,,5345,Man Of the Match,,,
595,Open Qualifier,29,,5353,Floma Gaming,,,
595,Open Qualifier,30,,5350,Team Credit,,,
595,Open Qualifier,31,,5347,AGAiN,,,
595,Open Qualifier,32,,5356,Bë přø,,,
540,Main Event,1,1000000.0,5448,ZETA DIVISION,,,Masters Berlin
540,Main Event,2,500000.0,277,Crazy Raccoon,,,Masters Berlin
540,Main Event,3,200000.0,2988,NORTHEPTION,60.0,11.0,
540,Main Event,4,100000.0,2934,FENNEL,50.0,9.17,
540,Main Event,5,50000.0,2987,Feeling,45.0,8.25,
540,Main Event,6,50000.0,5148,Insomnia,45.0,8.25,
540,Main Event,7,50000.0,513,BlackBird Ignis,40.0,7.33,
540,Main Event,8,50000.0,104,REJECT,40.0,7.33,
535,Main Event,1,15000.0,581,Liberty,,,
535,Main Event,2,15000.0,2406,FURIA,,,
535,Main Event,3,10000.0,4894,Keyd Stars,,,
535,Main Event,4,10000.0,4927,Jaguares Esports,,,
535,Main Event,5,,2428,SLICK,,,
535,Main Event,6,,1916,INGAMING Esports,,,
535,Main Event,7,,3290,Extenzy Gaming,,,
535,Main Event,8,,5316,NOORG2.0,,,
625,Main Event,1,35000000.0,466,BOOM Esports,,,
625,Main Event,2,15000000.0,878,Rex Regum Qeon,,,
625,Main Event,3,6500000.0,5960,BEAST,,,
625,Main Event,4,3500000.0,3652,Morph Impact,,,
625,Main Event,5,1000000.0,4893,Cynical,,,
625,Main Event,6,1000000.0,5963,Langit9,,,
625,Main Event,7,1000000.0,5541,NXLG Academy,,,
625,Main Event,8,1000000.0,2814,Bigetron Arctic,,,
625,Qualifier,1,,5960,BEAST,,,
625,Qualifier,2,,878,Rex Regum Qeon,,,
625,Qualifier,3,,5541,NXLG Academy,,,
625,Qualifier,4,,5963,Langit9,,,
625,Qualifier,5,,4893,Cynical,,,
567,Main Event,1,18000.0,623,Sharper Esport,,,
567,Main Event,2,15750.0,5427,Need Sponsor,,,
567,Main Event,3,13500.0,5984,Y10.5,,,
567,Main Event,4,11250.0,5426,The Infinity Esport,,,
567,Main Event,5,9000.0,4278,Intense Gaming,,,
567,Main Event,6,9000.0,2270,Foxy Araikordai,,,
567,Main Event,7,6750.0,4993,FW Esports,,,
567,Main Event,8,6750.0,4994,wicket berg,,,
567,Qualifier,1,,623,Sharper Esport,,,
567,Qualifier,2,,4278,Intense Gaming,,,
567,Qualifier,3,,5427,Need Sponsor,,,
567,Qualifier,4,,5984,Y10.5,,,
567,Qualifier,5,,5426,The Infinity Esport,,,
569,Main Event,1,6400.0,624,Paper Rex,,,
569,Main Event,2,3200.0,1919,Kingsmen,,,
569,Main Event,3,2000.0,2532,Louvre,,,
569,Main Event,4,1000.0,2505,Looking For Org,,,
569,Main Event,5,,5608,Brain And Friends,,,
569,Main Event,6,,5976,Origin Sky,,,
569,Main Event,7,,879,Todak,,,
569,Main Event,8,,3613,UndeRank,,,
569,Qualifier,1,,5608,Brain And Friends,,,
569,Qualifier,2,,2505,Looking For Org,,,
569,Qualifier,3,,879,Todak,,,
569,Qualifier,4,,3613,UndeRank,,,
569,Qualifier,5,,5976,Origin Sky,,,
569,Qualifier,6,,2506,Myschief,,,
569,Qualifier,7,,1948,Running Dogs,,,
569,Qualifier,8,,5980,uhrbtgjmny8,,,
569,Qualifier,9,,5975,Fast L,,,
569,Qualifier,10,,7973,OG Brudders,,,
569,Qualifier,11,,3357,Team Solid,,,
569,Qualifier,12,,1921,Zero Synergy,,,
569,Qualifier,13,,5977,Xzeroyal,,,
569,Qualifier,14,,5978,One Meta Gaming,,,
569,Qualifier,15,,5979,0Zero,,,
569,Qualifier,16,,5607,Team Titan,,,
581,Main Event,1,100000.0,3136,Oasis Gaming,,,
581,Main Event,2,60000.0,3718,Sunsparks,,,
581,Main Event,3,40000.0,4891,SV Empire,,,
581,Main Event,4,20000.0,4251,Alpha Esports Pro,,,
581,Main Event,5,9750.0,5367,RD Esports,,,
581,Main Event,6,9750.0,4150,South Built Esports,,,
581,Main Event,7,9750.0,5491,UCFC Esports,,,
581,Main Event,8,9750.0,5433,Aether Esports,,,
581,Qualifier Day 1,1,,5491,UCFC Esports,,,
581,Qualifier Day 1,2,,5367,RD Esports,,,
581,Qualifier Day 2,1,,5433,Aether Esports,,,
581,Qualifier Day 2,2,,4150,South Built Esports,,,
581,Qualifier Day 3,1,,3718,Sunsparks,,,
604,Main Event,1,100000000.0,4329,EGO,,,
604,Main Event,2,10000000.0,4331,YAMAGAN,,,
604,Main Event,3,10000000.0,4324,FEARUS,,,
604,Main Event,4,10000000.0,4330,Fancy United Esports,,,
604,Main Event,5,5000000.0,5615,HE Gaming,,,
604,Main Event,6,5000000.0,388,DivisionX Gaming,,,
604,Main Event,7,5000000.0,4860,Dominus Esports,,,
604,Main Event,8,5000000.0,5378,Innocent Cats Esports,,,
604,Qualifier,1,,5615,HE Gaming,,,
604,Qualifier,2,,4860,Dominus Esports,,,
604,Qualifier,3,,5378,Innocent Cats Esports,,,
604,Qualifier,4,,4324,FEARUS,,,
604,Qualifier,5,,4329,EGO,,,
574,Main Event,1,2000.0,6397,Five Ace Esports,,,
574,Main Event,2,1000.0,2303,Lightning,,,
574,Main Event,3,800.0,3107,Griffin E-Sports,,,
574,Main Event,4,400.0,3179,Anti Eco Eco Club,,,
574,Main Event,5,200.0,5329,Water,,,
574,Main Event,6,200.0,5333,Clutch Jeans,,,
574,Main Event,7,200.0,5988,Phoenix,,,
574,Main Event,8,200.0,5673,YMG,,,
574,Qualifier,1,,2303,Lightning,,,
574,Qualifier,2,,5329,Water,,,
574,Qualifier,3,,3179,Anti Eco Eco Club,,,
574,Qualifier,4,,5988,Phoenix,,,
574,Qualifier,5,,5673,YMG,,,
517,Main Event: LAN,1,2500.0,3322,Border Monsters,,,
517,Main Event: LAN,2,1000.0,724,E-Xolos LAZER,,,
517,Main Event: LAN,3,500.0,4987,Granjeros,,,
517,Main Event: LAN,4,500.0,2364,Ryze Gaming,,,
517,Main Event: LAS,1,2500.0,2360,Kaos Latin Gamers,,,
517,Main Event: LAS,2,1000.0,367,9z Team,,,
517,Main Event: LAS,3,500.0,2354,Optix,,,
517,Main Event: LAS,4,500.0,4355,Motion Team,,,
576,Main Event,1,20000.0,106,TSM,,,
576,Main Event,2,10000.0,337,FaZe Clan,,,
576,Main Event,3,7000.0,642,Luminosity,,,
576,Main Event,4,5000.0,637,Rise,,,
576,Main Event,5,3000.0,14,T1,,,
576,Main Event,6,3000.0,17,Gen.G,,,
576,Main Event,7,1000.0,4940,Pioneers,,,
576,Main Event,8,1000.0,2815,Version1,,,
544,Main Event,1,15000.0,474,Team Liquid,,,
544,Main Event,2,10000.0,2304,Giants Gaming,,,
544,Main Event,3,6000.0,2593,FNATIC,,,
544,Main Event,4,4000.0,4663,TENSTAR,,,
544,Main Event,5,,3908,Team BDS,,,
544,Main Event,6,,2373,Rix.GG Thunder,,,
544,Main Event,7,,2533,Alliance,,,
544,Main Event,8,,2059,Team Vitality,,,
545,Main Event,1,8000.0,4686,Fire Flux Vatangame,,,
545,Main Event,2,5000.0,4669,Digital Athletics,,,
545,Main Event,3,3000.0,2908,Thunderbolts Gaming,,,
545,Main Event,4,2000.0,2036,Beşiktaş Esports,,,
545,Main Event,5,,1184,FUT Esports,,,
545,Main Event,6,,1913,RARE Esports,,,
545,Main Event,7,,1453,OtherSide,,,
545,Main Event,8,,397,BBL Esports,,,
546,Main Event,1,8000.0,108,forZe,,,
546,Main Event,2,5000.0,6267,One Breath Gaming,,,
546,Main Event,3,3000.0,1341,Team Singularity,,,
546,Main Event,4,2000.0,1342,Axsor,,,
546,Main Event,5,,488,tyeasy,,,
546,Main Event,6,,4518,AG,,,
546,Main Event,7,,10094,GMT Esports,,,
546,Main Event,8,,4621,Crypto Esports,,,
534,Main Event,1,15000.0,7013,Stars Horizon,,,
534,Main Event,2,15000.0,3512,Sharks Esports,,,
534,Main Event,3,10000.0,420,Team Vikings,,,
534,Main Event,4,10000.0,243,Gamelanders Blue,,,
534,Main Event,5,,5316,NOORG2.0,,,
534,Main Event,6,,2428,SLICK,,,
534,Main Event,7,,1916,INGAMING Esports,,,
534,Main Event,8,,2406,FURIA,,,
611,Main Event,1,35000000.0,1110,Alter Ego,,,
611,Main Event,2,15000000.0,466,BOOM Esports,,,
611,Main Event,3,6500000.0,2814,Bigetron Arctic,,,
611,Main Event,4,3500000.0,3652,Morph Impact,,,
611,Main Event,5,1000000.0,878,Rex Regum Qeon,,,
611,Main Event,6,1000000.0,1700,XcN Gaming,,,
611,Main Event,7,1000000.0,2029,WAY Esports,,,
611,Main Event,8,1000000.0,5541,NXLG Academy,,,
611,Qualifier,1,,878,Rex Regum Qeon,,,
611,Qualifier,2,,5541,NXLG Academy,,,
611,Qualifier,3,,1700,XcN Gaming,,,
611,Qualifier,4,,2029,WAY Esports,,,
611,Qualifier,5,,1110,Alter Ego,,,
573,Main Event,1,2000.0,904,CBT Gaming,,,
573,Main Event,2,1000.0,6397,Five Ace Esports,,,
573,Main Event,3,800.0,3107,Griffin E-Sports,,,
573,Main Event,4,400.0,5333,Clutch Jeans,,,
573,Main Event,5,200.0,5673,YMG,,,
573,Main Event,6,200.0,5329,Water,,,
573,Main Event,7,200.0,5332,Horse Victory,,,
573,Main Event,8,200.0,3112,TRAITORS,,,
573,Qualifiers,1,,5673,YMG,,,
573,Qualifiers,2,,904,CBT Gaming,,,
573,Qualifiers,3,,5333,Clutch Jeans,,,
573,Qualifiers,4,,5674,CRX Team,,,
568,Main Event,1,6400.0,5413,UwU,,,
568,Main Event,2,3200.0,624,Paper Rex,,,
568,Main Event,3,2000.0,2532,Louvre,,,
568,Main Event,4,1000.0,1919,Kingsmen,,,
568,Main Event,5,,617,Team SMG,,,
568,Main Event,6,,879,Todak,,,
568,Main Event,7,,3613,UndeRank,,,
568,Main Event,8,,3524,Timing Monster Gaming,,,
568,Qualifiers,1,,617,Team SMG,,,
568,Qualifiers,2,,3524,Timing Monster Gaming,,,
568,Qualifiers,3,,1919,Kingsmen,,,
568,Qualifiers,4,,2532,Louvre,,,
568,Qualifiers,5,,5608,Brain And Friends,,,
568,Qualifiers,6,,5408,Saints,,,
568,Qualifiers,7,,5611,XLC Esports,,,
568,Qualifiers,8,,3616,Team Nasi Lemak,,,
603,Main Event,1,100000000.0,4325,CERBERUS Esports,,,
603,Main Event,2,10000000.0,4330,Fancy United Esports,,,
603,Main Event,3,10000000.0,388,DivisionX Gaming,,,
603,Main Event,4,10000000.0,4331,YAMAGAN,,,
603,Main Event,5,5000000.0,2151,Kantic Gaming,,,
603,Main Event,6,5000000.0,4329,EGO,,,
603,Main Event,7,5000000.0,4322,TiAMAT,,,
603,Main Event,8,5000000.0,4324,FEARUS,,,
603,Qualifiers,1,,5378,Innocent Cats Esports,,,
603,Qualifiers,2,,2151,Kantic Gaming,,,
603,Qualifiers,3,,4331,YAMAGAN,,,
603,Qualifiers,4,,4324,FEARUS,,,
603,Qualifiers,5,,4330,Fancy United Esports,,,
580,Main Event,1,100000.0,3717,Galaxy Racer,,,
580,Main Event,2,60000.0,4891,SV Empire,,,
580,Main Event,3,40000.0,3136,Oasis Gaming,,,
580,Main Event,4,20000.0,4251,Alpha Esports Pro,,,
580,Main Event,5,9750.0,1926,SE ATLAS,,,
580,Main Event,6,9750.0,4150,South Built Esports,,,
580,Main Event,7,9750.0,5491,UCFC Esports,,,
580,Main Event,8,9750.0,4855,Zeal Esports,,,
580,Qualifier Day 1,1,,4251,Alpha Esports Pro,,,
580,Qualifier Day 1,2,,3136,Oasis Gaming,,,
580,Qualifier Day 2,1,,1926,SE ATLAS,,,
580,Qualifier Day 2,2,,5491,UCFC Esports,,,
580,Qualifier Day 3,1,,4150,South Built Esports,,,
566,Main Event,1,18000.0,4050,FULL SENSE,,,
566,Main Event,2,15750.0,4993,FW Esports,,,
566,Main Event,3,13500.0,2270,Foxy Araikordai,,,
566,Main Event,4,11250.0,4994,wicket berg,,,
566,Main Event,5,9000.0,5427,Need Sponsor,,,
566,Main Event,6,9000.0,5419,Z11,,,
566,Main Event,7,6750.0,2741,AboveCloud,,,
566,Main Event,8,6750.0,4875,47 Gaming,,,
566,Qualifiers,1,,2741,AboveCloud,,,
566,Qualifiers,2,,4993,FW Esports,,,
566,Qualifiers,3,,5419,Z11,,,
566,Qualifiers,4,,4875,47 Gaming,,,
566,Qualifiers,5,,4994,wicket berg,,,
539,Main Event,1,,2934,FENNEL,,,
539,Main Event,2,,104,REJECT,,,
539,Main Event,3,,2987,Feeling,,,
539,Main Event,4,,5148,Insomnia,,,
539,Main Event,5,,2983,Gaming Team SELECTOR,,,
539,Main Event,6,,5156,Storks Phalanx,,,
539,Main Event,7,,4019,Icicle Conflict,,,
539,Main Event,8,,2986,SETOUCHI ENLIFE,,,
555,Main Event,1,35000000.0,2032,ONIC G,,,
555,Main Event,2,15000000.0,2814,Bigetron Arctic,,,
555,Main Event,3,6500000.0,466,BOOM Esports,,,
555,Main Event,4,3500000.0,3652,Morph Impact,,,
555,Main Event,5,1000000.0,1695,Somnium Esports,,,
555,Main Event,6,1000000.0,1700,XcN Gaming,,,
555,Main Event,7,1000000.0,5266,Mencari Tempat Berlabuh,,,
555,Main Event,8,1000000.0,3141,VVV,,,
564,Main Event,1,18000.0,2112,X10 Esports,,,
564,Main Event,2,15750.0,4050,FULL SENSE,,,
564,Main Event,3,13500.0,2270,Foxy Araikordai,,,
564,Main Event,4,11250.0,5427,Need Sponsor,,,
564,Main Event,5,9000.0,4537,Renatus Black,,,
564,Main Event,6,9000.0,623,Sharper Esport,,,
564,Main Event,7,6750.0,989,LYNX TH,,,
564,Main Event,8,6750.0,4875,47 Gaming,,,
564,Qualifiers,1,,4537,Renatus Black,,,
564,Qualifiers,2,,2270,Foxy Araikordai,,,
564,Qualifiers,3,,989,LYNX TH,,,
564,Qualifiers,4,,4875,47 Gaming,,,
564,Qualifiers,5,,5427,Need Sponsor,,,
564,Qualifiers,6,,623,Sharper Esport,,,
572,Main Event,1,2000.0,3107,Griffin E-Sports,,,
572,Main Event,3,800.0,6397,Five Ace Esports,,,
572,Main Event,4,400.0,5328,TYPHOONS,,,
572,Main Event,5,200.0,5327,Team GMM,,,
572,Main Event,6,200.0,5329,Water,,,
572,Main Event,7,200.0,3488,TGPA,,,
572,Main Event,8,200.0,5332,Horse Victory,,,
572,Qualifier,1,,5327,Team GMM,,,
572,Qualifier,2,,5328,TYPHOONS,,,
572,Qualifier,3,,5329,Water,,,
572,Qualifier,4,,6397,Five Ace Esports,,,
572,Qualifier,5,,3488,TGPA,,,
572,Qualifier,6,,3107,Griffin E-Sports,,,
572,Qualifier,7,,5332,Horse Victory,,,
572,Qualifier,8,,4868,No Name,,,
572,Qualifier,9,,4273,Victory Formula,,,
572,Qualifier,10,,3112,TRAITORS,,,
572,Qualifier,11,,5333,Clutch Jeans,,,
572,Qualifier,12,,5330,XTREME,,,
572,Qualifier,13,,5331,ZZZ,,,
572,Qualifier,14,,2303,Lightning,,,
565,Main Event,1,6400.0,624,Paper Rex,,,
565,Main Event,2,3200.0,5413,UwU,,,
565,Main Event,3,2000.0,879,Todak,,,
565,Main Event,4,1000.0,3613,UndeRank,,,
565,Main Event,5,,617,Team SMG,,,
565,Main Event,6,,1919,Kingsmen,,,
565,Main Event,7,,5408,Saints,,,
565,Main Event,8,,1921,Zero Synergy,,,
565,Last Chance Qualifiers,1,,3613,UndeRank,,,
565,Last Chance Qualifiers,2,,5408,Saints,,,
565,Last Chance Qualifiers,3,,1921,Zero Synergy,,,
565,Last Chance Qualifiers,4,,2506,Myschief,,,
565,Qualifiers,1,,617,Team SMG,,,
565,Qualifiers,2,,879,Todak,,,
565,Qualifiers,3,,1919,Kingsmen,,,
565,Qualifiers,4,,5413,UwU,,,
565,Qualifiers,4,,5408,Saints,,,
565,Qualifiers,5,,3613,UndeRank,,,
565,Qualifiers,6,,1921,Zero Synergy,,,
565,Qualifiers,7,,2506,Myschief,,,
565,Qualifiers,9,,1948,Running Dogs,,,
565,Qualifiers,10,,5407,Full Zen,,,
565,Qualifiers,11,,5409,APLOE,,,
565,Qualifiers,12,,7973,OG Brudders,,,
565,Qualifiers,13,,5411,DRM Esports,,,
565,Qualifiers,14,,5412,Mjestic Clan,,,
565,Qualifiers,15,,2532,Louvre,,,
565,Qualifiers,16,,1951,Wulf Esports,,,
579,Main Event,1,100000.0,6389,Bren Esports,,,
579,Main Event,2,60000.0,3717,Galaxy Racer,,,
579,Main Event,3,40000.0,4855,Zeal Esports,,,
579,Main Event,4,20000.0,4891,SV Empire,,,
579,Main Event,5,9750.0,3504,DR Esports,,,
579,Main Event,6,9750.0,4150,South Built Esports,,,
579,Main Event,7,9750.0,1929,KADILIMAN,,,
579,Main Event,8,9750.0,1926,SE ATLAS,,,
579,Qualifier Day 1,1,,1926,SE ATLAS,,,
579,Qualifier Day 1,2,,3717,Galaxy Racer,,,
579,Qualifier Day 2,1,,3504,DR Esports,,,
579,Qualifier Day 2,2,,4891,SV Empire,,,
579,Qualifier Day 3,1,,4150,South Built Esports,,,
579,Qualifier Day 3,2,,1929,KADILIMAN,,,
538,Main Event,1,,5448,ZETA DIVISION,,,
538,Main Event,2,,277,Crazy Raccoon,,,
538,Main Event,3,,2988,NORTHEPTION,,,
538,Main Event,4,,513,BlackBird Ignis,,,
538,Main Event,5,,2986,SETOUCHI ENLIFE,,,
538,Main Event,6,,2983,Gaming Team SELECTOR,,,
538,Main Event,7,,4019,Icicle Conflict,,,
538,Main Event,8,,5156,Storks Phalanx,,,
557,Playoffs,1,16500.0,918,Global Esports,,,
557,Playoffs,2,8000.0,799,Velocity Gaming,,,
557,Playoffs,3,3500.0,4809,Team Exploit,,,
557,Playoffs,4,3500.0,2917,Enigma Gaming,,,
557,Group Stage,5,,4808,Salt Esports,,,
557,Group Stage,6,,910,Exceeli Esports,,,
557,Group Stage,7,,5900,Damaru Gaming,,,
557,Group Stage,8,,5902,Crash Landin on You,,,
557,Wildcard,1,,2917,Enigma Gaming,,,
557,Wildcard,2,,6003,Team XO,,,
557,Wildcard,3,,4807,Team Arrow,,,
557,Wildcard,4,,5907,Lexious Gaming,,,
557,Wildcard,5,,5895,Team Legion,,,
557,Wildcard,6,,4806,MAXD Esports,,,
557,Wildcard,7,,5936,Regal E-Sports,,,
557,IN Qualifier #2,1,,918,Global Esports,,,
557,IN Qualifier #2,2,,6003,Team XO,,,
557,PK/AF Qualifier #2,1,,4809,Team Exploit,,,
557,PK/AF Qualifier #2,2,,4807,Team Arrow,,,
557,BD Qualifier,1,,910,Exceeli Esports,,,
557,BD Qualifier,2,,5936,Regal E-Sports,,,
557,LK/MV Qualifier,1,,5902,Crash Landin on You,,,
557,LK/MV Qualifier,2,,5907,Lexious Gaming,,,
557,NP/BT Qualifier,1,,5900,Damaru Gaming,,,
557,NP/BT Qualifier,2,,5895,Team Legion,,,
557,PK/AF Qualifier #1,1,,4808,Salt Esports,,,
557,PK/AF Qualifier #1,2,,4807,Team Arrow,,,
557,IN Qualifier #1,1,,799,Velocity Gaming,,,
557,IN Qualifier #1,2,,918,Global Esports,,,
594,Finals,1,4000.0,1208,ORDER,100.0,11.0,
594,Finals,2,3000.0,4963,PEACE,85.0,9.35,
594,Finals,3,2000.0,1696,Wildcard Gaming,75.0,8.25,
594,Finals,4,1000.0,591,Mindfreak,55.0,6.05,
594,Finals,5,,4036,Team Bliss,30.0,3.3,
594,Finals,6,,1323,Nebula,30.0,3.3,
594,Finals,7,,6047,VERTEX,30.0,3.3,
594,Finals,8,,3279,Straight Outta The Zoo,30.0,3.3,
594,Open Qual #1,1,,1208,ORDER,,,
594,Open Qual #1,2,,1696,Wildcard Gaming,,,
594,Open Qual #1,3,,4036,Team Bliss,,,
594,Open Qual #1,4,,591,Mindfreak,,,
594,Open Qual #1,5,,4963,PEACE,,,
594,Open Qual #1,6,,4693,Villains Esports,,,
594,Open Qual #1,7,,3279,Straight Outta The Zoo,,,
594,Open Qual #1,8,,4074,Orgless,,,
533,Main Event,1,15000.0,420,Team Vikings,,,
533,Main Event,2,15000.0,243,Gamelanders Blue,,,
533,Main Event,3,10000.0,2406,FURIA,,,
533,Main Event,4,10000.0,3512,Sharks Esports,,,
533,Main Event,5,,5316,NOORG2.0,,,
533,Main Event,6,,2428,SLICK,,,
533,Main Event,7,,7013,Stars Horizon,,,
533,Main Event,8,,581,Liberty,,,
516,Main Event: LAN,1,2500.0,4094,Six Karma,,,
516,Main Event: LAN,2,1000.0,363,INFINITY,,,
516,Main Event: LAN,3,500.0,724,E-Xolos LAZER,,,
516,Main Event: LAN,4,500.0,2364,Ryze Gaming,,,
516,Main Event: LAN,5,,1991,Akave Esports,,,
516,Main Event: LAN,6,,4989,Pass Gaming,,,
516,Main Event: LAN,7,,3129,Reven Esports,,,
516,Main Event: LAN,8,,3322,Border Monsters,,,
516,Open Qualifier: LAN,1,,363,INFINITY,,,
516,Open Qualifier: LAN,2,,3322,Border Monsters,,,
516,Open Qualifier: LAN,3,,3129,Reven Esports,,,
516,Open Qualifier: LAN,4,,2364,Ryze Gaming,,,
516,Open Qualifier: LAN,5,,4094,Six Karma,,,
516,Open Qualifier: LAN,6,,1991,Akave Esports,,,
516,Open Qualifier: LAN,7,,724,E-Xolos LAZER,,,
516,Open Qualifier: LAN,8,,4989,Pass Gaming,,,
516,Main Event: LAS,1,2500.0,2355,KRÜ Esports,,,
516,Main Event: LAS,2,1000.0,719,Australs,,,
516,Main Event: LAS,3,500.0,367,9z Team,,,
516,Main Event: LAS,4,500.0,2360,Kaos Latin Gamers,,,
516,Main Event: LAS,5,,4355,Motion Team,,,
516,Main Event: LAS,6,,361,Furious Gaming,,,
516,Main Event: LAS,7,,4982,Velox,,,
516,Main Event: LAS,8,,3942,Meta Gaming,,,
516,Open Qualifier: LAS,1,,2355,KRÜ Esports,,,
516,Open Qualifier: LAS,2,,367,9z Team,,,
516,Open Qualifier: LAS,3,,361,Furious Gaming,,,
516,Open Qualifier: LAS,4,,3942,Meta Gaming,,,
516,Open Qualifier: LAS,5,,719,Australs,,,
516,Open Qualifier: LAS,6,,4982,Velox,,,
516,Open Qualifier: LAS,7,,4355,Motion Team,,,
516,Open Qualifier: LAS,8,,2360,Kaos Latin Gamers,,,
520,Main Event,1,20000.0,2,Sentinels,,,
520,Main Event,2,10000.0,533,XSET,,,
520,Main Event,3,7000.0,120,100 Thieves,,,
520,Main Event,4,5000.0,427,ENVY,,,
520,Main Event,5,3000.0,4940,Pioneers,,,
520,Main Event,6,3000.0,17,Gen.G,,,
520,Main Event,7,1000.0,637,Rise,,,
520,Main Event,8,1000.0,2815,Version1,,,
520,Open Qualifier,1,,2,Sentinels,,,
520,Open Qualifier,2,,533,XSET,,,
520,Open Qualifier,3,,427,ENVY,,,
520,Open Qualifier,4,,120,100 Thieves,,,
520,Open Qualifier,5,,2815,Version1,,,
520,Open Qualifier,6,,17,Gen.G,,,
520,Open Qualifier,7,,637,Rise,,,
520,Open Qualifier,8,,4940,Pioneers,,,
541,Main Event,1,15000.0,3531,Acend,,,
541,Main Event,2,10000.0,257,G2 Esports,,,
541,Main Event,3,6000.0,1209,Guild Esports,,,
541,Main Event,4,4000.0,628,FunPlus Phoenix,,,
541,Main Event,5,,474,Team Liquid,,,
541,Main Event,6,,2593,FNATIC,,,
541,Main Event,7,,3908,Team BDS,,,
541,Main Event,8,,2373,Rix.GG Thunder,,,
600,Main Event,1,100000000.0,4326,Steal Your Glory,,,
600,Main Event,2,10000000.0,388,DivisionX Gaming,,,
600,Main Event,3,10000000.0,4325,CERBERUS Esports,,,
600,Main Event,4,10000000.0,4329,EGO,,,
600,Main Event,5,5000000.0,4324,FEARUS,,,
600,Main Event,6,5000000.0,5334,EGO Media,,,
600,Main Event,7,5000000.0,2151,Kantic Gaming,,,
600,Main Event,8,5000000.0,4330,Fancy United Esports,,,
600,Qualifier,1,,4326,Steal Your Glory,,,
600,Qualifier,2,,388,DivisionX Gaming,,,
600,Qualifier,3,,4329,EGO,,,
600,Qualifier,4,,5334,EGO Media,,,
600,Qualifier,5,,4330,Fancy United Esports,,,
600,Qualifier,6,,2151,Kantic Gaming,,,
469,North Africa,1,2500.0,1594,Team Majesty,,,
469,North Africa,2,1000.0,3382,E9Sports,,,
469,North Africa,3,500.0,4726,Mustang Gaming,,,
469,North Africa,4,,5395,SPL Gaming,,,
469,North Africa,5,,5397,The Academy,,,
469,North Africa,6,,5393,Eternity Esports,,,
469,North Africa,7,,5394,Error404,,,
469,North Africa,8,,5398,FORFUN,,,
469,Levant and Egypt,1,2500.0,1471,Team RA'AD,,,
469,Levant and Egypt,2,1000.0,1466,Anubis Gaming,,,
469,Levant and Egypt,3,500.0,5404,Roh Elbas Gang,,,
469,Levant and Egypt,4,,4685,Team Occupy,,,
469,Levant and Egypt,5,,4338,B13,,,
469,Levant and Egypt,6,,4918,RTG eSports,,,
469,Levant and Egypt,7,,4426,Z-Managa eSports,,,
469,Levant and Egypt,8,,5405,JO Clan,,,
469,GCC and Iraq,1,2500.0,1464,YaLLa Esports,,,
469,GCC and Iraq,2,1000.0,5401,ArchNemesis,,,
469,GCC and Iraq,3,500.0,5399,KINGS Esports,,,
469,GCC and Iraq,4,,3527,Piercer Esports,,,
469,GCC and Iraq,5,,5403,KnockOut Esports,,,
469,GCC and Iraq,6,,3550,Lusail Esports,,,
469,GCC and Iraq,7,,5400,BOOM SHAKA LAKA,,,
469,GCC and Iraq,8,,5402,Mythociast,,,
542,Main Event,1,8000.0,4567,Papara SuperMassive,,,
542,Main Event,2,5000.0,921,Oxygen Esports,,,
542,Main Event,3,3000.0,1184,FUT Esports,,,
542,Main Event,4,2000.0,4686,Fire Flux Vatangame,,,
542,Main Event,5,,1453,OtherSide,,,
542,Main Event,6,,397,BBL Esports,,,
542,Main Event,7,,1675,Zero Zone,,,
542,Main Event,8,,2903,Team Aurora,,,
543,Main Event,1,8000.0,682,Gambit Esports,,,
543,Main Event,2,5000.0,5032,No Pressure,,,
543,Main Event,3,3000.0,108,forZe,,,
543,Main Event,4,2000.0,6267,One Breath Gaming,,,
543,Main Event,5,,1341,Team Singularity,,,
543,Main Event,6,,1342,Axsor,,,
543,Main Event,7,,10094,GMT Esports,,,
543,Main Event,8,,604,Aim.Attack,,,
403,Finals,1,4000.0,1696,Wildcard Gaming,100.0,11.0,
403,Finals,2,3000.0,1208,ORDER,85.0,9.35,
403,Finals,3,2000.0,4468,McBTSMac,70.0,7.7,
403,Finals,4,1000.0,1323,Nebula,55.0,6.05,
403,Finals,5,,591,Mindfreak,30.0,3.3,
403,Finals,6,,4036,Team Bliss,30.0,3.3,
403,Finals,7,,1352,Dire Wolves,30.0,3.3,
403,Finals,8,,3279,Straight Outta The Zoo,30.0,3.3,
403,Closed Qual #2,1,,591,Mindfreak,,,
403,Closed Qual #2,2,,4468,McBTSMac,,,
403,Closed Qual #2,3,,1352,Dire Wolves,,,
403,Closed Qual #2,4,,1323,Nebula,,,
403,Closed Qual #2,5,,865,Paradox Esports,,,
403,Closed Qual #2,6,,4420,Tyrant Esports,,,
403,Closed Qual #2,7,,831,McTeam,,,
403,Closed Qual #2,8,,4073,Bandit ESC,,,
403,Closed Qual #1,1,,1208,ORDER,,,
403,Closed Qual #1,2,,4036,Team Bliss,,,
403,Closed Qual #1,3,,1696,Wildcard Gaming,,,
403,Closed Qual #1,4,,3279,Straight Outta The Zoo,,,
403,Closed Qual #1,5,,591,Mindfreak,,,
403,Closed Qual #1,6,,865,Paradox Esports,,,
403,Closed Qual #1,7,,1352,Dire Wolves,,,
403,Closed Qual #1,8,,2826,Kanga Esports,,,
353,Main Event,1,200000.0,2,Sentinels,400.0,11.0,
353,Main Event,2,100000.0,2593,FNATIC,350.0,9.62,
353,Main Event,3,80000.0,2328,NUTURN,300.0,8.25,
353,Main Event,4,60000.0,474,Team Liquid,250.0,6.88,
353,Main Event,5,40000.0,420,Team Vikings,200.0,5.5,
353,Main Event,6,40000.0,2815,Version1,200.0,5.5,
353,Main Event,7,25000.0,2355,KRÜ Esports,175.0,4.81,
353,Main Event,8,25000.0,2112,X10 Esports,175.0,4.81,
353,Main Event,9,15000.0,3512,Sharks Esports,150.0,4.12,
353,Main Event,10,15000.0,277,Crazy Raccoon,150.0,4.12,
477,Levant and North Africa,1,1750.0,1466,Anubis Gaming,100.0,11.0,
477,Levant and North Africa,2,750.0,1471,Team RA'AD,90.0,9.9,
477,Levant and North Africa,3,500.0,1594,Team Majesty,80.0,8.8,
477,Levant and North Africa,4,,3382,E9Sports,70.0,7.7,
477,Levant and North Africa,5,,4574,La7zag Esports,60.0,6.6,
477,Levant and North Africa,6,,4577,Team Gravity,50.0,5.5,
477,Levant and North Africa,7,,4575,POISON CLAN,40.0,4.4,
477,Levant and North Africa,8,,4332,ONE SHOT Esports,30.0,3.3,
477,GCC and Iraq,1,1750.0,1464,YaLLa Esports,100.0,11.0,
477,GCC and Iraq,2,750.0,3527,Piercer Esports,90.0,9.9,
477,GCC and Iraq,3,500.0,4453,Tuwaiq Esports Club,80.0,8.8,
477,GCC and Iraq,4,,3550,Lusail Esports,70.0,7.7,
477,GCC and Iraq,5,,4569,Fraggerz,60.0,6.6,
477,GCC and Iraq,6,,3554,Digger Esports,50.0,5.5,
477,GCC and Iraq,7,,4452,MENA RATS,40.0,4.4,
477,GCC and Iraq,8,,4570,AlphA,30.0,3.3,
398,Main Event,1,,2355,KRÜ Esports,,,Masters Reykjavik
398,Main Event,2,7000.0,363,INFINITY,75.0,11.0,
398,Main Event,3,3000.0,4094,Six Karma,50.0,7.33,
398,Main Event,4,3000.0,367,9z Team,50.0,7.33,
398,Main Event,5,2000.0,724,E-Xolos LAZER,40.0,5.87,
398,Main Event,6,2000.0,4353,ATROPELADOS,40.0,5.87,
398,Main Event,7,1500.0,3322,Border Monsters,35.0,5.13,
398,Main Event,8,1500.0,3942,Meta Gaming,35.0,5.13,
366,Main Event,1,60000.0,420,Team Vikings,,,Masters Reykjavik
366,Main Event,2,40000.0,3512,Sharks Esports,,,Masters Reykjavik
366,Main Event,3,20000.0,2406,FURIA,40.0,11.0,
366,Main Event,4,15000.0,581,Liberty,35.0,9.62,
366,Main Event,5,10000.0,1916,INGAMING Esports,25.0,6.88,
366,Main Event,6,10000.0,243,Gamelanders Blue,25.0,6.88,
366,Main Event,7,7500.0,203,paiN Gaming,20.0,5.5,
366,Main Event,8,7500.0,2428,SLICK,20.0,5.5,
372,Main Event,1,40000.0,2,Sentinels,,,Masters Reykjavik
372,Main Event,2,20000.0,2815,Version1,,,Masters Reykjavik
372,Main Event,3,15000.0,188,Cloud9,50.0,11.0,
372,Main Event,4,10000.0,427,ENVY,40.0,8.8,
372,Main Event,5,5000.0,120,100 Thieves,30.0,6.6,
372,Main Event,6,5000.0,1034,NRG,30.0,6.6,
372,Main Event,7,2500.0,533,XSET,20.0,4.4,
372,Main Event,8,2500.0,856,Andbox,20.0,4.4,
376,Main Event,1,35000.0,474,Team Liquid,,,Masters Reykjavik
376,Main Event,2,15000.0,2593,FNATIC,,,Masters Reykjavik
376,Main Event,3,9000.0,682,Gambit Esports,45.0,11.0,
376,Main Event,4,9000.0,921,Oxygen Esports,45.0,11.0,
376,Main Event,5,6000.0,628,FunPlus Phoenix,30.0,7.33,
376,Main Event,6,6000.0,1209,Guild Esports,30.0,7.33,
376,Main Event,7,4000.0,1184,FUT Esports,20.0,4.89,
376,Main Event,8,4000.0,397,BBL Esports,20.0,4.89,
429,Main Event,1,15000.0,2112,X10 Esports,,,Masters Reykjavik
429,Main Event,2,10000.0,4050,FULL SENSE,60.0,11.0,
429,Main Event,3,6000.0,624,Paper Rex,50.0,9.17,
429,Main Event,4,5000.0,1915,NXL LIGAGAME,40.0,7.33,
429,Main Event,5,3250.0,6389,Bren Esports,30.0,5.5,
429,Main Event,6,3250.0,2746,6045Pirates,30.0,5.5,
429,Main Event,7,2250.0,904,CBT Gaming,20.0,3.67,
429,Main Event,8,2250.0,466,BOOM Esports,20.0,3.67,
429,Main Event,9,1500.0,4325,CERBERUS Esports,10.0,1.83,
429,Main Event,10,1500.0,4324,FEARUS,10.0,1.83,
426,Playoffs,1,20000000.0,2328,NUTURN,,,Masters Reykjavik
426,Playoffs,2,10000000.0,2542,DAMWON Gaming,60.0,11.0,
426,Playoffs,3,5000000.0,198,Vision Strikers,40.0,7.33,
426,Playoffs,4,5000000.0,3945,Rio Company,40.0,7.33,
426,Playoffs,5,3000000.0,2806,GoNGo Prince,20.0,3.67,
426,Playoffs,6,3000000.0,1970,TNL Esports,20.0,3.67,
426,Playoffs,7,3000000.0,1670,F4Q,20.0,3.67,
426,Playoffs,8,3000000.0,1140,TUBEPLE Gaming,20.0,3.67,
426,Group Stage,1,,1970,TNL Esports,,,
426,Group Stage,2,,2328,NUTURN,,,
426,Group Stage,3,,3945,Rio Company,,,
426,Group Stage,4,,1670,F4Q,,,
426,Group Stage,5,,198,Vision Strikers,,,
426,Group Stage,6,,2542,DAMWON Gaming,,,
426,Group Stage,7,,1140,TUBEPLE Gaming,,,
426,Group Stage,8,,2806,GoNGo Prince,,,
426,Group Stage,9,1000000.0,2559,SPEAR GAMING,,,
426,Group Stage,10,1000000.0,2561,GOMA,,,
426,Group Stage,11,1000000.0,3311,I need Girlfriend,,,
426,Group Stage,12,1000000.0,4030,AUTOCRACY,,,
426,Group Stage,13,1000000.0,2556,Gehenna Sweepers,,,
426,Group Stage,14,1000000.0,1327,Feel So Good,,,
426,Group Stage,15,1000000.0,4025,Food Eat,,,
426,Group Stage,16,1000000.0,2554,World Game Star,,,
426,Preliminary Round,1,,2806,GoNGo Prince,,,
426,Preliminary Round,2,,2561,GOMA,,,
426,Preliminary Round,3,,1670,F4Q,,,
426,Preliminary Round,4,,2554,World Game Star,,,
426,Preliminary Round,5,,1140,TUBEPLE Gaming,,,
426,Preliminary Round,6,,4030,AUTOCRACY,,,
426,Preliminary Round,7,,198,Vision Strikers,,,
426,Preliminary Round,8,,1327,Feel So Good,,,
426,Preliminary Round,9,,2328,NUTURN,,,
426,Preliminary Round,10,,4025,Food Eat,,,
426,Preliminary Round,11,,3945,Rio Company,,,
426,Preliminary Round,12,,2559,SPEAR GAMING,,,
426,Preliminary Round,13,,2542,DAMWON Gaming,,,
426,Preliminary Round,14,,2556,Gehenna Sweepers,,,
426,Preliminary Round,15,,1970,TNL Esports,,,
426,Preliminary Round,16,,3311,I need Girlfriend,,,
441,Main Event,1,1000000.0,277,Crazy Raccoon,,,Masters Reykjavík
441,Main Event,2,500000.0,279,Absolute JUPITER,60.0,11.0,
441,Main Event,3,200000.0,104,REJECT,50.0,9.17,
441,Main Event,4,100000.0,516,FAV gaming,40.0,7.33,
441,Main Event,5,50000.0,2988,NORTHEPTION,30.0,5.5,
441,Main Event,6,50000.0,282,SCARZ,30.0,5.5,
441,Main Event,7,50000.0,2934,FENNEL,20.0,3.67,
441,Main Event,8,50000.0,280,LAG Gaming,20.0,3.67,
423,North Africa,1,2500.0,1592,Fox Gaming,,,
423,North Africa,2,1000.0,1591,Team Lightning,,,
423,North Africa,3,500.0,3635,gucciGANG,,,
423,North Africa,4,,3382,E9Sports,,,
423,North Africa,5,,1742,Exality,,,
423,North Africa,6,,4333,Invaders,,,
423,North Africa,7,,4332,ONE SHOT Esports,,,
423,North Africa,8,,1596,Alterfox Esports,,,
423,Levant and Egypt,1,2500.0,1470,NASR Esports,,,
423,Levant and Egypt,2,1500.0,1466,Anubis Gaming,,,
423,Levant and Egypt,3,500.0,1469,Cairo City G'zzz,,,
423,Levant and Egypt,4,,4334,FreeAgentz,,,
423,Levant and Egypt,5,,4337,HardStuck,,,
423,Levant and Egypt,6,,4338,B13,,,
423,Levant and Egypt,7,,4336,Baited,,,
423,Levant and Egypt,8,,6993,Dark Tempest,,,
423,GCC and Iraq,1,2500.0,1910,Team Duelist,,,
423,GCC and Iraq,2,1500.0,1464,YaLLa Esports,,,
423,GCC and Iraq,3,500.0,4339,Olympus,,,
423,GCC and Iraq,4,,4340,el bdoon,,,
423,GCC and Iraq,5,,4342,the bridge,,,
423,GCC and Iraq,6,,4343,Flashpoint,,,
423,GCC and Iraq,7,,3621,New Genesis Esports,,,
423,GCC and Iraq,8,,4341,ETERNALS,,,
365,Main Event,1,15000.0,2428,SLICK,,,
365,Main Event,2,15000.0,1916,INGAMING Esports,,,
365,Main Event,3,10000.0,203,paiN Gaming,,,
365,Main Event,4,10000.0,581,Liberty,,,
365,Main Event,5,,4049,Kikados da Galaxy Carrots,,,
365,Main Event,6,,417,Black Dragons,,,
365,Main Event,7,,695,HIGHPOWER,,,
365,Main Event,8,,4394,Folouers Esports,,,
365,Open Qual: #3,1,,417,Black Dragons,,,
365,Open Qual: #3,2,,4049,Kikados da Galaxy Carrots,,,
365,Open Qual: #3,3,,695,HIGHPOWER,,,
365,Open Qual: #3,4,,203,paiN Gaming,,,
365,Open Qual: #3,5,,7013,Stars Horizon,,,
365,Open Qual: #3,6,,1830,Vorax,,,
365,Open Qual: #3,7,,4321,EndGame,,,
365,Open Qual: #3,8,,1911,Imperial Esports,,,
371,Main Event,1,20000.0,2,Sentinels,,,
371,Main Event,2,10000.0,188,Cloud9,,,
371,Main Event,3,7000.0,1034,NRG,,,
371,Main Event,4,5000.0,856,Andbox,,,
371,Main Event,5,3000.0,103,Immortals,,,
371,Main Event,6,3000.0,106,TSM,,,
371,Main Event,7,1000.0,14,T1,,,
371,Main Event,8,1000.0,473,Built By Gamers,,,
371,Open Qualifier,1,,2,Sentinels,,,
371,Open Qualifier,2,,14,T1,,,
371,Open Qualifier,3,,1034,NRG,,,
371,Open Qualifier,4,,106,TSM,,,
371,Open Qualifier,5,,17,Gen.G,,,
371,Open Qualifier,6,,3597,Noble,,,
371,Open Qualifier,7,,337,FaZe Clan,,,
371,Open Qualifier,8,,642,Luminosity,,,
397,Main Event: LAN,1,2500.0,3322,Border Monsters,,,
397,Main Event: LAN,2,1000.0,4094,Six Karma,,,
397,Main Event: LAN,3,500.0,4358,PEEK Gaming,,,
397,Main Event: LAN,4,500.0,3125,Funkboings,,,
397,Main Event: LAN,5,,3129,Reven Esports,,,
397,Main Event: LAN,6,,2363,Pro Hub Gaming,,,
397,Main Event: LAN,7,,1991,Akave Esports,,,
397,Main Event: LAN,8,,2362,Skull Cracker,,,
397,Open Qualifier: LAN,1,,4094,Six Karma,,,
397,Open Qualifier: LAN,2,,4358,PEEK Gaming,,,
397,Open Qualifier: LAN,3,,1991,Akave Esports,,,
397,Open Qualifier: LAN,4,,2362,Skull Cracker,,,
397,Open Qualifier: LAN,5,,4361,SALVA eSports,,,
397,Open Qualifier: LAN,6,,1993,Team Warriors,,,
397,Open Qualifier: LAN,7,,4359,Trilogy Esports,,,
397,Open Qualifier: LAN,8,,4006,PARADOX GAMING,,,
397,Main Event: LAS,1,2500.0,4353,ATROPELADOS,,,
397,Main Event: LAS,2,1000.0,3942,Meta Gaming,,,
397,Main Event: LAS,3,500.0,2354,Optix,,,
397,Main Event: LAS,4,500.0,361,Furious Gaming,,,
397,Main Event: LAS,5,,1249,Decent Esports,,,
397,Main Event: LAS,6,,2360,Kaos Latin Gamers,,,
397,Main Event: LAS,7,,2596,Malvinas Gaming,,,
397,Main Event: LAS,8,,4356,Cruzados Esports,,,
397,Open Qualifier: LAS,1,,2354,Optix,,,
397,Open Qualifier: LAS,2,,1249,Decent Esports,,,
397,Open Qualifier: LAS,3,,3942,Meta Gaming,,,
397,Open Qualifier: LAS,4,,4353,ATROPELADOS,,,
397,Open Qualifier: LAS,5,,4356,Cruzados Esports,,,
397,Open Qualifier: LAS,6,,4355,Motion Team,,,
397,Open Qualifier: LAS,7,,4352,Polaris,,,
397,Open Qualifier: LAS,8,,2359,LEVIATÁN,,,
421,Main Event,1,30000000.0,466,BOOM Esports,,,
421,Main Event,2,15000000.0,2814,Bigetron Arctic,,,
421,Main Event,3,10000000.0,3652,Morph Impact,,,
421,Main Event,4,4000000.0,1110,Alter Ego,,,
421,Main Event,5,1000000.0,2029,WAY Esports,,,
421,Main Event,6,1000000.0,1700,XcN Gaming,,,
421,Main Event,7,1000000.0,3141,VVV,,,
421,Main Event,8,1000000.0,4059,Reckless Lads,,,
422,Main Event,1,27000.0,4050,FULL SENSE,,,
422,Main Event,2,20250.0,623,Sharper Esport,,,
422,Main Event,3,16875.0,622,Thailand Attitude,,,
422,Main Event,4,13500.0,2270,Foxy Araikordai,,,
422,Main Event,5,13500.0,4153,JG.JIANG,,,
422,Main Event,6,13500.0,3689,2red,,,
422,Main Event,7,13500.0,4155,GhostFamily E-Sports,,,
422,Main Event,8,13500.0,1485,Aricat Esport Family,,,
422,Qualifier,1,,2270,Foxy Araikordai,,,
422,Qualifier,2,,622,Thailand Attitude,,,
422,Qualifier,3,,4155,GhostFamily E-Sports,,,
422,Qualifier,4,,3689,2red,,,
422,Qualifier,5,,1485,Aricat Esport Family,,,
422,Qualifier,6,,4153,JG.JIANG,,,
395,Main Event,1,200000000.0,4325,CERBERUS Esports,,,
395,Main Event,2,100000000.0,4324,FEARUS,,,
395,Main Event,3,60000000.0,4327,No Hope Gaming,,,
395,Main Event,4,40000000.0,4326,Steal Your Glory,,,
395,Main Event,5,20000000.0,4329,EGO,,,
395,Main Event,6,20000000.0,4331,YAMAGAN,,,
395,Main Event,7,20000000.0,4323,SBTC Esports,,,
395,Main Event,8,20000000.0,388,DivisionX Gaming,,,
395,Main Event,9,10000000.0,4330,Fancy United Esports,,,
395,Main Event,10,10000000.0,4322,TiAMAT,,,
395,Main Event,11,10000000.0,2151,Kantic Gaming,,,
395,Main Event,12,10000000.0,4328,5Ravens,,,
432,Main Event,1,100000.0,2746,6045Pirates,,,
432,Main Event,2,45000.0,1932,Hashira,,,
432,Main Event,3,20000.0,3692,Walküre,,,
432,Main Event,4,20000.0,4251,Alpha Esports Pro,,,
432,Main Event,5,5000.0,3349,Vendetta,,,
432,Main Event,6,5000.0,2952,Fulcrum Esports Catalyst,,,
432,Main Event,7,5000.0,3717,Galaxy Racer,,,
432,Main Event,8,5000.0,4397,Looking For Org,,,
452,Main Event,1,4000.0,904,CBT Gaming,,,
452,Main Event,2,2000.0,3546,KPC Computer Studio,,,
452,Main Event,3,1000.0,3107,Griffin E-Sports,,,
452,Main Event,4,1000.0,3179,Anti Eco Eco Club,,,
452,Main Event,5,500.0,3490,LP33,,,
452,Main Event,6,500.0,2303,Lightning,,,
452,Main Event,7,500.0,3184,All Born to Clutch,,,
452,Main Event,8,500.0,4273,Victory Formula,,,
440,Main Event,1,,104,REJECT,,,
440,Main Event,2,,516,FAV gaming,,,
440,Main Event,3,,2934,FENNEL,,,
440,Main Event,4,,280,LAG Gaming,,,
440,Main Event,5,,2987,Feeling,,,
440,Main Event,6,,4009,Tiimu Sagashitemasu,,,
440,Main Event,7,,2996,ShikouKouketsu,,,
440,Main Event,8,,1734,FIRST Gaming,,,
399,Main Event,1,6400.0,624,Paper Rex,,,
399,Main Event,2,3200.0,617,Team SMG,,,
399,Main Event,3,2000.0,2532,Louvre,,,
399,Main Event,4,1000.0,879,Todak,,,
399,Main Event,5,,3348,Orgless,,,
399,Main Event,6,,1919,Kingsmen,,,
399,Main Event,7,,3524,Timing Monster Gaming,,,
399,Main Event,8,,1942,Team 600,,,
364,Main Event,1,15000.0,243,Gamelanders Blue,,,
364,Main Event,2,15000.0,2406,FURIA,,,
364,Main Event,3,10000.0,420,Team Vikings,,,
364,Main Event,4,10000.0,3512,Sharks Esports,,,
364,Main Event,5,,581,Liberty,,,
364,Main Event,6,,2428,SLICK,,,
364,Main Event,7,,3664,SEMORGAINDA,,,
364,Main Event,8,,1916,INGAMING Esports,,,
364,Open Qual,1,,581,Liberty,,,
364,Open Qual,2,,243,Gamelanders Blue,,,
364,Open Qual,3,,1916,INGAMING Esports,,,
364,Open Qual,4,,3664,SEMORGAINDA,,,
364,Open Qual,5,,4044,Exodia Club,,,
364,Open Qual,6,,4045,Susheria Katojin,,,
364,Open Qual,7,,3560,SEMORGANIZAÇÃO,,,
364,Open Qual,8,,1830,Vorax,,,
375,Main Event,1,15000.0,2593,FNATIC,,,
375,Main Event,2,10000.0,474,Team Liquid,,,
375,Main Event,3,5000.0,3908,Team BDS,,,
375,Main Event,4,5000.0,2059,Team Vitality,,,
375,Main Event,5,,257,G2 Esports,,,
375,Main Event,6,,3531,Acend,,,
375,Main Event,7,,3,Ninjas in Pyjamas,,,
375,Main Event,8,,3604,CE Calling,,,
375,Qualifier Play-In,1,,439,Opportunists,,,
375,Qualifier Play-In,2,,3531,Acend,,,
375,Qualifier Play-In,3,,257,G2 Esports,,,
375,Qualifier Play-In,4,,474,Team Liquid,,,
375,Qualifier Play-In,5,,2059,Team Vitality,,,
375,Qualifier Play-In,6,,3,Ninjas in Pyjamas,,,
375,Qualifier Play-In,7,,2593,FNATIC,,,
375,Qualifier Play-In,8,,3604,CE Calling,,,
392,Main Event,1,8000.0,397,BBL Esports,,,
392,Main Event,2,5000.0,935,Anatolia Esports,,,
392,Main Event,3,2500.0,1913,RARE Esports,,,
392,Main Event,4,2500.0,1453,OtherSide,,,
392,Main Event,5,,3474,Orgless5,,,
392,Main Event,6,,2416,Cyber Skull Esports,,,
392,Main Event,7,,3259,Unity Esports,,,
392,Main Event,8,,5310,Fenerbahçe Esports,,,
392,Qualifier Play-In,1,,397,BBL Esports,,,
392,Qualifier Play-In,2,,1913,RARE Esports,,,
392,Qualifier Play-In,3,,935,Anatolia Esports,,,
392,Qualifier Play-In,4,,3259,Unity Esports,,,
392,Qualifier Play-In,5,,5310,Fenerbahçe Esports,,,
392,Qualifier Play-In,6,,1453,OtherSide,,,
392,Qualifier Play-In,7,,3474,Orgless5,,,
392,Qualifier Play-In,8,,2416,Cyber Skull Esports,,,
420,Main Event,1,30000000.0,1915,NXL LIGAGAME,,,
420,Main Event,2,15000000.0,2814,Bigetron Arctic,,,
420,Main Event,3,10000000.0,1110,Alter Ego,,,
420,Main Event,4,4000000.0,466,BOOM Esports,,,
420,Main Event,5,1000000.0,3141,VVV,,,
420,Main Event,6,1000000.0,3652,Morph Impact,,,
420,Main Event,7,1000000.0,4059,Reckless Lads,,,
420,Main Event,8,1000000.0,1700,XcN Gaming,,,
420,Qualifier,1,,2814,Bigetron Arctic,,,
420,Qualifier,2,,4059,Reckless Lads,,,
420,Qualifier,3,,1700,XcN Gaming,,,
420,Qualifier,4,,3141,VVV,,,
420,Qualifier,5,,2029,WAY Esports,,,
433,Main Event,1,2000.0,904,CBT Gaming,,,
433,Main Event,2,1000.0,3546,KPC Computer Studio,,,
433,Main Event,3,500.0,2303,Lightning,,,
433,Main Event,4,500.0,3179,Anti Eco Eco Club,,,
433,Main Event,5,250.0,4273,Victory Formula,,,
433,Main Event,6,250.0,3490,LP33,,,
433,Main Event,7,250.0,3184,All Born to Clutch,,,
433,Main Event,8,250.0,3107,Griffin E-Sports,,,
433,Qualifier,1,,4273,Victory Formula,,,
433,Qualifier,2,,3490,LP33,,,
433,Qualifier,3,,3184,All Born to Clutch,,,
433,Qualifier,4,,3179,Anti Eco Eco Club,,,
431,Main Event,1,100000.0,6389,Bren Esports,,,
431,Main Event,2,45000.0,2747,ex-SV Empire,,,
431,Main Event,3,20000.0,1932,Hashira,,,
431,Main Event,4,20000.0,4251,Alpha Esports Pro,,,
431,Main Event,5,5000.0,3717,Galaxy Racer,,,
431,Main Event,6,5000.0,2952,Fulcrum Esports Catalyst,,,
431,Main Event,7,5000.0,2746,6045Pirates,,,
431,Main Event,8,5000.0,3692,Walküre,,,
431,Qualifier 1,1,,3717,Galaxy Racer,,,
431,Qualifier 1,2,,3692,Walküre,,,
431,Qualifier 2,1,,4251,Alpha Esports Pro,,,
431,Qualifier 2,2,,2952,Fulcrum Esports Catalyst,,,
431,Qualifier 2,3,,3349,Vendetta,,,
383,Qualifiers Day 1,1,,3348,Orgless,,,
383,Qualifiers Day 1,2,,2532,Louvre,,,
383,Qualifiers Day 1,3,,879,Todak,,,
383,Qualifiers Day 1,4,,3524,Timing Monster Gaming,,,
383,Qualifiers Day 2,1,,3524,Timing Monster Gaming,,,
383,Qualifiers Day 2,2,,879,Todak,,,
383,Qualifiers Day 2,3,,627,Team LZ,,,
383,Qualifiers Day 2,4,,2505,Looking For Org,,,
383,Main Event,1,6400.0,624,Paper Rex,,,
383,Main Event,2,3200.0,2532,Louvre,,,
383,Main Event,3,2000.0,617,Team SMG,,,
383,Main Event,4,1000.0,879,Todak,,,
383,Main Event,5,,3348,Orgless,,,
383,Main Event,6,,1942,Team 600,,,
383,Main Event,7,,1919,Kingsmen,,,
383,Main Event,8,,3524,Timing Monster Gaming,,,
370,Main Event,1,20000.0,120,100 Thieves,,,
370,Main Event,2,10000.0,533,XSET,,,
370,Main Event,3,7000.0,427,ENVY,,,
370,Main Event,4,5000.0,2815,Version1,,,
370,Main Event,5,3000.0,188,Cloud9,,,
370,Main Event,6,3000.0,103,Immortals,,,
370,Main Event,7,1000.0,473,Built By Gamers,,,
370,Main Event,8,1000.0,856,Andbox,,,
370,Open Qualifier,1,,473,Built By Gamers,,,
370,Open Qualifier,2,,533,XSET,,,
370,Open Qualifier,3,,427,ENVY,,,
370,Open Qualifier,4,,120,100 Thieves,,,
370,Open Qualifier,5,,2815,Version1,,,
370,Open Qualifier,6,,188,Cloud9,,,
370,Open Qualifier,7,,103,Immortals,,,
370,Open Qualifier,8,,856,Andbox,,,
396,Main Event: LAN,1,2500.0,363,INFINITY,,,
396,Main Event: LAN,2,1000.0,724,E-Xolos LAZER,,,
396,Main Event: LAN,3,500.0,3125,Funkboings,,,
396,Main Event: LAN,4,500.0,2363,Pro Hub Gaming,,,
396,Main Event: LAN,5,,3129,Reven Esports,,,
396,Main Event: LAN,6,,3322,Border Monsters,,,
396,Main Event: LAN,7,,3127,CNG Esports,,,
396,Main Event: LAN,8,,1831,LDM Esports,,,
396,Open Qualifier: LAN,1,,3322,Border Monsters,,,
396,Open Qualifier: LAN,2,,2363,Pro Hub Gaming,,,
396,Open Qualifier: LAN,3,,724,E-Xolos LAZER,,,
396,Open Qualifier: LAN,4,,363,INFINITY,,,
396,Main Event: LAS,1,2500.0,2355,KRÜ Esports,,,
396,Main Event: LAS,2,1000.0,367,9z Team,,,
396,Main Event: LAS,3,500.0,2360,Kaos Latin Gamers,,,
396,Main Event: LAS,4,500.0,644,Wygers Argentina,,,
396,Main Event: LAS,5,,2596,Malvinas Gaming,,,
396,Main Event: LAS,6,,361,Furious Gaming,,,
396,Main Event: LAS,7,,721,DKS Esports,,,
396,Main Event: LAS,8,,3942,Meta Gaming,,,
396,Open Qualifier: LAS,1,,367,9z Team,,,
396,Open Qualifier: LAS,2,,644,Wygers Argentina,,,
396,Open Qualifier: LAS,3,,721,DKS Esports,,,
396,Open Qualifier: LAS,4,,2355,KRÜ Esports,,,
396,Open Qualifier: LAS,5,,2596,Malvinas Gaming,,,
396,Open Qualifier: LAS,6,,2360,Kaos Latin Gamers,,,
396,Open Qualifier: LAS,7,,3942,Meta Gaming,,,
396,Open Qualifier: LAS,8,,361,Furious Gaming,,,
377,Main Event,1,,2988,NORTHEPTION,,,
377,Main Event,2,,279,Absolute JUPITER,,,
377,Main Event,3,,282,SCARZ,,,
377,Main Event,4,,277,Crazy Raccoon,,,
377,Main Event,5,,280,LAG Gaming,,,
377,Main Event,6,,2987,Feeling,,,
377,Main Event,7,,2996,ShikouKouketsu,,,
377,Main Event,8,,4009,Tiimu Sagashitemasu,,,
374,Main Event,1,15000.0,628,FunPlus Phoenix,,,
374,Main Event,2,10000.0,1209,Guild Esports,,,
374,Main Event,3,5000.0,439,Opportunists,,,
374,Main Event,4,5000.0,3,Ninjas in Pyjamas,,,
374,Main Event,5,,2059,Team Vitality,,,
374,Main Event,6,,1001,Team Heretics,,,
374,Main Event,7,,2533,Alliance,,,
374,Main Event,8,,3531,Acend,,,
374,Qualifier Play-In,1,,3531,Acend,,,
374,Qualifier Play-In,2,,439,Opportunists,,,
374,Qualifier Play-In,3,,2533,Alliance,,,
374,Qualifier Play-In,4,,628,FunPlus Phoenix,,,
374,Qualifier Play-In,5,,3,Ninjas in Pyjamas,,,
374,Qualifier Play-In,6,,1001,Team Heretics,,,
374,Qualifier Play-In,7,,1209,Guild Esports,,,
374,Qualifier Play-In,8,,2059,Team Vitality,,,
374,Qualifier Play-In,9,,3541,KLATWA,,,
374,Qualifier Play-In,10,,2304,Giants Gaming,,,
374,Qualifier Play-In,11,,3082,Lasagna Beam,,,
374,Qualifier Play-In,12,,474,Team Liquid,,,
374,Qualifier Play-In,13,,3303,volvo peek,,,
374,Qualifier Play-In,14,,324,Wave Esports,,,
374,Qualifier Play-In,15,,2593,FNATIC,,,
374,Qualifier Play-In,16,,2373,Rix.GG Thunder,,,
387,Main Event,1,8000.0,108,forZe,,,
387,Main Event,2,5000.0,1020,CrowСrowd,,,
387,Main Event,3,2500.0,10094,GMT Esports,,,
387,Main Event,4,2500.0,1341,Team Singularity,,,
387,Main Event,5,,2049,Team Divinity,,,
387,Main Event,6,,604,Aim.Attack,,,
387,Main Event,7,,6267,One Breath Gaming,,,
387,Main Event,8,,682,Gambit Esports,,,
387,Qualifier Play-In,1,,108,forZe,,,
387,Qualifier Play-In,2,,1341,Team Singularity,,,
387,Qualifier Play-In,3,,682,Gambit Esports,,,
387,Qualifier Play-In,4,,10094,GMT Esports,,,
387,Qualifier Play-In,5,,6267,One Breath Gaming,,,
387,Qualifier Play-In,6,,604,Aim.Attack,,,
387,Qualifier Play-In,7,,1020,CrowСrowd,,,
387,Qualifier Play-In,8,,2049,Team Divinity,,,
388,Main Event,1,8000.0,1184,FUT Esports,,,
388,Main Event,2,5000.0,921,Oxygen Esports,,,
388,Main Event,3,2500.0,397,BBL Esports,,,
388,Main Event,4,2500.0,3261,Kafalar eSports,,,
388,Main Event,5,,3725,MORE Esports,,,
388,Main Event,6,,5310,Fenerbahçe Esports,,,
388,Main Event,7,,1453,OtherSide,,,
388,Main Event,8,,935,Anatolia Esports,,,
388,Qualifier Play-In,1,,1184,FUT Esports,,,
388,Qualifier Play-In,2,,921,Oxygen Esports,,,
388,Qualifier Play-In,3,,5310,Fenerbahçe Esports,,,
388,Qualifier Play-In,4,,3261,Kafalar eSports,,,
388,Qualifier Play-In,5,,397,BBL Esports,,,
388,Qualifier Play-In,6,,3725,MORE Esports,,,
388,Qualifier Play-In,7,,935,Anatolia Esports,,,
388,Qualifier Play-In,8,,1453,OtherSide,,,
385,Main Event,1,60000.0,1932,Hashira,,,
385,Main Event,2,30000.0,6389,Bren Esports,,,
385,Main Event,3,15000.0,2747,ex-SV Empire,,,
385,Main Event,4,15000.0,2746,6045Pirates,,,
385,Main Event,5,5000.0,1926,SE ATLAS,,,
385,Main Event,6,5000.0,3692,Walküre,,,
385,Main Event,7,5000.0,1929,KADILIMAN,,,
385,Main Event,8,5000.0,3717,Galaxy Racer,,,
385,Qualifier 1,1,,2747,ex-SV Empire,,,
385,Qualifier 1,2,,1932,Hashira,,,
385,Qualifier 1,3,,1929,KADILIMAN,,,
385,Qualifier 1,4,,1926,SE ATLAS,,,
385,Qualifier 2,1,,3717,Galaxy Racer,,,
385,Qualifier 2,2,,3692,Walküre,,,
385,Qualifier 2,3,,2746,6045Pirates,,,
384,Main Event,1,2000.0,904,CBT Gaming,,,
384,Main Event,2,1000.0,3546,KPC Computer Studio,,,
384,Main Event,3,500.0,2303,Lightning,,,
384,Main Event,4,500.0,3107,Griffin E-Sports,,,
384,Main Event,5,250.0,3179,Anti Eco Eco Club,,,
384,Main Event,6,250.0,3490,LP33,,,
384,Main Event,7,250.0,3700,Shi Shui Wen,,,
384,Main Event,8,250.0,6397,Five Ace Esports,,,
384,Qualifier,1,,3546,KPC Computer Studio,,,
384,Qualifier,2,,3179,Anti Eco Eco Club,,,
384,Qualifier,3,,3107,Griffin E-Sports,,,
384,Qualifier,4,,3490,LP33,,,
384,Qualifier,5,,904,CBT Gaming,,,
384,Qualifier,6,,3700,Shi Shui Wen,,,
384,Qualifier,7,,6397,Five Ace Esports,,,
384,Qualifier,8,,2303,Lightning,,,
386,Main Event,1,27000.0,2112,X10 Esports,,,
386,Main Event,2,20250.0,623,Sharper Esport,,,
386,Main Event,3,16875.0,4050,FULL SENSE,,,
386,Main Event,4,16875.0,1481,NG.Black,,,
386,Main Event,5,13500.0,3691,Suradech Gaming,,,
386,Main Event,6,13500.0,2270,Foxy Araikordai,,,
386,Main Event,7,13500.0,3689,2red,,,
386,Main Event,8,13500.0,1485,Aricat Esport Family,,,
386,Qualifier,1,,623,Sharper Esport,,,
386,Qualifier,2,,2270,Foxy Araikordai,,,
386,Qualifier,3,,4050,FULL SENSE,,,
386,Qualifier,4,,3689,2red,,,
386,Qualifier,5,,3691,Suradech Gaming,,,
386,Qualifier,6,,1485,Aricat Esport Family,,,
379,Main Event,1,10000000.0,466,BOOM Esports,,,
379,Main Event,2,5000000.0,1110,Alter Ego,,,
379,Main Event,3,3000000.0,1915,NXL LIGAGAME,,,
379,Main Event,4,2000000.0,3652,Morph Impact,,,
379,Main Event,5,1000000.0,2031,KINGSLAYERS,,,
379,Main Event,6,1000000.0,2814,Bigetron Arctic,,,
379,Main Event,7,1000000.0,2568,Ethereal,,,
379,Main Event,8,1000000.0,1700,XcN Gaming,,,
379,Qualifier,1,,1110,Alter Ego,,,
379,Qualifier,2,,1700,XcN Gaming,,,
379,Qualifier,3,,2814,Bigetron Arctic,,,
379,Qualifier,4,,3652,Morph Impact,,,
379,Qualifier,5,,2031,KINGSLAYERS,,,
379,Qualifier,6,,2568,Ethereal,,,
373,Main Event,1,6400.0,1919,Kingsmen,,,
373,Main Event,2,3200.0,624,Paper Rex,,,
373,Main Event,3,2000.0,1942,Team 600,,,
373,Main Event,4,1000.0,617,Team SMG,,,
373,Main Event,5,,627,Team LZ,,,
373,Main Event,6,,3348,Orgless,,,
373,Main Event,7,,1951,Wulf Esports,,,
373,Main Event,8,,1921,Zero Synergy,,,
373,Last Chance Qualifiers,1,,1942,Team 600,,,
373,Last Chance Qualifiers,2,,1951,Wulf Esports,,,
373,Last Chance Qualifiers,3,,1921,Zero Synergy,,,
373,Last Chance Qualifiers,4,,3615,noGAMESENSE,,,
373,Qualifiers,1,,627,Team LZ,,,
373,Qualifiers,2,,3348,Orgless,,,
373,Qualifiers,3,,624,Paper Rex,,,
373,Qualifiers,4,,1919,Kingsmen,,,
373,Qualifiers,5,,3615,noGAMESENSE,,,
373,Qualifiers,6,,1946,Zero Synergy White,,,
373,Qualifiers,7,,1942,Team 600,,,
373,Qualifiers,8,,1951,Wulf Esports,,,
391,Main Event,1,8000.0,682,Gambit Esports,,,
391,Main Event,2,5000.0,6267,One Breath Gaming,,,
391,Main Event,3,2500.0,1020,CrowСrowd,,,
391,Main Event,4,2500.0,108,forZe,,,
391,Main Event,5,,10094,GMT Esports,,,
391,Main Event,6,,604,Aim.Attack,,,
391,Main Event,7,,1341,Team Singularity,,,
391,Main Event,8,,3808,1280x960,,,
391,Qualifier Play-In,1,,682,Gambit Esports,,,
391,Qualifier Play-In,2,,6267,One Breath Gaming,,,
391,Qualifier Play-In,3,,604,Aim.Attack,,,
391,Qualifier Play-In,4,,3808,1280x960,,,
391,Qualifier Play-In,5,,3997,EZclap,,,
391,Qualifier Play-In,6,,3952,DAT,,,
391,Qualifier Play-In,7,,2118,TooManyQuestions,,,
391,Qualifier Play-In,8,,488,tyeasy,,,
363,Main Event,1,15000.0,420,Team Vikings,,,
363,Main Event,2,15000.0,2406,FURIA,,,
363,Main Event,3,10000.0,2428,SLICK,,,
363,Main Event,4,10000.0,3512,Sharks Esports,,,
363,Main Event,5,,243,Gamelanders Blue,,,
363,Main Event,6,,1830,Vorax,,,
363,Main Event,7,,2343,Rise Gaming,,,
363,Main Event,8,,3222,FREEAGENTS,,,
363,Open Qual,1,,1830,Vorax,,,
363,Open Qual,2,,2343,Rise Gaming,,,
363,Open Qual,3,,3512,Sharks Esports,,,
363,Open Qual,4,,420,Team Vikings,,,
363,Open Qual,5,,2406,FURIA,,,
363,Open Qual,6,,3222,FREEAGENTS,,,
363,Open Qual,7,,2428,SLICK,,,
363,Open Qual,8,,243,Gamelanders Blue,,,
340,Main Event: LAN,1,15000.0,4094,Six Karma,100.0,11.0,
340,Main Event: LAN,2,7500.0,724,E-Xolos LAZER,70.0,7.7,
340,Main Event: LAN,3,3750.0,3322,Border Monsters,45.0,4.95,
340,Main Event: LAN,4,3750.0,363,INFINITY,45.0,4.95,
340,Main Event: LAN,5,,1991,Akave Esports,20.0,2.2,
340,Main Event: LAN,6,,3129,Reven Esports,20.0,2.2,
340,Main Event: LAN,7,,3125,Funkboings,10.0,1.1,
340,Main Event: LAN,8,,777,Kaizen Esports,10.0,1.1,
340,Main Event: LAS,1,15000.0,719,Australs,100.0,11.0,
340,Main Event: LAS,2,7500.0,644,Wygers Argentina,70.0,7.7,
340,Main Event: LAS,3,3750.0,361,Furious Gaming,45.0,4.95,
340,Main Event: LAS,4,3750.0,2355,KRÜ Esports,45.0,4.95,
340,Main Event: LAS,5,,2358,Stampede Gaming,20.0,2.2,
340,Main Event: LAS,6,,367,9z Team,20.0,2.2,
340,Main Event: LAS,7,,3942,Meta Gaming,10.0,1.1,
340,Main Event: LAS,8,,2354,Optix,10.0,1.1,
338,Tournament,1,90000.0,420,Team Vikings,100.0,11.0,
338,Tournament,2,60000.0,243,Gamelanders Blue,70.0,7.7,
338,Tournament,3,30000.0,203,paiN Gaming,45.0,4.95,
338,Tournament,4,30000.0,2406,FURIA,45.0,4.95,
338,Tournament,5,10000.0,3512,Sharks Esports,20.0,2.2,
338,Tournament,6,10000.0,1830,Vorax,20.0,2.2,
338,Tournament,7,10000.0,1911,Imperial Esports,20.0,2.2,
338,Tournament,8,10000.0,2428,SLICK,20.0,2.2,
333,Main Event,1,60000.0,2,Sentinels,100.0,11.0,
333,Main Event,2,30000.0,337,FaZe Clan,70.0,7.7,
333,Main Event,3,15000.0,17,Gen.G,50.0,5.5,
333,Main Event,4,15000.0,427,ENVY,35.0,3.85,
333,Main Event,5,7500.0,642,Luminosity,20.0,2.2,
333,Main Event,6,7500.0,120,100 Thieves,20.0,2.2,
333,Main Event,7,7500.0,103,Immortals,10.0,1.1,
333,Main Event,8,7500.0,533,XSET,10.0,1.1,
334,Main Event,1,60000.0,3531,Acend,100.0,11.0,
334,Main Event,2,30000.0,1001,Team Heretics,70.0,7.7,
334,Main Event,3,15000.0,628,FunPlus Phoenix,45.0,4.95,
334,Main Event,4,15000.0,1209,Guild Esports,45.0,4.95,
334,Main Event,5,10000.0,3908,Team BDS,20.0,2.2,
334,Main Event,6,10000.0,3,Ninjas in Pyjamas,20.0,2.2,
334,Main Event,7,5000.0,2533,Alliance,10.0,1.1,
334,Main Event,8,5000.0,2566,Ballista,10.0,1.1,
342,Main Event,1,30000.0,1184,FUT Esports,100.0,11.0,
342,Main Event,2,15000.0,397,BBL Esports,70.0,7.7,
342,Main Event,3,7500.0,1913,RARE Esports,45.0,4.95,
342,Main Event,4,7500.0,921,Oxygen Esports,45.0,4.95,
342,Main Event,5,5000.0,2416,Cyber Skull Esports,20.0,2.2,
342,Main Event,6,5000.0,6132,İstanbul Wildcats,20.0,2.2,
342,Main Event,7,2500.0,1453,OtherSide,10.0,1.1,
342,Main Event,8,2500.0,1675,Zero Zone,10.0,1.1,
344,Main Event,1,30000.0,682,Gambit Esports,100.0,11.0,
344,Main Event,2,15000.0,108,forZe,70.0,7.7,
344,Main Event,3,7500.0,1020,CrowСrowd,45.0,4.95,
344,Main Event,4,7500.0,10094,GMT Esports,45.0,4.95,
344,Main Event,5,5000.0,6267,One Breath Gaming,20.0,2.2,
344,Main Event,6,5000.0,1341,Team Singularity,20.0,2.2,
344,Main Event,7,2500.0,2049,Team Divinity,10.0,1.1,
344,Main Event,8,2500.0,488,tyeasy,10.0,1.1,
351,Playoffs,1,40000.0,198,Vision Strikers,100.0,11.0,
351,Playoffs,2,20000.0,2328,NUTURN,70.0,7.7,
351,Playoffs,3,10000.0,2933,MUYAHO,45.0,4.95,
351,Playoffs,4,10000.0,2542,DAMWON Gaming,45.0,4.95,
351,Group Stage,5,6000.0,1970,TNL Esports,20.0,11.0,
351,Group Stage,6,6000.0,2806,GoNGo Prince,20.0,11.0,
351,Group Stage,7,4000.0,2548,APEX PEOPLE,10.0,5.5,
351,Group Stage,8,4000.0,1670,F4Q,10.0,5.5,
347,Main Event,1,25000.0,2112,X10 Esports,100.0,11.0,
347,Main Event,2,10000.0,617,Team SMG,70.0,7.7,
347,Main Event,3,5000.0,3546,KPC Computer Studio,45.0,4.95,
347,Main Event,4,5000.0,466,BOOM Esports,45.0,4.95,
347,Main Event,5,1250.0,4050,FULL SENSE,20.0,2.2,
347,Main Event,6,1250.0,6389,Bren Esports,20.0,2.2,
347,Main Event,7,1250.0,3717,Galaxy Racer,20.0,2.2,
347,Main Event,8,1250.0,1915,NXL LIGAGAME,20.0,2.2,
352,Main Event,1,3000000.0,277,Crazy Raccoon,100.0,11.0,
352,Main Event,2,1000000.0,279,Absolute JUPITER,70.0,7.7,
352,Main Event,3,400000.0,104,REJECT,50.0,5.5,
352,Main Event,4,200000.0,516,FAV gaming,35.0,3.85,
352,Main Event,5,100000.0,280,LAG Gaming,20.0,2.2,
352,Main Event,6,100000.0,1734,FIRST Gaming,20.0,2.2,
352,Main Event,7,100000.0,2108,BLUE BEES.ESP,10.0,1.1,
352,Main Event,8,100000.0,2934,FENNEL,10.0,1.1,
297,Finals,1,4000.0,1208,ORDER,100.0,11.0,
297,Finals,2,3000.0,591,Mindfreak,85.0,9.35,
297,Finals,3,2000.0,3279,Straight Outta The Zoo,70.0,7.7,
297,Finals,4,1000.0,1319,Funcrew,55.0,6.05,
297,Finals,5,,1696,Wildcard Gaming,30.0,3.3,
297,Finals,6,,1352,Dire Wolves,30.0,3.3,
297,Finals,7,,2826,Kanga Esports,30.0,3.3,
297,Finals,8,,435,OverPalaStrike,30.0,3.3,
297,Last Chance,1,,3279,Straight Outta The Zoo,,,
297,Last Chance,2,,435,OverPalaStrike,,,
297,Last Chance,3,,865,Paradox Esports,,,
297,Closed Qual #2,1,,2286,ex-EXO Clan,,,
297,Closed Qual #2,2,,1319,Funcrew,,,
297,Closed Qual #2,3,,2826,Kanga Esports,,,
297,Closed Qual #2,4,,591,Mindfreak,,,
297,Closed Qual #2,5,,27,Shidiots,,,
297,Closed Qual #2,6,,865,Paradox Esports,,,
297,Closed Qual #2,7,,435,OverPalaStrike,,,
297,Closed Qual #2,8,,3279,Straight Outta The Zoo,,,
297,Closed Qual #1,1,,1208,ORDER,,,
297,Closed Qual #1,2,,2900,Demon,,,
297,Closed Qual #1,3,,1696,Wildcard Gaming,,,
297,Closed Qual #1,4,,1352,Dire Wolves,,,
297,Closed Qual #1,5,,865,Paradox Esports,,,
297,Closed Qual #1,6,,2826,Kanga Esports,,,
297,Closed Qual #1,7,,591,Mindfreak,,,
297,Closed Qual #1,8,,435,OverPalaStrike,,,
348,Main Event,1,4000.0,3106,Looking For Sponsor,,,
348,Main Event,2,2000.0,6397,Five Ace Esports,,,
348,Main Event,5,500.0,3184,All Born to Clutch,,,
348,Main Event,6,500.0,3112,TRAITORS,,,
348,Main Event,7,500.0,3490,LP33,,,
348,Main Event,8,500.0,3107,Griffin E-Sports,,,
348,Qualifier,1,,3184,All Born to Clutch,,,
348,Qualifier,2,,3490,LP33,,,
348,Qualifier,3,,3112,TRAITORS,,,
348,Qualifier,4,,3107,Griffin E-Sports,,,
349,Main Event,1,18000.0,2112,X10 Esports,,,
349,Main Event,2,13500.0,4210,Made in Thailand,,,
349,Main Event,3,11250.0,623,Sharper Esport,,,
349,Main Event,4,11250.0,4050,FULL SENSE,,,
349,Main Event,5,9000.0,3164,Not Ready,,,
349,Main Event,6,9000.0,2270,Foxy Araikordai,,,
349,Main Event,7,9000.0,989,LYNX TH,,,
349,Main Event,8,9000.0,1106,Overtime Esports,,,
349,Qualifier,1,,4210,Made in Thailand,,,
349,Qualifier,2,,3164,Not Ready,,,
349,Qualifier,3,,989,LYNX TH,,,
349,Qualifier,4,,2270,Foxy Araikordai,,,
349,Qualifier,5,,1106,Overtime Esports,,,
296,Main Event,1,30000000.0,466,BOOM Esports,,,
296,Main Event,2,20000000.0,1110,Alter Ego,,,
296,Main Event,3,15000000.0,2032,ONIC G,,,
296,Main Event,4,10000000.0,2814,Bigetron Arctic,,,
296,Main Event,5,1000000.0,3132,ANARCHY,,,
296,Main Event,6,1000000.0,2569,Seniman Grooming,,,
296,Main Event,7,1000000.0,1700,XcN Gaming,,,
296,Main Event,8,1000000.0,1698,ex-AING MAUNG Esports,,,
296,Qualifier,1,,2032,ONIC G,,,
296,Qualifier,2,,1698,ex-AING MAUNG Esports,,,
296,Qualifier,3,,2569,Seniman Grooming,,,
296,Qualifier,4,,3132,ANARCHY,,,
296,Qualifier,5,,2814,Bigetron Arctic,,,
294,Playoffs,1,6400.0,617,Team SMG,,,
294,Playoffs,2,3200.0,3524,Timing Monster Gaming,,,
294,Playoffs,3,2000.0,3348,Orgless,,,
294,Playoffs,4,1000.0,624,Paper Rex,,,
294,Playoffs,5,,1942,Team 600,,,
294,Playoffs,6,,1919,Kingsmen,,,
294,Playoffs,7,,2532,Louvre,,,
294,Playoffs,8,,3505,Tengkorak,,,
294,Qualifiers,1,,617,Team SMG,,,
294,Qualifiers,2,,3505,Tengkorak,,,
294,Qualifiers,3,,2532,Louvre,,,
294,Qualifiers,4,,1942,Team 600,,,
294,Qualifiers,5,,3353,Chicken Rice Sedap,,,
294,Qualifiers,6,,2821,Team Coxlong,,,
294,Qualifiers,7,,2921,Mantou,,,
294,Qualifiers,8,,3355,ALLG,,,
324,Main Event,1,20000.0,337,FaZe Clan,,,
324,Main Event,2,10000.0,120,100 Thieves,,,
324,Main Event,3,7000.0,642,Luminosity,,,
324,Main Event,4,5000.0,17,Gen.G,,,
324,Main Event,5,3000.0,1034,NRG,,,
324,Main Event,6,3000.0,106,TSM,,,
324,Main Event,7,1000.0,14,T1,,,
324,Main Event,8,1000.0,3187,Kooky Koalas,,,
324,Qualifier,1,,106,TSM,,,
324,Qualifier,2,,1034,NRG,,,
324,Qualifier,3,,14,T1,,,
324,Qualifier,4,,3187,Kooky Koalas,,,
324,Qualifier,5,,631,beastcoast,,,
324,Qualifier,6,,188,Cloud9,,,
324,Qualifier,7,,382,Demon Time,,,
324,Qualifier,8,,2815,Version1,,,
326,Main Event,1,15000.0,1911,Imperial Esports,,,
326,Main Event,2,15000.0,3512,Sharks Esports,,,
326,Main Event,3,10000.0,203,paiN Gaming,,,
326,Main Event,4,10000.0,2428,SLICK,,,
326,Main Event,5,,889,DELIRAWOW,,,
326,Main Event,6,,2343,Rise Gaming,,,
326,Main Event,7,,3222,FREEAGENTS,,,
326,Main Event,8,,7309,B4 Esports,,,
326,Open Qual,1,,2440,Squad5,,,
326,Open Qual,2,,3222,FREEAGENTS,,,
326,Open Qual,3,,203,paiN Gaming,,,
326,Open Qual,4,,889,DELIRAWOW,,,
339,Main Event,1,4375.0,2416,Cyber Skull Esports,,,
339,Main Event,2,4375.0,1913,RARE Esports,,,
339,Main Event,3,4375.0,1184,FUT Esports,,,
339,Main Event,4,4375.0,1675,Zero Zone,,,
339,Main Event,5,,6132,İstanbul Wildcats,,,
339,Main Event,6,,935,Anatolia Esports,,,
339,Main Event,7,,3261,Kafalar eSports,,,
339,Main Event,8,,2036,Beşiktaş Esports,,,
328,Main Event,1,8750.0,1209,Guild Esports,,,
328,Main Event,2,8750.0,1982,DfuseTeam,,,
328,Main Event,3,8750.0,2566,Ballista,,,
328,Main Event,4,8750.0,2577,Raise Your Edge,,,
328,Main Event,5,,2965,OG,,,
328,Main Event,6,,2593,FNATIC,,,
328,Main Event,7,,257,G2 Esports,,,
328,Main Event,8,,324,Wave Esports,,,
328,Qualifier Play-in,1,,1209,Guild Esports,,,
328,Qualifier Play-in,2,,1982,DfuseTeam,,,
328,Qualifier Play-in,3,,2566,Ballista,,,
328,Qualifier Play-in,4,,2577,Raise Your Edge,,,
328,Qualifier Play-in,5,,2819,Entropiq,,,
328,Qualifier Play-in,6,,2304,Giants Gaming,,,
328,Qualifier Play-in,7,,2562,HONK,,,
328,Qualifier Play-in,8,,2373,Rix.GG Thunder,,,
343,Main Event,1,4375.0,488,tyeasy,,,
343,Main Event,2,4375.0,10094,GMT Esports,,,
343,Main Event,3,4375.0,108,forZe,,,
343,Main Event,4,4375.0,1341,Team Singularity,,,
343,Main Event,5,,3371,Deja Vu,,,
343,Main Event,6,,3250,Shingeki No Kyojin,,,
343,Main Event,7,,2118,TooManyQuestions,,,
343,Main Event,8,,1266,Jeremiah,,,
350,Main Event,1,60000.0,1934,ArkAngel,,,
350,Main Event,2,30000.0,2957,The First Order,,,
350,Main Event,3,20000.0,3136,Oasis Gaming,,,
350,Main Event,4,20000.0,3504,DR Esports,,,
350,Main Event,5,,1926,SE ATLAS,,,
350,Main Event,6,,2747,ex-SV Empire,,,
350,Main Event,7,,2749,DreamFyre,,,
350,Main Event,8,,1932,Hashira,,,
350,Qualifier 1,1,,1926,SE ATLAS,,,
350,Qualifier 1,2,,2956,Org Not Found,,,
350,Qualifier 1,3,,2749,DreamFyre,,,
350,Qualifier 2,1,,2747,ex-SV Empire,,,
350,Qualifier 2,2,,2957,The First Order,,,
336,Main Event,1,4000000.0,2548,APEX PEOPLE,,,
336,Main Event,2,4000000.0,2542,DAMWON Gaming,,,
336,Main Event,3,3000000.0,1970,TNL Esports,,,
336,Main Event,4,3000000.0,1670,F4Q,,,
336,Main Event,5,2000000.0,1140,TUBEPLE Gaming,,,
336,Main Event,6,2000000.0,1025,ZFGaming,,,
336,Main Event,7,1000000.0,2554,World Game Star,,,
336,Main Event,8,1000000.0,3314,Hamtories,,,
336,Open Qualifier,1,,1670,F4Q,,,
336,Open Qualifier,2,,3314,Hamtories,,,
336,Open Qualifier,3,,2548,APEX PEOPLE,,,
336,Open Qualifier,4,,1140,TUBEPLE Gaming,,,
336,Open Qualifier,5,,3311,I need Girlfriend,,,
336,Open Qualifier,6,,2765,v0rteX 5,,,
336,Open Qualifier,7,,2549,GCA A TEAM,,,
336,Open Qualifier,6,,3315,Mujig 100su,,,
345,Main Event,1,,104,REJECT,,,
345,Main Event,2,,2934,FENNEL,,,
345,Main Event,3,,280,LAG Gaming,,,
345,Main Event,4,,2108,BLUE BEES.ESP,,,
345,Main Event,5,,1732,Novagis Gaming,,,
345,Main Event,6,,283,Sengoku Gaming,,,
345,Main Event,7,,282,SCARZ,,,
345,Main Event,8,,3275,Hexad,,,
323,Main Event: LAN,1,2500.0,1991,Akave Esports,,,
323,Main Event: LAN,2,1500.0,777,Kaizen Esports,,,
323,Main Event: LAN,3,500.0,3129,Reven Esports,,,
323,Main Event: LAN,4,500.0,3125,Funkboings,,,
323,Main Event: LAN,5,,2606,PÊEK Gaming,,,
323,Main Event: LAN,6,,2363,Pro Hub Gaming,,,
323,Main Event: LAN,7,,374,Arctic Gaming Mexico,,,
323,Main Event: LAN,8,,2602,WALTEM Gaming,,,
323,Open Qual: LAN,1,,3125,Funkboings,,,
323,Open Qual: LAN,2,,3129,Reven Esports,,,
323,Open Qual: LAN,3,,2606,PÊEK Gaming,,,
323,Open Qual: LAN,4,,1991,Akave Esports,,,
323,Main Event: LAS,1,2500.0,2358,Stampede Gaming,,,
323,Main Event: LAS,2,1500.0,367,9z Team,,,
323,Main Event: LAS,3,500.0,676,Meta Gaming,,,
323,Main Event: LAS,4,500.0,2354,Optix,,,
323,Main Event: LAS,5,,2359,LEVIATÁN,,,
323,Main Event: LAS,6,,645,Procyon Team,,,
323,Main Event: LAS,7,,2431,Typhoon,,,
323,Main Event: LAS,8,,1988,Aracne Esports,,,
323,Open Qual: LAS,1,,1988,Aracne Esports,,,
323,Open Qual: LAS,2,,2359,LEVIATÁN,,,
323,Open Qual: LAS,3,,2431,Typhoon,,,
323,Open Qual: LAS,4,,645,Procyon Team,,,
327,Main Event,1,4375.0,2909,No Org Found,,,
327,Main Event,2,4375.0,397,BBL Esports,,,
327,Main Event,3,4375.0,1453,OtherSide,,,
327,Main Event,4,4375.0,921,Oxygen Esports,,,
327,Main Event,5,,6132,İstanbul Wildcats,,,
327,Main Event,6,,1184,FUT Esports,,,
327,Main Event,7,,1913,RARE Esports,,,
327,Main Event,8,,2416,Cyber Skull Esports,,,
327,Open Qualifier,1,,2909,No Org Found,,,
327,Open Qualifier,2,,1913,RARE Esports,,,
327,Open Qualifier,3,,1453,OtherSide,,,
327,Open Qualifier,4,,6132,İstanbul Wildcats,,,
327,Open Qualifier,5,,1675,Zero Zone,,,
327,Open Qualifier,6,,3265,Elektronik Denetleme Sistem,,,
327,Open Qualifier,7,,1238,Designated,,,
327,Open Qualifier,8,,2908,Thunderbolts Gaming,,,
330,Main Event,1,4375.0,6267,One Breath Gaming,,,
330,Main Event,2,4375.0,682,Gambit Esports,,,
330,Main Event,3,4375.0,1020,CrowСrowd,,,
330,Main Event,4,4375.0,2049,Team Divinity,,,
330,Main Event,5,,1341,Team Singularity,,,
330,Main Event,6,,108,forZe,,,
330,Main Event,7,,10094,GMT Esports,,,
330,Main Event,8,,488,tyeasy,,,
330,Qualifier Play-in,1,,10094,GMT Esports,,,
330,Qualifier Play-in,2,,488,tyeasy,,,
330,Qualifier Play-in,3,,2049,Team Divinity,,,
330,Qualifier Play-in,4,,108,forZe,,,
330,Qualifier Play-in,5,,2317,5up,,,
330,Qualifier Play-in,6,,2398,Project X,,,
330,Qualifier Play-in,7,,2891,Trident Clan,,,
330,Qualifier Play-in,8,,2835,Ksenox,,,
330,Open Qualifier,1,,488,tyeasy,,,
330,Open Qualifier,2,,2891,Trident Clan,,,
330,Open Qualifier,3,,2835,Ksenox,,,
330,Open Qualifier,4,,10094,GMT Esports,,,
330,Open Qualifier,5,,108,forZe,,,
330,Open Qualifier,6,,2317,5up,,,
330,Open Qualifier,7,,2049,Team Divinity,,,
330,Open Qualifier,8,,2398,Project X,,,
325,Main Event,1,2000.0,3179,Anti Eco Eco Club,,,
325,Main Event,2,1000.0,3106,Looking For Sponsor,,,
325,Main Event,3,500.0,904,CBT Gaming,,,
325,Main Event,4,500.0,6397,Five Ace Esports,,,
325,Main Event,5,250.0,3112,TRAITORS,,,
325,Main Event,6,250.0,3182,Wolfpack,,,
325,Main Event,7,250.0,3184,All Born to Clutch,,,
325,Main Event,8,250.0,3107,Griffin E-Sports,,,
295,Main Event,1,30000000.0,1915,NXL LIGAGAME,,,
295,Main Event,2,20000000.0,466,BOOM Esports,,,
295,Main Event,3,15000000.0,1700,XcN Gaming,,,
295,Main Event,4,10000000.0,1110,Alter Ego,,,
295,Main Event,5,1000000.0,2569,Seniman Grooming,,,
295,Main Event,6,1000000.0,3155,WOLFPACK,,,
295,Main Event,7,1000000.0,2030,ex-Reckless Lads,,,
295,Main Event,8,1000000.0,2814,Bigetron Arctic,,,
295,Qualifier,1,,1700,XcN Gaming,,,
295,Qualifier,2,,2030,ex-Reckless Lads,,,
295,Qualifier,3,,3155,WOLFPACK,,,
295,Qualifier,4,,1915,NXL LIGAGAME,,,
331,Main Event,1,,279,Absolute JUPITER,,,
331,Main Event,2,,277,Crazy Raccoon,,,
331,Main Event,3,,1734,FIRST Gaming,,,
331,Main Event,4,,516,FAV gaming,,,
331,Main Event,5,,3275,Hexad,,,
331,Main Event,6,,104,REJECT,,,
331,Main Event,7,,1732,Novagis Gaming,,,
331,Main Event,8,,2108,BLUE BEES.ESP,,,
293,Playoffs,1,6400.0,2150,JustLose,,,
293,Playoffs,2,3200.0,958,Reality Rift,,,
293,Playoffs,3,2000.0,1919,Kingsmen,,,
293,Playoffs,4,1000.0,624,Paper Rex,,,
293,Playoffs,5,,617,Team SMG,,,
293,Playoffs,6,,2505,Looking For Org,,,
293,Playoffs,7,,2509,XIAO,,,
293,Playoffs,8,,2532,Louvre,,,
293,Qualifiers,1,,624,Paper Rex,,,
293,Qualifiers,2,,2150,JustLose,,,
293,Qualifiers,3,,2505,Looking For Org,,,
293,Qualifiers,4,,2532,Louvre,,,
293,Qualifiers,5,,2921,Mantou,,,
293,Qualifiers,6,,1978,XenoFrost,,,
293,Qualifiers,7,,1942,Team 600,,,
293,Qualifiers,8,,879,Todak,,,
318,Main Event,1,18000.0,1481,NG.Black,,,
318,Main Event,2,13500.0,2112,X10 Esports,,,
318,Main Event,3,11250.0,4050,FULL SENSE,,,
318,Main Event,4,11250.0,623,Sharper Esport,,,
318,Main Event,5,9000.0,1106,Overtime Esports,,,
318,Main Event,6,9000.0,2742,OhMyGirl,,,
318,Main Event,7,9000.0,1485,Aricat Esport Family,,,
318,Main Event,8,9000.0,2270,Foxy Araikordai,,,
306,Main Event,1,20000.0,427,ENVY,,,
306,Main Event,2,10000.0,2,Sentinels,,,
306,Main Event,3,7000.0,103,Immortals,,,
306,Main Event,4,5000.0,533,XSET,,,
306,Main Event,5,3000.0,642,Luminosity,,,
306,Main Event,6,3000.0,120,100 Thieves,,,
306,Main Event,7,1000.0,17,Gen.G,,,
306,Main Event,8,1000.0,337,FaZe Clan,,,
306,Qualifier,1,,120,100 Thieves,,,
306,Qualifier,2,,337,FaZe Clan,,,
306,Qualifier,3,,17,Gen.G,,,
306,Qualifier,4,,427,ENVY,,,
306,Qualifier,5,,468,Renegades,,,
306,Qualifier,6,,106,TSM,,,
306,Qualifier,7,,473,Built By Gamers,,,
306,Qualifier,8,,856,Andbox,,,
302,Main Event: LAN,1,2500.0,1831,LDM Esports,,,
302,Main Event: LAN,2,1000.0,724,E-Xolos LAZER,,,
302,Main Event: LAN,3,500.0,363,INFINITY,,,
302,Main Event: LAN,4,500.0,2365,Buscando Org,,,
302,Main Event: LAN,5,,374,Arctic Gaming Mexico,,,
302,Main Event: LAN,6,,2363,Pro Hub Gaming,,,
302,Main Event: LAN,7,,777,Kaizen Esports,,,
302,Main Event: LAN,8,,2602,WALTEM Gaming,,,
302,Main Event: LAS,1,2500.0,719,Australs,,,
302,Main Event: LAS,2,1000.0,644,Wygers Argentina,,,
302,Main Event: LAS,3,500.0,2355,KRÜ Esports,,,
302,Main Event: LAS,4,500.0,361,Furious Gaming,,,
302,Main Event: LAS,5,,2358,Stampede Gaming,,,
302,Main Event: LAS,6,,2354,Optix,,,
302,Main Event: LAS,7,,676,Meta Gaming,,,
302,Main Event: LAS,8,,367,9z Team,,,
301,Main Event,1,15000.0,243,Gamelanders Blue,,,
301,Main Event,2,15000.0,1830,Vorax,,,
301,Main Event,3,10000.0,2406,FURIA,,,
301,Main Event,4,10000.0,420,Team Vikings,,,
301,Main Event,5,,2343,Rise Gaming,,,
301,Main Event,6,,2428,SLICK,,,
301,Main Event,7,,1911,Imperial Esports,,,
301,Main Event,8,,7309,B4 Esports,,,
301,Open Qual,1,,7309,B4 Esports,,,
301,Open Qual,2,,1830,Vorax,,,
301,Open Qual,3,,2343,Rise Gaming,,,
301,Open Qual,4,,243,Gamelanders Blue,,,
320,Main Event,1,8750.0,2533,Alliance,,,
320,Main Event,2,8750.0,3,Ninjas in Pyjamas,,,
320,Main Event,3,8750.0,628,FunPlus Phoenix,,,
320,Main Event,4,8750.0,1001,Team Heretics,,,
320,Main Event,5,,2965,OG,,,
320,Main Event,6,,2593,FNATIC,,,
320,Main Event,7,,257,G2 Esports,,,
320,Main Event,8,,324,Wave Esports,,,
307,Main Event,1,4000000.0,198,Vision Strikers,,,
307,Main Event,2,4000000.0,2933,MUYAHO,,,
307,Main Event,3,3000000.0,2328,NUTURN,,,
307,Main Event,4,3000000.0,2806,GoNGo Prince,,,
307,Main Event,5,2000000.0,1025,ZFGaming,,,
307,Main Event,6,2000000.0,1970,TNL Esports,,,
307,Main Event,7,1000000.0,2554,World Game Star,,,
307,Main Event,8,1000000.0,2542,DAMWON Gaming,,,
316,Main Event,1,,104,REJECT,,,
316,Main Event,2,,279,Absolute JUPITER,,,
316,Main Event,3,,1734,FIRST Gaming,,,
316,Main Event,4,,516,FAV gaming,,,
316,Main Event,5,,282,SCARZ,,,
316,Main Event,6,,280,LAG Gaming,,,
316,Main Event,7,,513,BlackBird Ignis,,,
316,Main Event,8,,278,DetonatioN FocusMe,,,
316,Qualifier,1,,516,FAV gaming,,,
316,Qualifier,2,,282,SCARZ,,,
316,Qualifier,3,,1734,FIRST Gaming,,,
316,Qualifier,4,,280,LAG Gaming,,,
317,Main Event,1,120000.0,6389,Bren Esports,,,
317,Main Event,2,50000.0,1934,ArkAngel,,,
317,Main Event,3,20000.0,3136,Oasis Gaming,,,
317,Main Event,4,20000.0,1932,Hashira,,,
317,Main Event,5,,2956,Org Not Found,,,
317,Main Event,6,,2957,The First Order,,,
317,Main Event,7,,2749,DreamFyre,,,
317,Main Event,8,,2747,ex-SV Empire,,,
311,Main Event,1,2500.0,2416,Cyber Skull Esports,,,
311,Main Event,2,2500.0,397,BBL Esports,,,
311,Main Event,3,2500.0,921,Oxygen Esports,,,
311,Main Event,4,2500.0,1184,FUT Esports,,,
311,Main Event,5,,6132,İstanbul Wildcats,,,
311,Main Event,6,,2909,No Org Found,,,
311,Main Event,7,,4762,Galakticos,,,
311,Main Event,8,,5310,Fenerbahçe Esports,,,
311,Qualifier,1,,5310,Fenerbahçe Esports,,,
311,Qualifier,2,,2416,Cyber Skull Esports,,,
311,Qualifier,3,,4762,Galakticos,,,
311,Qualifier,4,,397,BBL Esports,,,
311,Qualifier,5,,1184,FUT Esports,,,
311,Qualifier,6,,6132,İstanbul Wildcats,,,
311,Qualifier,7,,2909,No Org Found,,,
311,Qualifier,8,,921,Oxygen Esports,,,
300,Main Event,1,2500.0,6267,One Breath Gaming,,,
300,Main Event,2,2500.0,682,Gambit Esports,,,
300,Main Event,3,2500.0,1020,CrowСrowd,,,
300,Main Event,4,2500.0,1341,Team Singularity,,,
300,Main Event,5,,488,tyeasy,,,
300,Main Event,6,,2391,Mangal,,,
300,Main Event,7,,10094,GMT Esports,,,
300,Main Event,8,,2307,CISFAITH,,,
291,Main Event,1,20000.0,2,Sentinels,,,
291,Main Event,2,10000.0,103,Immortals,,,
291,Main Event,3,7000.0,642,Luminosity,,,
291,Main Event,4,5000.0,533,XSET,,,
291,Main Event,5,3000.0,17,Gen.G,,,
291,Main Event,6,3000.0,427,ENVY,,,
291,Main Event,7,1000.0,856,Andbox,,,
291,Main Event,8,1000.0,1034,NRG,,,
291,Qualifier,1,,103,Immortals,,,
291,Qualifier,2,,427,ENVY,,,
291,Qualifier,3,,2,Sentinels,,,
291,Qualifier,4,,1034,NRG,,,
291,Qualifier,5,,17,Gen.G,,,
291,Qualifier,6,,642,Luminosity,,,
291,Qualifier,7,,533,XSET,,,
291,Qualifier,8,,856,Andbox,,,
292,Main Event,1,15000.0,2406,FURIA,,,
292,Main Event,2,15000.0,420,Team Vikings,,,
292,Main Event,3,10000.0,2428,SLICK,,,
292,Main Event,4,10000.0,1911,Imperial Esports,,,
292,Main Event,5,,1830,Vorax,,,
292,Main Event,6,,2440,Squad5,,,
292,Main Event,7,,889,DELIRAWOW,,,
292,Main Event,8,,1911,Imperial Esports,,,
292,Open Qual,1,,2406,FURIA,,,
292,Open Qual,2,,1311,Galaxy Carrots,,,
292,Open Qual,3,,2428,SLICK,,,
292,Open Qual,4,,889,DELIRAWOW,,,
292,Open Qual,5,,420,Team Vikings,,,
292,Open Qual,6,,2440,Squad5,,,
292,Open Qual,7,,1830,Vorax,,,
292,Open Qual,8,,1911,Imperial Esports,,,
290,Main Event,1,4375.0,628,FunPlus Phoenix,,,
290,Main Event,2,4375.0,324,Wave Esports,,,
290,Main Event,3,4375.0,2567,Monkey Business,,,
290,Main Event,4,4375.0,3,Ninjas in Pyjamas,,,
290,Main Event,5,,257,G2 Esports,,,
290,Main Event,6,,1209,Guild Esports,,,
290,Main Event,7,,2593,FNATIC,,,
290,Main Event,8,,474,Team Liquid,,,
290,Qualifier Playoffs,1,,324,Wave Esports,,,
290,Qualifier Playoffs,2,,2593,FNATIC,,,
290,Qualifier Playoffs,3,,257,G2 Esports,,,
290,Qualifier Playoffs,4,,628,FunPlus Phoenix,,,
290,Qualifier Playoffs,5,,474,Team Liquid,,,
290,Qualifier Playoffs,6,,2567,Monkey Business,,,
290,Qualifier Playoffs,7,,1209,Guild Esports,,,
290,Qualifier Playoffs,8,,3,Ninjas in Pyjamas,,,
290,Qualifier Playoffs,9,,2351,Warriors,,,
290,Qualifier Playoffs,10,,2059,Team Vitality,,,
290,Qualifier Playoffs,11,,2408,HEET,,,
290,Qualifier Playoffs,12,,2533,Alliance,,,
290,Qualifier Playoffs,13,,1071,unsigned,,,
290,Qualifier Playoffs,14,,2319,NoNamers,,,
290,Qualifier Playoffs,15,,2304,Giants Gaming,,,
290,Qualifier Playoffs,16,,6139,19esports,,,
321,Main Event,1,2000.0,619,Only One Word,,,
321,Main Event,2,1500.0,3106,Looking For Sponsor,,,
321,Main Event,3,500.0,904,CBT Gaming,,,
321,Main Event,4,500.0,6397,Five Ace Esports,,,
321,Main Event,5,250.0,3103,色狗幫,,,
321,Main Event,6,250.0,3107,Griffin E-Sports,,,
321,Main Event,7,250.0,2042,LJG,,,
321,Main Event,8,250.0,3112,TRAITORS,,,
298,Main Event,1,4000000.0,2542,DAMWON Gaming,,,
298,Main Event,2,4000000.0,198,Vision Strikers,,,
298,Main Event,3,3000000.0,2554,World Game Star,,,
298,Main Event,4,3000000.0,1331,BearClaw Gaming,,,
298,Main Event,5,2000000.0,1970,TNL Esports,,,
298,Main Event,6,2000000.0,2546,Hamtori ZunDeZinx,,,
298,Main Event,7,1000000.0,1025,ZFGaming,,,
298,Main Event,8,1000000.0,2561,GOMA,,,
287,Main Event,1,15000000.0,466,BOOM Esports,,,
287,Main Event,2,10000000.0,1110,Alter Ego,,,
287,Main Event,3,7000000.0,2569,Seniman Grooming,,,
287,Main Event,4,6000000.0,3652,Morph Impact,,,
287,Main Event,5,1000000.0,1915,NXL LIGAGAME,,,
287,Main Event,6,1000000.0,2030,ex-Reckless Lads,,,
287,Main Event,7,1000000.0,2573,Noir,,,
287,Main Event,8,1000000.0,2576,Surabaya Esports,,,
287,Qualifier,1,,466,BOOM Esports,,,
287,Qualifier,2,,2569,Seniman Grooming,,,
287,Qualifier,3,,1110,Alter Ego,,,
287,Qualifier,4,,2573,Noir,,,
287,Qualifier,5,,1915,NXL LIGAGAME,,,
287,Qualifier,6,,2030,ex-Reckless Lads,,,
287,Qualifier,7,,3652,Morph Impact,,,
287,Qualifier,8,,2576,Surabaya Esports,,,
304,Main Event,1,20000.0,6389,Bren Esports,,,
304,Main Event,2,10000.0,2747,ex-SV Empire,,,
304,Main Event,3,2500.0,1931,Chimaera,,,
304,Main Event,4,2500.0,2749,DreamFyre,,,
304,Main Event,5,,1934,ArkAngel,,,
304,Main Event,6,,2746,6045Pirates,,,
304,Main Event,7,,1926,SE ATLAS,,,
304,Main Event,8,,1935,Affinity Esports,,,
277,Main Event,1,6400.0,958,Reality Rift,,,
277,Main Event,2,3200.0,617,Team SMG,,,
277,Main Event,3,2000.0,1919,Kingsmen,,,
277,Main Event,4,1000.0,2509,XIAO,,,
277,Main Event,5,,2505,Looking For Org,,,
277,Main Event,6,,879,Todak,,,
277,Main Event,7,,2504,ex-Timing Monster Gaming,,,
277,Main Event,8,,2532,Louvre,,,
277,Qualifier,1,,617,Team SMG,,,
277,Qualifier,2,,2504,ex-Timing Monster Gaming,,,
277,Qualifier,3,,1919,Kingsmen,,,
277,Qualifier,4,,879,Todak,,,
277,Qualifier,5,,2505,Looking For Org,,,
277,Qualifier,6,,2509,XIAO,,,
277,Qualifier,7,,2532,Louvre,,,
277,Qualifier,8,,958,Reality Rift,,,
303,Main Event,1,18000.0,2112,X10 Esports,,,
303,Main Event,2,13500.0,2270,Foxy Araikordai,,,
303,Main Event,3,11250.0,1481,NG.Black,,,
303,Main Event,4,11250.0,2742,OhMyGirl,,,
303,Main Event,5,,2743,Terminate Esports,,,
303,Main Event,6,,623,Sharper Esport,,,
303,Main Event,7,,2741,AboveCloud,,,
303,Main Event,8,,1485,Aricat Esport Family,,,
285,Main Event: LAS,1,2500.0,644,Wygers Argentina,,,
285,Main Event: LAS,2,1000.0,2355,KRÜ Esports,,,
285,Main Event: LAS,3,500.0,361,Furious Gaming,,,
285,Main Event: LAS,4,500.0,367,9z Team,,,
285,Main Event: LAN,1,2500.0,724,E-Xolos LAZER,,,
285,Main Event: LAN,2,1000.0,1831,LDM Esports,,,
285,Main Event: LAN,3,500.0,363,INFINITY,,,
285,Main Event: LAN,4,500.0,2363,Pro Hub Gaming,,,
2283,Playoffs,1,1000000.0,1034,NRG,,,
2283,Playoffs,2,400000.0,2593,FNATIC,,,
2283,Playoffs,3,250000.0,8185,DRX,,,
2283,Playoffs,4,130000.0,624,Paper Rex,,,
2283,Playoffs,5,85000.0,7386,MIBR,,,
2283,Playoffs,6,85000.0,1001,Team Heretics,,,
2283,Playoffs,7,50000.0,11058,G2 Esports,,,
2283,Playoffs,8,50000.0,14419,GIANTX,,,
2283,Group Stage,9,30000.0,13581,Xi Lai Gaming,,,
2283,Group Stage,10,30000.0,878,Rex Regum Qeon,,,
2283,Group Stage,11,30000.0,474,Team Liquid,,,
2283,Group Stage,12,30000.0,14,T1,,,
2283,Group Stage,13,20000.0,2,Sentinels,,,
2283,Group Stage,14,20000.0,12010,Bilibili Gaming,,,
2283,Group Stage,15,20000.0,1120,EDward Gaming,,,
2283,Group Stage,16,20000.0,11981,Dragon Ranger Gaming,,,
2590,Main Event,1,,13576,JDG Esports,320.0,11.0,
2590,Main Event,2,,14137,Titan Esports Club,230.0,7.91,
2590,Main Event,3,,13790,Wolves Esports,160.0,5.5,
2590,Main Event,4,,11328,FunPlus Phoenix,100.0,3.44,
2590,Main Event,5,,731,TYLOO,50.0,1.72,
2590,Main Event,6,,12064,Nova Esports,50.0,1.72,
2590,Main Event,7,,12685,Trace Esports,50.0,1.72,
2590,Main Event,8,,1119,All Gamers,50.0,1.72,
2590,Main Event,9,,11981,Dragon Ranger Gaming,25.0,0.86,
2590,Main Event,10,,1120,EDward Gaming,25.0,0.86,
2590,Main Event,11,,13581,Xi Lai Gaming,25.0,0.86,
2590,Main Event,12,,12010,Bilibili Gaming,25.0,0.86,
2501,Playoffs,1,100000.0,11058,G2 Esports,11.0,11.0,Champions
2501,Playoffs,2,65000.0,1034,NRG,9.0,9.0,Champions
2501,Playoffs,3,40000.0,2,Sentinels,9.0,9.0,
2501,Playoffs,4,25000.0,188,Cloud9,6.0,6.0,
2501,Playoffs,5,10000.0,2359,LEVIATÁN,3.0,3.0,
2501,Playoffs,6,10000.0,120,100 Thieves,3.0,3.0,
2501,Playoffs,7,,2355,KRÜ Esports,2.0,2.0,
2501,Playoffs,8,,5248,Evil Geniuses,2.0,2.0,
2501,Group Stage,9,,15072,2Game Esports,1.0,5.5,
2501,Group Stage,10,,7386,MIBR,2.0,11.0,
2501,Group Stage,11,,2406,FURIA,,,
2501,Group Stage,12,,6961,LOUD,1.0,5.5,
2498,Playoffs,1,100000.0,474,Team Liquid,11.0,11.0,Champions
2498,Playoffs,2,65000.0,14419,GIANTX,8.0,8.0,Champions
2498,Playoffs,3,40000.0,397,BBL Esports,7.0,7.0,
2498,Playoffs,4,25000.0,4915,Natus Vincere,6.0,6.0,
2498,Playoffs,5,10000.0,2593,FNATIC,4.0,4.0,
2498,Playoffs,6,10000.0,1001,Team Heretics,5.0,5.0,
2498,Playoffs,7,,8877,Karmine Corp,3.0,3.0,
2498,Playoffs,8,,2059,Team Vitality,2.0,2.0,
2498,Group Stage,9,,1184,FUT Esports,2.0,11.0,
2498,Group Stage,10,,7035,KOI,1.0,5.5,
2498,Group Stage,11,,12694,Gentle Mates,,,
2498,Group Stage,12,,11479,Apeks,,,
2500,Playoffs,1,100000.0,624,Paper Rex,11.0,11.0,Champions
2500,Playoffs,2,65000.0,878,Rex Regum Qeon,8.0,8.0,Champions
2500,Playoffs,3,40000.0,8304,TALON,7.0,7.0,
2500,Playoffs,4,25000.0,14,T1,6.0,6.0,
2500,Playoffs,5,10000.0,11060,Nongshim RedForce,3.0,3.0,
2500,Playoffs,6,10000.0,8185,DRX,4.0,4.0,
2500,Playoffs,7,,278,DetonatioN FocusMe,3.0,3.0,
2500,Playoffs,8,,17,Gen.G,3.0,3.0,
2500,Group Stage,9,,6199,Team Secret,1.0,5.5,
2500,Group Stage,10,,5448,ZETA DIVISION,2.0,11.0,
2500,Group Stage,11,,918,Global Esports,1.0,5.5,
2500,Group Stage,12,,466,BOOM Esports,,,
2499,Playoffs,1,,12010,Bilibili Gaming,11.0,11.0,Champions
2499,Playoffs,2,,11981,Dragon Ranger Gaming,8.0,8.0,Champions
2499,Playoffs,3,,1120,EDward Gaming,7.0,7.0,
2499,Playoffs,4,,13581,Xi Lai Gaming,7.0,7.0,
2499,Playoffs,5,,731,TYLOO,3.0,3.0,
2499,Playoffs,6,,1119,All Gamers,4.0,4.0,
2499,Playoffs,7,,12685,Trace Esports,3.0,3.0,
2499,Playoffs,8,,11328,FunPlus Phoenix,3.0,3.0,
2499,Group Stage,9,,13576,JDG Esports,1.0,11.0,
2499,Group Stage,10,,12064,Nova Esports,1.0,11.0,
2499,Group Stage,11,,14137,Titan Esports Club,1.0,11.0,
2499,Group Stage,12,,13790,Wolves Esports,1.0,11.0,
2282,Playoffs,1,350000.0,624,Paper Rex,7.0,11.0,
2282,Playoffs,2,200000.0,2593,FNATIC,5.0,7.86,
2282,Playoffs,3,125000.0,13790,Wolves Esports,4.0,6.29,
2282,Playoffs,4,75000.0,11058,G2 Esports,3.0,4.71,
2282,Playoffs,5,50000.0,17,Gen.G,2.0,3.14,
2282,Playoffs,6,50000.0,2,Sentinels,2.0,3.14,
2282,Playoffs,7,35000.0,13581,Xi Lai Gaming,,,
2282,Playoffs,8,35000.0,878,Rex Regum Qeon,,,
2282,Swiss Stage,9,25000.0,474,Team Liquid,,,
2282,Swiss Stage,10,25000.0,12010,Bilibili Gaming,,,
2282,Swiss Stage,11,15000.0,1001,Team Heretics,,,
2282,Swiss Stage,12,15000.0,7386,MIBR,,,
2380,Playoffs,1,100000.0,2593,FNATIC,9.0,11.0,Masters Toronto
2380,Playoffs,2,65000.0,1001,Team Heretics,8.0,9.78,Masters Toronto
2380,Playoffs,3,40000.0,474,Team Liquid,6.0,7.33,Masters Toronto
2380,Playoffs,4,25000.0,397,BBL Esports,5.0,6.11,
2380,Playoffs,5,10000.0,4915,Natus Vincere,3.0,3.67,
2380,Playoffs,6,10000.0,1184,FUT Esports,3.0,3.67,
2380,Playoffs,7,,8877,Karmine Corp,2.0,2.44,
2380,Playoffs,8,,2059,Team Vitality,2.0,2.44,
2380,Group Stage,9,,14419,GIANTX,1.0,11.0,
2380,Group Stage,10,,7035,KOI,1.0,11.0,
2380,Group Stage,11,,11479,Apeks,,,
2380,Group Stage,12,,12694,Gentle Mates,1.0,11.0,
2379,Playoffs,1,,878,Rex Regum Qeon,8.0,11.0,Masters Toronto
2379,Playoffs,2,,17,Gen.G,6.0,8.25,Masters Toronto
2379,Playoffs,3,,624,Paper Rex,4.0,5.5,Masters Toronto
2379,Playoffs,4,,8185,DRX,5.0,6.88,
2379,Playoffs,5,,8304,TALON,3.0,4.12,
2379,Playoffs,6,,466,BOOM Esports,5.0,6.88,
2379,Playoffs,7,,11060,Nongshim RedForce,3.0,4.12,
2379,Playoffs,8,,14,T1,3.0,4.12,
2379,Group Stage,9,,918,Global Esports,1.0,5.5,
2379,Group Stage,10,,5448,ZETA DIVISION,2.0,11.0,
2379,Group Stage,11,,278,DetonatioN FocusMe,,,
2379,Group Stage,12,,6199,Team Secret,1.0,5.5,
2450,Main Event,1,,1120,EDward Gaming,135.0,11.0,Esports World Cup 2025
2450,Main Event,2,,14137,Titan Esports Club,95.0,7.74,Esports World Cup 2025
2450,Main Event,3,,12685,Trace Esports,70.0,5.7,
2450,Main Event,4,,13790,Wolves Esports,50.0,4.07,
2450,Main Event,5,,11328,FunPlus Phoenix,35.0,2.85,
2450,Main Event,6,,12064,Nova Esports,35.0,2.85,
2450,Main Event,7,,11981,Dragon Ranger Gaming,35.0,2.85,
2450,Main Event,8,,731,TYLOO,35.0,2.85,
2450,Main Event,9,,1119,All Gamers,20.0,1.63,
2450,Main Event,10,,13581,Xi Lai Gaming,20.0,1.63,
2450,Main Event,11,,12010,Bilibili Gaming,20.0,1.63,
2450,Main Event,12,,13576,JDG Esports,20.0,1.63,
2359,Playoffs,1,,13581,Xi Lai Gaming,9.0,11.0,Masters Toronto
2359,Playoffs,2,,12010,Bilibili Gaming,7.0,8.56,Masters Toronto
2359,Playoffs,3,,13790,Wolves Esports,5.0,6.11,Masters Toronto
2359,Playoffs,4,,1120,EDward Gaming,5.0,6.11,
2359,Playoffs,5,,11981,Dragon Ranger Gaming,2.0,2.44,
2359,Playoffs,6,,12685,Trace Esports,3.0,3.67,
2359,Playoffs,7,,14137,Titan Esports Club,3.0,3.67,
2359,Playoffs,8,,12064,Nova Esports,3.0,3.67,
2359,Group Stage,9,,11328,FunPlus Phoenix,2.0,11.0,
2359,Group Stage,10,,13576,JDG Esports,1.0,5.5,
2359,Group Stage,11,,731,TYLOO,1.0,5.5,
2359,Group Stage,12,,1119,All Gamers,,,
2347,Playoffs,1,,11058,G2 Esports,10.0,11.0,Masters Toronto
2347,Playoffs,2,,2,Sentinels,7.0,7.7,Masters Toronto
2347,Playoffs,3,,7386,MIBR,6.0,6.6,Masters Toronto
2347,Playoffs,4,,5248,Evil Geniuses,4.0,4.4,
2347,Playoffs,5,,120,100 Thieves,3.0,3.3,
2347,Playoffs,6,,2355,KRÜ Esports,4.0,4.4,
2347,Playoffs,7,,1034,NRG,2.0,2.2,
2347,Playoffs,8,,188,Cloud9,3.0,3.3,
2347,Group Stage,9,,15072,2Game Esports,1.0,11.0,
2347,Group Stage,10,,2359,LEVIATÁN,1.0,11.0,
2347,Group Stage,11,,6961,LOUD,,,
2347,Group Stage,12,,2406,FURIA,,,
2281,Playoffs,1,250000.0,14,T1,5.0,11.0,
2281,Playoffs,2,100000.0,11058,G2 Esports,3.0,6.6,
2281,Playoffs,3,65000.0,1120,EDward Gaming,2.0,4.4,
2281,Playoffs,4,35000.0,2059,Team Vitality,1.0,2.2,
2281,Swiss Stage,5,15000.0,474,Team Liquid,,,
2281,Swiss Stage,6,15000.0,8185,DRX,,,
2281,Swiss Stage,7,10000.0,2,Sentinels,,,
2281,Swiss Stage,8,10000.0,12685,Trace Esports,,,
2339,Main Event,1,,12064,Nova Esports,100.0,11.0,
2339,Main Event,2,,13790,Wolves Esports,70.0,7.7,
2339,Main Event,3,,12010,Bilibili Gaming,50.0,5.5,
2339,Main Event,4,,13576,JDG Esports,35.0,3.85,
2339,Main Event,5,,731,TYLOO,25.0,2.75,
2339,Main Event,6,,11328,FunPlus Phoenix,25.0,2.75,
2339,Main Event,7,,11981,Dragon Ranger Gaming,25.0,2.75,
2339,Main Event,8,,13581,Xi Lai Gaming,25.0,2.75,
2339,Main Event,9,,1119,All Gamers,15.0,1.65,
2339,Main Event,10,,12685,Trace Esports,15.0,1.65,
2339,Main Event,11,,14137,Titan Esports Club,15.0,1.65,
2339,Main Event,12,,1120,EDward Gaming,15.0,1.65,
2276,Main Event,1,,2059,Team Vitality,3.0,11.0,Masters Bangkok
2276,Main Event,2,,474,Team Liquid,2.0,7.33,Masters Bangkok
2276,Main Event,3,,1001,Team Heretics,1.0,3.67,
2276,Main Event,4,,1184,FUT Esports,1.0,3.67,
2276,Main Event,5,,2593,FNATIC,,,
2276,Main Event,6,,397,BBL Esports,,,
2276,Main Event,7,,12694,Gentle Mates,,,
2276,Main Event,8,,14419,GIANTX,,,
2276,Main Event,9,,7035,KOI,,,
2276,Main Event,10,,4915,Natus Vincere,,,
2276,Main Event,11,,8877,Karmine Corp,,,
2276,Main Event,12,,11479,Apeks,,,
2277,Main Event,1,,8185,DRX,3.0,11.0,Masters Bangkok
2277,Main Event,2,,14,T1,2.0,7.33,Masters Bangkok
2277,Main Event,3,,17,Gen.G,1.0,3.67,
2277,Main Event,4,,8304,TALON,1.0,3.67,
2277,Main Event,5,,11060,Nongshim RedForce,,,
2277,Main Event,6,,278,DetonatioN FocusMe,,,
2277,Main Event,7,,878,Rex Regum Qeon,,,
2277,Main Event,8,,624,Paper Rex,,,
2277,Main Event,9,,466,BOOM Esports,,,
2277,Main Event,10,,6199,Team Secret,,,
2277,Main Event,11,,918,Global Esports,,,
2277,Main Event,12,,5448,ZETA DIVISION,,,
2274,Main Event,1,,11058,G2 Esports,3.0,11.0,Masters Bangkok
2274,Main Event,2,,2,Sentinels,2.0,7.33,Masters Bangkok
2274,Main Event,3,,7386,MIBR,1.0,3.67,
2274,Main Event,4,,2355,KRÜ Esports,1.0,3.67,
2274,Main Event,5,,2359,LEVIATÁN,,,
2274,Main Event,6,,6961,LOUD,,,
2274,Main Event,7,,5248,Evil Geniuses,,,
2274,Main Event,8,,1034,NRG,,,
2274,Main Event,9,,2406,FURIA,,,
2274,Main Event,10,,188,Cloud9,,,
2274,Main Event,11,,120,100 Thieves,,,
2274,Main Event,12,,15072,2Game Esports,,,
2275,Main Event,1,,1120,EDward Gaming,3.0,11.0,Masters Bangkok
2275,Main Event,2,,12685,Trace Esports,2.0,7.33,Masters Bangkok
2275,Main Event,3,,12010,Bilibili Gaming,1.0,3.67,
2275,Main Event,4,,11981,Dragon Ranger Gaming,1.0,3.67,
2275,Main Event,5,,11328,FunPlus Phoenix,,,
2275,Main Event,6,,13581,Xi Lai Gaming,,,
2275,Main Event,7,,12064,Nova Esports,,,
2275,Main Event,8,,13576,JDG Esports,,,
2275,Main Event,9,,13790,Wolves Esports,,,
2275,Main Event,10,,731,TYLOO,,,
2275,Main Event,11,,14137,Titan Esports Club,,,
2275,Main Event,12,,1119,All Gamers,,,
2097,Playoffs,1,1000000.0,1120,EDward Gaming,,,
2097,Playoffs,2,400000.0,1001,Team Heretics,,,
2097,Playoffs,3,250000.0,2359,LEVIATÁN,,,
2097,Playoffs,4,130000.0,2,Sentinels,,,
2097,Playoffs,5,85000.0,8185,DRX,,,
2097,Playoffs,6,85000.0,2593,FNATIC,,,
2097,Playoffs,7,50000.0,12685,Trace Esports,,,
2097,Playoffs,8,50000.0,11058,G2 Esports,,,
2097,Group Stage,9,30000.0,2355,KRÜ Esports,,,
2097,Group Stage,10,30000.0,17,Gen.G,,,
2097,Group Stage,11,30000.0,2059,Team Vitality,,,
2097,Group Stage,12,30000.0,624,Paper Rex,,,
2097,Group Stage,13,20000.0,12010,Bilibili Gaming,,,
2097,Group Stage,14,20000.0,11328,FunPlus Phoenix,,,
2097,Group Stage,15,20000.0,8304,TALON,,,
2097,Group Stage,16,20000.0,1184,FUT Esports,,,
2095,Playoffs,1,100000.0,2359,LEVIATÁN,9.0,11.0,Champions 2024
2095,Playoffs,2,65000.0,11058,G2 Esports,7.0,8.56,Champions 2024
2095,Playoffs,3,40000.0,2355,KRÜ Esports,3.0,3.67,Champions 2024
2095,Playoffs,4,25000.0,120,100 Thieves,3.0,3.67,
2095,Playoffs,5,10000.0,188,Cloud9,1.0,1.22,
2095,Playoffs,6,10000.0,2,Sentinels,3.0,3.67,
2095,Regular Season,7,,1034,NRG,1.0,3.67,
2095,Regular Season,8,,6961,LOUD,2.0,7.33,
2095,Regular Season,9,,5248,Evil Geniuses,2.0,7.33,
2095,Regular Season,10,,2406,FURIA,3.0,11.0,
2095,Regular Season,11,,7386,MIBR,1.0,3.67,
2096,Playoffs,1,,1120,EDward Gaming,6.0,11.0,Champions 2024
2096,Playoffs,2,,11328,FunPlus Phoenix,5.0,9.17,Champions 2024
2096,Playoffs,3,,12685,Trace Esports,6.0,11.0,Champions 2024
2096,Playoffs,4,,12010,Bilibili Gaming,4.0,7.33,
2096,Playoffs,5,,1119,All Gamers,2.0,3.67,
2096,Playoffs,6,,13576,JDG Esports,4.0,7.33,
2096,Regular Season,7,,12064,Nova Esports,2.0,11.0,
2096,Regular Season,8,,731,TYLOO,2.0,11.0,
2096,Regular Season,9,,13790,Wolves Esports,2.0,11.0,
2096,Regular Season,10,,11981,Dragon Ranger Gaming,1.0,5.5,
2096,Regular Season,11,,14137,Titan Esports Club,1.0,5.5,
2005,Playoffs,1,100000.0,17,Gen.G,7.0,11.0,Champions 2024
2005,Playoffs,2,65000.0,8185,DRX,6.0,9.43,Champions 2024
2005,Playoffs,3,40000.0,624,Paper Rex,7.0,11.0,Champions 2024
2005,Playoffs,4,25000.0,8304,TALON,3.0,4.71,
2005,Playoffs,5,10000.0,878,Rex Regum Qeon,3.0,4.71,
2005,Playoffs,6,10000.0,6199,Team Secret,4.0,6.29,
2005,Regular Season,7,,14,T1,2.0,11.0,
2005,Regular Season,8,,5448,ZETA DIVISION,1.0,5.5,
2005,Regular Season,9,,918,Global Esports,1.0,5.5,
2005,Regular Season,10,,278,DetonatioN FocusMe,1.0,5.5,
2005,Regular Season,11,,6387,BLEED,,,
2094,Playoffs,1,100000.0,2593,FNATIC,8.0,11.0,Champions 2024
2094,Playoffs,2,65000.0,2059,Team Vitality,5.0,6.88,Champions 2024
2094,Playoffs,3,40000.0,1001,Team Heretics,7.0,9.62,Champions 2024
2094,Playoffs,4,25000.0,1184,FUT Esports,5.0,6.88,
2094,Playoffs,5,10000.0,8877,Karmine Corp,1.0,1.38,
2094,Playoffs,6,10000.0,4915,Natus Vincere,1.0,1.38,
2094,Regular Season,7,,397,BBL Esports,1.0,5.5,
2094,Regular Season,8,,474,Team Liquid,1.0,5.5,
2094,Regular Season,9,,14419,GIANTX,2.0,11.0,
2094,Regular Season,10,,12694,Gentle Mates,1.0,5.5,
2094,Regular Season,11,,7035,KOI,2.0,11.0,
1999,Playoffs,1,350000.0,17,Gen.G,3.0,11.0,
1999,Playoffs,2,200000.0,1001,Team Heretics,,,
1999,Playoffs,3,125000.0,11058,G2 Esports,,,
1999,Playoffs,4,75000.0,120,100 Thieves,,,
1999,Playoffs,5,50000.0,624,Paper Rex,,,
1999,Playoffs,6,50000.0,1184,FUT Esports,,,
1999,Playoffs,7,35000.0,1120,EDward Gaming,,,
1999,Playoffs,8,35000.0,2593,FNATIC,,,
1999,Swiss Stage,9,25000.0,2359,LEVIATÁN,,,
1999,Swiss Stage,10,25000.0,11328,FunPlus Phoenix,,,
1999,Swiss Stage,11,15000.0,14,T1,,,
1999,Swiss Stage,12,15000.0,11981,Dragon Ranger Gaming,,,
2006,Playoffs,1,,1120,EDward Gaming,11.0,11.0,Masters Shanghai
2006,Playoffs,2,,11328,FunPlus Phoenix,8.0,8.0,Masters Shanghai
2006,Playoffs,3,,11981,Dragon Ranger Gaming,5.0,5.0,Masters Shanghai
2006,Playoffs,4,,12685,Trace Esports,4.0,4.0,
2006,Playoffs,5,,1119,All Gamers,3.0,3.0,
2006,Playoffs,6,,12064,Nova Esports,2.0,2.0,
2006,Regular Season,7,,12010,Bilibili Gaming,2.0,11.0,
2006,Regular Season,8,,731,TYLOO,2.0,11.0,
2006,Regular Season,9,,13790,Wolves Esports,2.0,11.0,
2006,Regular Season,10,,14137,Titan Esports Club,2.0,11.0,
2006,Regular Season,11,,13576,JDG Esports,1.0,5.5,
2004,Playoffs,1,,120,100 Thieves,9.0,11.0,Masters Shanghai
2004,Playoffs,2,,11058,G2 Esports,6.0,7.33,Masters Shanghai
2004,Playoffs,3,,2359,LEVIATÁN,6.0,7.33,Masters Shanghai
2004,Playoffs,4,,2355,KRÜ Esports,6.0,7.33,
2004,Playoffs,5,,188,Cloud9,5.0,6.11,
2004,Playoffs,6,,6961,LOUD,2.0,2.44,
2004,Regular Season,7,,2,Sentinels,3.0,11.0,
2004,Regular Season,8,,5248,Evil Geniuses,2.0,7.33,
2004,Regular Season,9,,1034,NRG,3.0,11.0,
2004,Regular Season,10,,2406,FURIA,,,
2004,Regular Season,11,,7386,MIBR,,,
1998,Playoffs,1,,2593,FNATIC,9.0,11.0,Masters Shanghai
1998,Playoffs,2,,1001,Team Heretics,6.0,7.33,Masters Shanghai
1998,Playoffs,3,,1184,FUT Esports,6.0,7.33,Masters Shanghai
1998,Playoffs,4,,8877,Karmine Corp,4.0,4.89,
1998,Playoffs,5,,4915,Natus Vincere,4.0,4.89,
1998,Playoffs,6,,474,Team Liquid,3.0,3.67,
1998,Regular Season,7,,397,BBL Esports,3.0,11.0,
1998,Regular Season,8,,12694,Gentle Mates,2.0,7.33,
1998,Regular Season,9,,2059,Team Vitality,3.0,11.0,
1998,Regular Season,10,,14419,GIANTX,1.0,3.67,
1998,Regular Season,11,,7035,KOI,1.0,3.67,
2002,Playoffs,1,,624,Paper Rex,10.0,11.0,Masters Shanghai
2002,Playoffs,2,,17,Gen.G,6.0,6.6,Masters Shanghai
2002,Playoffs,3,,14,T1,4.0,4.4,Masters Shanghai
2002,Playoffs,4,,8185,DRX,6.0,6.6,
2002,Playoffs,5,,6199,Team Secret,3.0,3.3,
2002,Playoffs,6,,8304,TALON,4.0,4.4,
2002,Regular Season,7,,918,Global Esports,2.0,7.33,
2002,Regular Season,8,,878,Rex Regum Qeon,3.0,11.0,
2002,Regular Season,9,,6387,BLEED,1.0,3.67,
2002,Regular Season,10,,5448,ZETA DIVISION,2.0,7.33,
2002,Regular Season,11,,278,DetonatioN FocusMe,1.0,3.67,
1921,Playoffs,1,250000.0,2,Sentinels,3.0,11.0,
1921,Playoffs,2,100000.0,17,Gen.G,,,
1921,Playoffs,3,65000.0,624,Paper Rex,,,
1921,Playoffs,4,35000.0,6961,LOUD,,,
1921,Swiss Stage,5,15000.0,8877,Karmine Corp,,,
1921,Swiss Stage,6,15000.0,1120,EDward Gaming,,,
1921,Swiss Stage,7,10000.0,1001,Team Heretics,,,
1921,Swiss Stage,8,10000.0,11328,FunPlus Phoenix,,,
1923,Playoffs,1,,2,Sentinels,3.0,11.0,Masters Madrid
1923,Playoffs,2,,6961,LOUD,,,Masters Madrid
1923,Playoffs,3,,5248,Evil Geniuses,,,
1923,Playoffs,4,,1034,NRG,,,
1923,Play-Ins,2,,11058,G2 Esports,,,
1923,Play-Ins,3,,7386,MIBR,,,
1923,Group Stage,1,,1034,NRG,,,
1923,Group Stage,2,,6961,LOUD,,,
1923,Group Stage,3,,5248,Evil Geniuses,,,
1923,Group Stage,4,,7386,MIBR,,,
1923,Group Stage,5,,2,Sentinels,,,
1923,Group Stage,6,,11058,G2 Esports,,,
1923,Group Stage,7,,188,Cloud9,,,
1923,Group Stage,8,,2359,LEVIATÁN,,,
1923,Group Stage,9,,2355,KRÜ Esports,,,
1923,Group Stage,10,,2406,FURIA,,,
1923,Group Stage,11,,120,100 Thieves,,,
1926,Playoffs,1,,1120,EDward Gaming,3.0,11.0,Masters Madrid
1926,Playoffs,2,,11328,FunPlus Phoenix,,,Masters Madrid
1926,Playoffs,3,,11981,Dragon Ranger Gaming,,,
1926,Playoffs,4,,12685,Trace Esports,,,
1926,Play-Ins,2,,12010,Bilibili Gaming,,,
1926,Play-Ins,3,,14137,Titan Esports Club,,,
1926,Group Stage,7,,12064,Nova Esports,,,
1926,Group Stage,8,,13576,JDG Esports,,,
1926,Group Stage,9,,13790,Wolves Esports,,,
1926,Group Stage,10,,731,TYLOO,,,
1926,Group Stage,11,,1119,All Gamers,,,
1925,Playoffs,1,,8877,Karmine Corp,3.0,11.0,Masters Madrid
1925,Playoffs,2,,1001,Team Heretics,,,Masters Madrid
1925,Playoffs,3,,4915,Natus Vincere,,,
1925,Playoffs,4,,2593,FNATIC,,,
1925,Play-In Stage,2,,2059,Team Vitality,,,
1925,Play-In Stage,3,,7035,KOI,,,
1925,Group Stage,1,,1001,Team Heretics,,,
1925,Group Stage,2,,4915,Natus Vincere,,,
1925,Group Stage,3,,2593,FNATIC,,,
1925,Group Stage,4,,8877,Karmine Corp,,,
1925,Group Stage,5,,7035,KOI,,,
1925,Group Stage,6,,2059,Team Vitality,,,
1925,Group Stage,7,,1184,FUT Esports,,,
1925,Group Stage,8,,474,Team Liquid,,,
1925,Group Stage,9,,12694,Gentle Mates,,,
1925,Group Stage,10,,14419,GIANTX,,,
1925,Group Stage,11,,397,BBL Esports,,,
1924,Playoffs,1,,17,Gen.G,3.0,11.0,Masters Madrid
1924,Playoffs,2,,624,Paper Rex,,,Masters Madrid
1924,Playoffs,3,,14,T1,,,
1924,Playoffs,4,,8185,DRX,,,
1924,Play-Ins,2,,6199,Team Secret,,,
1924,Play-Ins,3,,5448,ZETA DIVISION,,,
1924,Group Stage,1,,14,T1,,,
1924,Group Stage,2,,8185,DRX,,,
1924,Group Stage,3,,624,Paper Rex,,,
1924,Group Stage,4,,5448,ZETA DIVISION,,,
1924,Group Stage,5,,6199,Team Secret,,,
1924,Group Stage,6,,17,Gen.G,,,
1924,Group Stage,7,,918,Global Esports,,,
1924,Group Stage,8,,8304,TALON,,,
1924,Group Stage,9,,878,Rex Regum Qeon,,,
1924,Group Stage,10,,6387,BLEED,,,
1924,Group Stage,11,,278,DetonatioN FocusMe,,,
1880,Main Event,1,100000.0,1120,EDward Gaming,800.0,11.0,
1880,Main Event,2,60000.0,11985,Rare Atom,540.0,7.42,
1880,Main Event,3,45000.0,11328,FunPlus Phoenix,320.0,4.4,
1880,Main Event,4,30000.0,12685,Trace Esports,240.0,3.3,
1880,Main Event,5,12000.0,1837,Attacking Soul Esports,205.0,2.82,
1880,Main Event,6,12000.0,14137,Titan Esports Club,205.0,2.82,
1880,Main Event,7,9500.0,11981,Dragon Ranger Gaming,170.0,2.34,
1880,Main Event,8,9500.0,13532,TOP Esports,170.0,2.34,
1880,Main Event,9,6000.0,804,Royal Never Give Up,135.0,1.86,
1880,Main Event,10,6000.0,12010,Bilibili Gaming,135.0,1.86,
1880,Main Event,11,5000.0,1108,LGD Gaming,100.0,1.38,
1880,Main Event,12,5000.0,13556,17Gaming,100.0,1.38,
1880,Play-In Stage,1,,13532,TOP Esports,,,Main Event
1880,Play-In Stage,2,,12010,Bilibili Gaming,,,Main Event
1880,Play-In Stage,3,,11981,Dragon Ranger Gaming,,,Main Event
1880,Play-In Stage,4,,11328,FunPlus Phoenix,,,Main Event
1880,Play-In Stage,5,,14137,Titan Esports Club,,,Main Event
1880,Play-In Stage,6,,804,Royal Never Give Up,,,Main Event
1880,Play-In Stage,7,,13556,17Gaming,,,Main Event
1880,Play-In Stage,8,,1108,LGD Gaming,,,Main Event
1880,Play-In Stage,9,,13564,Regans Gaming,35.0,11.0,
1880,Play-In Stage,10,,12011,Douyu Gaming,35.0,11.0,
1880,Play-In Stage,11,,12784,KeepBest Gaming,35.0,11.0,
1880,Play-In Stage,12,,1119,All Gamers,35.0,11.0,
1880,Play-In Stage,13,,9052,Monarch Effect,30.0,9.43,
1880,Play-In Stage,14,,5944,Night Wings Gaming,30.0,9.43,
1880,Play-In Stage,15,,12785,Octagonal Disposition Gaming,30.0,9.43,
1880,Play-In Stage,16,,11980,Four Angry Men,30.0,9.43,
1880,OQ - A,1,,14137,Titan Esports Club,,,Play-In
1880,OQ - A,2,,12010,Bilibili Gaming,,,Play-In
1880,OQ - A,3,,13580,VLG Esports,25.0,11.0,
1880,OQ - A,4,,13579,Chosen Clique Gaming,25.0,11.0,
1880,OQ - A,5,,13574,Saqima Esports,20.0,8.8,
1880,OQ - B,1,,13556,17Gaming,,,Play-In
1880,OQ - B,2,,11328,FunPlus Phoenix,,,Play-In
1880,OQ - B,3,,12532,JiJieHao,25.0,11.0,
1880,OQ - B,4,,13790,Wolves Esports,25.0,11.0,
1880,OQ - B,5,,906,NewHappy Esports,20.0,8.8,
1880,OQ - C,1,,5944,Night Wings Gaming,,,
1880,OQ - C,2,,13564,Regans Gaming,,,
1880,OQ - C,3,,13582,Tianba,25.0,11.0,
1880,OQ - C,4,,13576,JDG Esports,25.0,11.0,
1880,OQ - D,1,,11980,Four Angry Men,,,
1880,OQ - D,2,,12785,Octagonal Disposition Gaming,,,
1880,OQ - D,3,,12064,Nova Esports,25.0,11.0,
1880,OQ - D,4,,11983,Kingzone,25.0,11.0,
1880,OQ - E,1,,13532,TOP Esports,,,
1880,OQ - E,2,,12011,Douyu Gaming,,,
1880,OQ - E,3,,13514,Ninjas In Pyjamas,25.0,11.0,
1880,OQ - E,4,,1224,Weibo Gaming,25.0,11.0,
1880,OQ - E,5,,12009,DD Team,20.0,8.8,
1880,OQ - F,1,,11981,Dragon Ranger Gaming,,,
1880,OQ - F,2,,1119,All Gamers,,,
1880,OQ - F,3,,13581,Xi Lai Gaming,25.0,11.0,
1880,OQ - F,4,,4462,Shenzhen NTER,25.0,11.0,
1880,OQ - F,5,,5461,Invictus Gaming,20.0,8.8,
1880,OQ - G,1,,804,Royal Never Give Up,,,
1880,OQ - G,2,,9052,Monarch Effect,,,
1880,OQ - G,3,,13575,Change The Game,25.0,11.0,
1880,OQ - G,4,,13577,VOID ESC,25.0,11.0,
1880,OQ - G,5,,12736,5KS eSports Club,20.0,8.8,
1880,OQ - H,1,,1108,LGD Gaming,,,
1880,OQ - H,2,,12784,KeepBest Gaming,,,
1880,OQ - H,3,,14138,LNG Esports,25.0,11.0,
1880,OQ - H,4,,731,TYLOO,25.0,11.0,
1880,OQ - H,5,,11986,TJD Esports Club,20.0,8.8,
1825,Knockouts,1,100000.0,1120,EDward Gaming,525.0,11.0,
1825,Knockouts,2,60000.0,12685,Trace Esports,375.0,7.86,
1825,Knockouts,3,45000.0,11985,Rare Atom,255.0,5.34,
1825,Knockouts,4,30000.0,1837,Attacking Soul Esports,195.0,4.09,
1825,Group Stage,1,,1120,EDward Gaming,,,Knockouts
1825,Group Stage,2,,1837,Attacking Soul Esports,,,Knockouts
1825,Group Stage,3,,12685,Trace Esports,,,Knockouts
1825,Group Stage,4,,11985,Rare Atom,,,Knockouts
1825,Group Stage,5,12000.0,12010,Bilibili Gaming,165.0,11.0,
1825,Group Stage,6,12000.0,11328,FunPlus Phoenix,165.0,11.0,
1825,Group Stage,7,9500.0,804,Royal Never Give Up,135.0,9.0,
1825,Group Stage,8,9500.0,731,TYLOO,135.0,9.0,
1825,Play-In Stage,1,,12010,Bilibili Gaming,,,Group Stage
1825,Play-In Stage,2,,1837,Attacking Soul Esports,,,Group Stage
1825,Play-In Stage,3,,804,Royal Never Give Up,,,Group Stage
1825,Play-In Stage,4,,731,TYLOO,,,Group Stage
1825,Play-In Stage,5,6000.0,13514,Ninjas In Pyjamas,105.0,11.0,
1825,Play-In Stage,6,6000.0,11981,Dragon Ranger Gaming,105.0,11.0,
1825,Play-In Stage,7,5000.0,13576,JDG Esports,75.0,7.86,
1825,Play-In Stage,8,5000.0,11980,Four Angry Men,75.0,7.86,
1825,OQ - Ro16,1,,1837,Attacking Soul Esports,,,Play-In Stage
1825,OQ - Ro16,2,,11980,Four Angry Men,,,Play-In Stage
1825,OQ - Ro16,3,,13514,Ninjas In Pyjamas,,,Play-In Stage
1825,OQ - Ro16,4,,804,Royal Never Give Up,,,Play-In Stage
1825,OQ - Ro16,5,,731,TYLOO,,,Play-In Stage
1825,OQ - Ro16,6,,11981,Dragon Ranger Gaming,,,Play-In Stage
1825,OQ - Ro16,7,,12010,Bilibili Gaming,,,Play-In Stage
1825,OQ - Ro16,8,,13576,JDG Esports,,,Play-In Stage
1825,OQ - Ro16,9,,11983,Kingzone,25.0,11.0,
1825,OQ - Ro16,10,,4683,Invincible Gaming,25.0,11.0,
1825,OQ - Ro16,11,,13532,TOP Esports,25.0,11.0,
1825,OQ - Ro16,12,,5944,Night Wings Gaming,25.0,11.0,
1825,OQ - Ro16,13,,13582,Tianba,25.0,11.0,
1825,OQ - Ro16,14,,9052,Monarch Effect,25.0,11.0,
1825,OQ - Ro16,15,,1119,All Gamers,25.0,11.0,
1825,OQ - Ro16,16,,12784,KeepBest Gaming,25.0,11.0,
1825,OQ - A,1,,1837,Attacking Soul Esports,,,Round of 16
1825,OQ - A,2,,11983,Kingzone,,,Round of 16
1825,OQ - A,3,,13582,Tianba,,,Round of 16
1825,OQ - A,4,,5944,Night Wings Gaming,,,Round of 16
1825,OQ - A,5,,12785,Octagonal Disposition Gaming,20.0,11.0,
1825,OQ - A,6,,4462,Shenzhen NTER,20.0,11.0,
1825,OQ - A,7,,12532,JiJieHao,20.0,11.0,
1825,OQ - A,8,,12128,Extraordinary,20.0,11.0,
1825,OQ - A,9,,5461,Invictus Gaming,15.0,8.25,
1825,OQ - A,10,,13574,Saqima Esports,15.0,8.25,
1825,OQ - B,1,,11980,Four Angry Men,,,Round of 16
1825,OQ - B,2,,4683,Invincible Gaming,,,Round of 16
1825,OQ - B,3,,9052,Monarch Effect,,,Round of 16
1825,OQ - B,4,,13532,TOP Esports,,,Round of 16
1825,OQ - B,5,,1224,Weibo Gaming,20.0,11.0,
1825,OQ - B,6,,13579,Chosen Clique Gaming,20.0,11.0,
1825,OQ - B,7,,12011,Douyu Gaming,20.0,11.0,
1825,OQ - B,8,,12064,Nova Esports,20.0,11.0,
1825,OQ - B,9,,12009,DD Team,15.0,8.25,
1825,OQ - B,10,,13788,YG,15.0,8.25,
1825,OQ - C,1,,11981,Dragon Ranger Gaming,,,Round of 16
1825,OQ - C,2,,13514,Ninjas In Pyjamas,,,Round of 16
1825,OQ - C,3,,1119,All Gamers,,,Round of 16
1825,OQ - C,4,,12010,Bilibili Gaming,,,Round of 16
1825,OQ - C,5,,13581,Xi Lai Gaming,20.0,11.0,
1825,OQ - C,6,,13790,Wolves Esports,20.0,11.0,
1825,OQ - C,7,,13556,17Gaming,20.0,11.0,
1825,OQ - C,8,,12783,I May,20.0,11.0,
1825,OQ - C,9,,13789,1one,15.0,8.25,
1825,OQ - C,10,,11986,TJD Esports Club,15.0,8.25,
1825,OQ - D,1,,731,TYLOO,,,Round of 16
1825,OQ - D,2,,13576,JDG Esports,,,Round of 16
1825,OQ - D,3,,12784,KeepBest Gaming,,,Round of 16
1825,OQ - D,4,,804,Royal Never Give Up,,,Round of 16
1825,OQ - D,5,,13575,Change The Game,20.0,11.0,
1825,OQ - D,6,,906,NewHappy Esports,20.0,11.0,
1825,OQ - D,7,,13564,Regans Gaming,20.0,11.0,
1825,OQ - D,8,,13580,VLG Esports,20.0,11.0,
1825,OQ - D,9,,13578,ChaoRan Gaming,15.0,8.25,
1825,OQ - D,10,,13791,AOW,15.0,8.25,
1747,Main Stage,1,100000.0,1120,EDward Gaming,400.0,11.0,
1747,Main Stage,2,60000.0,11985,Rare Atom,300.0,8.25,
1747,Main Stage,3,45000.0,11328,FunPlus Phoenix,200.0,5.5,
1747,Main Stage,4,30000.0,12685,Trace Esports,150.0,4.12,
1747,Main Stage,5,12000.0,12010,Bilibili Gaming,125.0,3.44,
1747,Main Stage,6,12000.0,1837,Attacking Soul Esports,125.0,3.44,
1747,Main Stage,7,9500.0,731,TYLOO,100.0,2.75,
1747,Main Stage,8,9500.0,1224,Weibo Gaming,100.0,2.75,
1747,Play-In Stage,1,,1837,Attacking Soul Esports,,,Main Stage
1747,Play-In Stage,2,,11985,Rare Atom,,,Main Stage
1747,Play-In Stage,3,,12685,Trace Esports,,,Main Stage
1747,Play-In Stage,4,,1224,Weibo Gaming,,,Main Stage
1747,Play-In Stage,5,6000.0,804,Royal Never Give Up,75.0,11.0,
1747,Play-In Stage,6,6000.0,5944,Night Wings Gaming,75.0,11.0,
1747,Play-In Stage,7,5000.0,12064,Nova Esports,50.0,7.33,
1747,Play-In Stage,8,5000.0,12783,I May,50.0,7.33,
1747,OQ - Ro16,1,,11985,Rare Atom,,,Play-In
1747,OQ - Ro16,2,,5944,Night Wings Gaming,,,Play-In
1747,OQ - Ro16,3,,1224,Weibo Gaming,,,Play-In
1747,OQ - Ro16,4,,1837,Attacking Soul Esports,,,Play-In
1747,OQ - Ro16,5,,12685,Trace Esports,,,Play-In
1747,OQ - Ro16,6,,12064,Nova Esports,,,Play-In
1747,OQ - Ro16,7,,804,Royal Never Give Up,,,Play-In
1747,OQ - Ro16,8,,12783,I May,,,Play-In
1747,OQ - Ro16,9,,11981,Dragon Ranger Gaming,20.0,11.0,
1747,OQ - Ro16,10,,13564,Regans Gaming,20.0,11.0,
1747,OQ - Ro16,11,,12784,KeepBest Gaming,20.0,11.0,
1747,OQ - Ro16,12,,11983,Kingzone,20.0,11.0,
1747,OQ - Ro16,13,,13575,Change The Game,20.0,11.0,
1747,OQ - Ro16,14,,12532,JiJieHao,20.0,11.0,
1747,OQ - Ro16,15,,13579,Chosen Clique Gaming,20.0,11.0,
1747,OQ - Ro16,16,,13581,Xi Lai Gaming,20.0,11.0,
1747,OQ - A,1,,12685,Trace Esports,,,Round of 16
1747,OQ - A,2,,11985,Rare Atom,,,Round of 16
1747,OQ - A,3,,11983,Kingzone,,,Round of 16
1747,OQ - A,4,,13575,Change The Game,,,Round of 16
1747,OQ - A,5,,1119,All Gamers,15.0,11.0,
1747,OQ - A,6,,13532,TOP Esports,15.0,11.0,
1747,OQ - A,7,,13574,Saqima Esports,15.0,11.0,
1747,OQ - A,8,,4462,Shenzhen NTER,15.0,11.0,
1747,OQ - B,1,,804,Royal Never Give Up,,,Round of 16
1747,OQ - B,2,,12064,Nova Esports,,,Round of 16
1747,OQ - B,3,,5944,Night Wings Gaming,,,Round of 16
1747,OQ - B,4,,12532,JiJieHao,,,Round of 16
1747,OQ - B,5,,13514,Ninjas In Pyjamas,15.0,11.0,
1747,OQ - B,6,,13576,JDG Esports,15.0,11.0,
1747,OQ - B,7,,13577,VOID ESC,15.0,11.0,
1747,OQ - B,8,,9052,Monarch Effect,15.0,11.0,
1747,OQ - B,9,,4683,Invincible Gaming,10.0,7.33,
1747,OQ - C,1,,13564,Regans Gaming,,,Round of 16
1747,OQ - C,2,,13578,ChaoRan Gaming,,,Round of 16
1747,OQ - C,3,,12784,KeepBest Gaming,,,Round of 16
1747,OQ - C,4,,1224,Weibo Gaming,,,Round of 16
1747,OQ - C,5,,11980,Four Angry Men,15.0,11.0,
1747,OQ - C,6,,12128,Extraordinary,15.0,11.0,
1747,OQ - C,7,,5461,Invictus Gaming,15.0,11.0,
1747,OQ - C,8,,12736,5KS eSports Club,15.0,11.0,
1747,OQ - C,9,,12011,Douyu Gaming,10.0,7.33,
1747,OQ - C,10,,13578,ChaoRan Gaming,10.0,7.33,
1747,OQ - D,1,,1837,Attacking Soul Esports,,,Round of 16
1747,OQ - D,2,,12783,I May,,,Round of 16
1747,OQ - D,3,,13581,Xi Lai Gaming,,,Round of 16
1747,OQ - D,4,,11981,Dragon Ranger Gaming,,,Round of 16
1747,OQ - D,5,,13556,17Gaming,15.0,11.0,
1747,OQ - D,6,,11986,TJD Esports Club,15.0,11.0,
1747,OQ - D,7,,13582,Tianba,15.0,11.0,
1747,OQ - D,8,,6093,Qing Jiu Club,15.0,11.0,
1747,OQ - D,9,,906,NewHappy Esports,10.0,7.33,
1747,OQ - D,10,,13580,VLG Esports,10.0,7.33,
1657,Playoffs,1,1000000.0,5248,Evil Geniuses,,,
1657,Playoffs,2,400000.0,624,Paper Rex,,,
1657,Playoffs,3,250000.0,6961,LOUD,,,
1657,Playoffs,4,130000.0,2593,FNATIC,,,
1657,Playoffs,5,85000.0,8185,DRX,,,
1657,Playoffs,6,85000.0,1120,EDward Gaming,,,
1657,Playoffs,7,50000.0,12010,Bilibili Gaming,,,
1657,Playoffs,8,50000.0,1184,FUT Esports,,,
1657,Group Stage,9,30000.0,1034,NRG,,,
1657,Group Stage,10,30000.0,2304,Giants Gaming,,,
1657,Group Stage,11,30000.0,14,T1,,,
1657,Group Stage,12,30000.0,4915,Natus Vincere,,,
1657,Group Stage,13,20000.0,2355,KRÜ Esports,,,
1657,Group Stage,14,20000.0,11328,FunPlus Phoenix,,,
1657,Group Stage,15,20000.0,5448,ZETA DIVISION,,,
1657,Group Stage,16,20000.0,474,Team Liquid,,,
1658,Main Event,1,,2355,KRÜ Esports,,,
1658,Main Event,2,,2359,LEVIATÁN,,,
1658,Main Event,3,,188,Cloud9,,,
1658,Main Event,4,,2,Sentinels,,,
1658,Main Event,5,,120,100 Thieves,,,
1658,Main Event,6,,2406,FURIA,,,
1658,Main Event,7,,7386,MIBR,,,
1659,Playoffs,1,,2304,Giants Gaming,,,
1659,Playoffs,2,,4915,Natus Vincere,,,
1659,Playoffs,3,,7035,KOI,,,
1659,Playoffs,4,,8877,Karmine Corp,,,
1659,Playoffs,5,,1001,Team Heretics,,,
1659,Playoffs,6,,397,BBL Esports,,,
1660,Main Event,1,,5448,ZETA DIVISION,,,
1660,Main Event,2,,6199,Team Secret,,,
1660,Main Event,3,,17,Gen.G,,,
1660,Main Event,4,,878,Rex Regum Qeon,,,
1660,Main Event,5,,918,Global Esports,,,
1660,Main Event,6,,8304,TALON,,,
1660,Main Event,7,,278,DetonatioN FocusMe,,,
1664,Playoffs,1,,1120,EDward Gaming,,,
1664,Playoffs,2,,12010,Bilibili Gaming,,,
1664,Playoffs,3,,11328,FunPlus Phoenix,,,
1664,Playoffs,4,,731,TYLOO,,,
1664,Playoffs,5,,1837,Attacking Soul Esports,,,
1664,Playoffs,6,,12685,Trace Esports,,,
1664,Playoffs,7,,9052,Monarch Effect,,,
1664,Playoffs,8,,1224,Weibo Gaming,,,
1664,Playoffs,9,,11980,Four Angry Men,,,
1664,Playoffs,10,,804,Royal Never Give Up,,,
1664,Playoffs,11,,4462,Shenzhen NTER,,,
1664,Playoffs,12,,11981,Dragon Ranger Gaming,,,
1664,Preliminary Stage,1,,1211,Totoro Gaming,,,
1664,Preliminary Stage,2,,731,TYLOO,,,
1664,Preliminary Stage,3,,1224,Weibo Gaming,,,
1664,Preliminary Stage,4,,9052,Monarch Effect,,,
1664,Preliminary Stage,5,,804,Royal Never Give Up,,,
1664,Preliminary Stage,6,,11980,Four Angry Men,,,
1664,Preliminary Stage,7,,11981,Dragon Ranger Gaming,,,
1664,Preliminary Stage,8,,4462,Shenzhen NTER,,,
1664,Preliminary Stage,9,,12202,Gank Gaming,,,
1664,Preliminary Stage,10,,5944,Night Wings Gaming,,,
1664,Preliminary Stage,11,,12011,Douyu Gaming,,,
1664,Preliminary Stage,12,,12064,Nova Esports,,,
1664,Preliminary Stage,13,,4460,Number One Player,,,
1664,Preliminary Stage,14,,4683,Invincible Gaming,,,
1664,Preliminary Stage,15,,11985,Rare Atom,,,
1664,Preliminary Stage,16,,11983,Kingzone,,,
1494,Playoffs,1,350000.0,2593,FNATIC,,,
1494,Playoffs,2,200000.0,5248,Evil Geniuses,,,
1494,Playoffs,3,125000.0,624,Paper Rex,,,
1494,Playoffs,4,75000.0,1034,NRG,,,
1494,Playoffs,5,50000.0,474,Team Liquid,,,
1494,Playoffs,6,50000.0,1120,EDward Gaming,,,
1494,Playoffs,7,35000.0,8185,DRX,,,
1494,Playoffs,8,35000.0,6961,LOUD,,,
1494,Group Stage,1,,1034,NRG,,,
1494,Group Stage,2,,5248,Evil Geniuses,,,
1494,Group Stage,3,,1120,EDward Gaming,,,
1494,Group Stage,4,,8185,DRX,,,
1494,Group Stage,5,25000.0,14,T1,,,
1494,Group Stage,6,25000.0,1184,FUT Esports,,,
1494,Group Stage,7,15000.0,1837,Attacking Soul Esports,,,
1494,Group Stage,8,15000.0,4915,Natus Vincere,,,
1189,Playoffs,1,100000.0,6961,LOUD,,,
1189,Playoffs,2,65000.0,1034,NRG,,,
1189,Playoffs,3,40000.0,5248,Evil Geniuses,,,
1189,Playoffs,4,25000.0,188,Cloud9,,,
1189,Playoffs,5,15000.0,2359,LEVIATÁN,,,
1189,Playoffs,6,5000.0,2406,FURIA,,,
1189,Regular Season,1,,6961,LOUD,,,
1189,Regular Season,2,,188,Cloud9,,,
1189,Regular Season,3,,1034,NRG,,,
1189,Regular Season,4,,2359,LEVIATÁN,,,
1189,Regular Season,5,,2406,FURIA,,,
1189,Regular Season,6,,5248,Evil Geniuses,,,
1189,Regular Season,7,,2,Sentinels,,,
1189,Regular Season,8,,120,100 Thieves,,,
1189,Regular Season,9,,7386,MIBR,,,
1189,Regular Season,10,,2355,KRÜ Esports,,,
1190,Playoffs,1,100000.0,474,Team Liquid,,,
1190,Playoffs,2,65000.0,2593,FNATIC,,,
1190,Playoffs,3,40000.0,1184,FUT Esports,,,
1190,Playoffs,4,25000.0,4915,Natus Vincere,,,
1190,Playoffs,5,10000.0,2304,Giants Gaming,,,
1190,Playoffs,6,10000.0,2059,Team Vitality,,,
1190,Regular Season,1,,2593,FNATIC,,,
1190,Regular Season,2,,4915,Natus Vincere,,,
1190,Regular Season,3,,474,Team Liquid,,,
1190,Regular Season,4,,2304,Giants Gaming,,,
1190,Regular Season,5,,1184,FUT Esports,,,
1190,Regular Season,6,,2059,Team Vitality,,,
1190,Regular Season,7,,397,BBL Esports,,,
1190,Regular Season,8,,1001,Team Heretics,,,
1190,Regular Season,9,,7035,KOI,,,
1190,Regular Season,10,,8877,Karmine Corp,,,
1191,Playoffs,1,100000.0,624,Paper Rex,,,
1191,Playoffs,2,65000.0,8185,DRX,,,
1191,Playoffs,3,40000.0,14,T1,,,
1191,Playoffs,4,25000.0,17,Gen.G,,,
1191,Playoffs,5,10000.0,6199,Team Secret,,,
1191,Playoffs,6,10000.0,5448,ZETA DIVISION,,,
1191,League Play,1,,8185,DRX,,,
1191,League Play,2,,624,Paper Rex,,,
1191,League Play,3,,14,T1,,,
1191,League Play,4,,5448,ZETA DIVISION,,,
1191,League Play,5,,6199,Team Secret,,,
1191,League Play,6,,17,Gen.G,,,
1191,League Play,7,,878,Rex Regum Qeon,,,
1191,League Play,8,,918,Global Esports,,,
1191,League Play,9,,8304,TALON,,,
1191,League Play,10,,278,DetonatioN FocusMe,,,
1188,Playoffs,1,100000.0,2593,FNATIC,,,
1188,Playoffs,2,60000.0,6961,LOUD,,,
1188,Playoffs,3,40000.0,8185,DRX,,,
1188,Playoffs,4,40000.0,4915,Natus Vincere,,,
1188,Bracket Stage,1,,6961,LOUD,,,
1188,Bracket Stage,2,,8185,DRX,,,
1188,Bracket Stage,3,,4915,Natus Vincere,,,
1188,Bracket Stage,4,,2593,FNATIC,,,
1188,Bracket Stage,5,25000.0,1034,NRG,,,
1188,Bracket Stage,6,25000.0,8304,TALON,,,
1188,Bracket Stage,7,25000.0,2359,LEVIATÁN,,,
1188,Bracket Stage,8,25000.0,120,100 Thieves,,,
1188,Bracket Stage,9,10000.0,2304,Giants Gaming,,,
1188,Bracket Stage,10,10000.0,8877,Karmine Corp,,,
1188,Bracket Stage,11,10000.0,188,Cloud9,,,
1188,Bracket Stage,12,10000.0,5248,Evil Geniuses,,,
1188,Bracket Stage,13,10000.0,6199,Team Secret,,,
1188,Bracket Stage,14,10000.0,2059,Team Vitality,,,
1188,Bracket Stage,15,10000.0,1184,FUT Esports,,,
1188,Bracket Stage,16,10000.0,2406,FURIA,,,
1188,Bracket Stage,17,5000.0,7035,KOI,,,
1188,Bracket Stage,18,5000.0,278,DetonatioN FocusMe,,,
1188,Bracket Stage,19,5000.0,17,Gen.G,,,
1188,Bracket Stage,20,5000.0,11328,FunPlus Phoenix,,,
1188,Bracket Stage,21,5000.0,397,BBL Esports,,,
1188,Bracket Stage,22,5000.0,624,Paper Rex,,,
1188,Bracket Stage,23,5000.0,1001,Team Heretics,,,
1188,Bracket Stage,24,5000.0,7386,MIBR,,,
1188,Bracket Stage,25,5000.0,474,Team Liquid,,,
1188,Bracket Stage,26,5000.0,2355,KRÜ Esports,,,
1188,Bracket Stage,27,5000.0,5448,ZETA DIVISION,,,
1188,Bracket Stage,28,5000.0,918,Global Esports,,,
1188,Bracket Stage,29,5000.0,878,Rex Regum Qeon,,,
1188,Bracket Stage,30,5000.0,1120,EDward Gaming,,,
1188,Bracket Stage,31,5000.0,2,Sentinels,,,
1188,Bracket Stage,32,5000.0,14,T1,,,
1188,Showmatch,1,,12066,Team FRTTT,,,
1188,Showmatch,2,,12065,Team tarik,,,
1015,Playoffs,1,300000.0,6961,LOUD,,,
1015,Playoffs,2,150000.0,8127,OpTic Gaming,,,
1015,Playoffs,3,110000.0,8185,DRX,,,
1015,Playoffs,4,80000.0,628,FunPlus Phoenix,,,
1015,Playoffs,5,60000.0,533,XSET,,,
1015,Playoffs,6,60000.0,2593,FNATIC,,,
1015,Playoffs,7,40000.0,2359,LEVIATÁN,,,
1015,Playoffs,8,40000.0,474,Team Liquid,,,
1015,Group Stage,9,25000.0,624,Paper Rex,,,
1015,Group Stage,10,25000.0,5448,ZETA DIVISION,,,
1015,Group Stage,11,25000.0,2355,KRÜ Esports,,,
1015,Group Stage,12,25000.0,120,100 Thieves,,,
1015,Group Stage,13,15000.0,1120,EDward Gaming,,,
1015,Group Stage,14,15000.0,466,BOOM Esports,,,
1015,Group Stage,15,15000.0,7397,XERXIA Esports,,,
1015,Group Stage,16,15000.0,2406,FURIA,,,
1111,Main Event,1,90000.0,2355,KRÜ Esports,,,
1111,Main Event,2,55000.0,2406,FURIA,,,
1111,Main Event,3,35000.0,6946,TBK Esports,,,
1111,Main Event,4,25000.0,4894,Keyd Stars,,,
1111,Main Event,5,15000.0,7391,Ninjas In Pyjamas,,,
1111,Main Event,6,15000.0,367,9z Team,,,
1111,Main Event,7,10000.0,7269,FUSION,,,
1111,Main Event,8,10000.0,724,E-Xolos LAZER,,,
1130,Main Event,1,,120,100 Thieves,,,
1130,Main Event,2,,6675,The Guard,,,
1130,Main Event,3,,337,FaZe Clan,,,
1130,Main Event,4,,188,Cloud9,,,
1130,Main Event,5,,2,Sentinels,,,
1130,Main Event,6,,1034,NRG,,,
1130,Main Event,7,,9353,Shopify Rebellion Black,,,
1130,Main Event,8,,5248,Evil Geniuses,,,
1117,Main Event,1,,474,Team Liquid,,,
1117,Main Event,2,15000.0,8326,M3 Champions,,,
1117,Main Event,3,10000.0,257,G2 Esports,,,
1117,Main Event,4,7000.0,8903,OG LDN UTD,,,
1117,Main Event,5,5000.0,4915,Natus Vincere,,,
1117,Main Event,6,5000.0,1209,Guild Esports,,,
1117,Main Event,7,4000.0,3531,Acend,,,
1117,Main Event,8,4000.0,397,BBL Esports,,,
1083,Main Event,1,,1120,EDward Gaming,,,
1083,Main Event,2,,8182,Incheon On Sla2ers,,,
1083,Main Event,3,,2988,NORTHEPTION,,,
1083,Main Event,4,,5443,KONE eSports Club,,,
1083,Main Event,5,,277,Crazy Raccoon,,,
1083,Main Event,6,,104,REJECT,,,
1083,Main Event,7,,8086,Maru Gaming,,,
1083,Main Event,8,,2542,DAMWON Gaming,,,
1084,Main Event,1,,466,BOOM Esports,,,
1084,Main Event,2,,2032,ONIC G,,,
1084,Main Event,3,,6387,BLEED,,,
1084,Main Event,4,,6199,Team Secret,,,
1084,Main Event,5,,1208,ORDER,,,
1084,Main Event,6,,4210,Made in Thailand,,,
1084,Main Event,7,,4325,CERBERUS Esports,,,
1084,Main Event,8,,1110,Alter Ego,,,
1084,Main Event,9,,3107,Griffin E-Sports,,,
1084,Main Event,10,,4330,Fancy United Esports,,,
1014,Playoffs,1,200000.0,628,FunPlus Phoenix,1000.0,11.0,
1014,Playoffs,2,120000.0,624,Paper Rex,750.0,8.25,
1014,Playoffs,3,85000.0,8127,OpTic Gaming,500.0,5.5,
1014,Playoffs,4,65000.0,2593,FNATIC,400.0,4.4,
1014,Playoffs,5,40000.0,8185,DRX,300.0,3.3,
1014,Playoffs,6,40000.0,2359,LEVIATÁN,300.0,3.3,
1014,Playoffs,7,25000.0,1209,Guild Esports,250.0,2.75,
1014,Playoffs,8,25000.0,533,XSET,250.0,2.75,
1014,Group Stage,9,15000.0,2355,KRÜ Esports,200.0,11.0,
1014,Group Stage,10,15000.0,2988,NORTHEPTION,200.0,11.0,
1014,Group Stage,11,10000.0,6961,LOUD,150.0,8.25,
1014,Group Stage,12,10000.0,7397,XERXIA Esports,150.0,8.25,
1113,Main Event,1,11000.0,1208,ORDER,,,
1113,Main Event,2,8000.0,8448,BOBO,,,
1113,Main Event,3,5000.0,1319,Funcrew,,,
1113,Main Event,4,3000.0,8591,REIGN,,,
1113,Main Event,5,1500.0,7313,Bonkers,,,
1113,Main Event,6,1500.0,7312,HONEY BADGERS,,,
1085,Decider,1,,2355,KRÜ Esports,,,
1085,Decider,2,,7391,Ninjas In Pyjamas,,,
1086,Playoffs,1,25000.0,2359,LEVIATÁN,,,Masters: Copenhagen
1086,Playoffs,2,12500.0,2355,KRÜ Esports,,,LATAM/BR LCQ
1086,Playoffs,3,7500.0,7269,FUSION,50.0,11.0,
1086,Playoffs,4,5000.0,724,E-Xolos LAZER,45.0,9.9,
800,Playoffs,1,50000.0,533,XSET,,,Masters
800,Playoffs,2,32000.0,8127,OpTic Gaming,,,Masters
800,Playoffs,3,26000.0,337,FaZe Clan,65.0,11.0,
800,Playoffs,4,20000.0,1034,NRG,55.0,9.31,
800,Playoffs,5,14000.0,5248,Evil Geniuses,45.0,7.62,
800,Playoffs,6,14000.0,120,100 Thieves,45.0,7.62,
800,Playoffs,7,10000.0,2291,Ghost Gaming,35.0,5.92,
800,Playoffs,8,10000.0,642,Luminosity,35.0,5.92,
800,Group Stage,1,,533,XSET,,,Main Event
800,Group Stage,2,,8127,OpTic Gaming,,,Main Event
800,Group Stage,3,,2291,Ghost Gaming,,,Main Event
800,Group Stage,4,,337,FaZe Clan,,,Main Event
800,Group Stage,5,,120,100 Thieves,,,Main Event
800,Group Stage,6,,5248,Evil Geniuses,,,Main Event
800,Group Stage,7,,1034,NRG,,,Main Event
800,Group Stage,8,,642,Luminosity,,,Main Event
800,Group Stage,9,6000.0,6675,The Guard,20.0,11.0,
800,Group Stage,10,6000.0,188,Cloud9,20.0,11.0,
800,Group Stage,11,6000.0,106,TSM,15.0,8.25,
800,Group Stage,12,6000.0,2,Sentinels,15.0,8.25,
800,Open Qualifier #2,1,,120,100 Thieves,,,
800,Open Qualifier #2,2,,5248,Evil Geniuses,,,
800,Open Qualifier #2,3,,2291,Ghost Gaming,,,
800,Open Qualifier #2,4,,2,Sentinels,,,
800,Open Qualifier #2,5,,1615,Knights,,,
800,Open Qualifier #2,6,,6461,Akrew,,,
800,Open Qualifier #2,7,,6451,Built By Gamers Academy,,,
800,Open Qualifier #2,8,,4345,SoaR,,,
800,Open Qualifier #2,9,,17,Gen.G,,,
800,Open Qualifier #2,10,,8370,NYFU,,,
800,Open Qualifier #2,11,,4346,DarkZero Esports,,,
800,Open Qualifier #2,12,,7854,Girl Kissers,,,
800,Open Qualifier #2,13,,2348,VIRTUOSO,,,
800,Open Qualifier #2,14,,470,Complexity,,,
800,Open Qualifier #2,15,,4388,Cosmic Divide,,,
800,Open Qualifier #2,16,,2350,Soniqs,,,
800,Open Qualifier #2,17,,14,T1,,,
800,Open Qualifier #2,18,,793,Moon Raccoons,,,
800,Open Qualifier #2,19,,3337,BASILISK,,,
800,Open Qualifier #2,20,,2815,Version1,,,
800,Open Qualifier #2,21,,8569,Skwirel Warriers,,,
800,Open Qualifier #2,22,,2938,PUGSTARS,,,
800,Open Qualifier #2,23,,5038,YFP,,,
800,Open Qualifier #2,24,,5829,Team Mystic,,,
800,Open Qualifier #2,25,,3748,Team Reckaroo,,,
800,Open Qualifier #2,26,,6045,Lenny Time,,,
800,Open Qualifier #2,27,,8568,Clanless,,,
800,Open Qualifier #2,28,,8460,Flex Gaming,,,
800,Open Qualifier #2,29,,7049,Rated Gaming,,,
800,Open Qualifier #2,30,,5832,Zero MarksMen Black,,,
800,Open Qualifier #2,31,,12836,Aspyre x Swarm,,,
800,Open Qualifier #2,32,,1267,Cloud9 White,,,
800,Open Qualifier #1,1,,1034,NRG,,,
800,Open Qualifier #1,2,,337,FaZe Clan,,,
800,Open Qualifier #1,3,,106,TSM,,,
800,Open Qualifier #1,4,,642,Luminosity,,,
800,Open Qualifier #1,5,,120,100 Thieves,,,
800,Open Qualifier #1,6,,2815,Version1,,,
800,Open Qualifier #1,7,,1615,Knights,,,
800,Open Qualifier #1,8,,2,Sentinels,,,
800,Open Qualifier #1,9,,4346,DarkZero Esports,,,
800,Open Qualifier #1,10,,5248,Evil Geniuses,,,
800,Open Qualifier #1,11,,8370,NYFU,,,
800,Open Qualifier #1,12,,6451,Built By Gamers Academy,,,
800,Open Qualifier #1,13,,2348,VIRTUOSO,,,
800,Open Qualifier #1,14,,17,Gen.G,,,
800,Open Qualifier #1,15,,5832,Zero MarksMen Black,,,
800,Open Qualifier #1,16,,470,Complexity,,,
800,Open Qualifier #1,17,,8357,Zer0 Latency,,,
800,Open Qualifier #1,18,,6461,Akrew,,,
800,Open Qualifier #1,19,,793,Moon Raccoons,,,
800,Open Qualifier #1,20,,2350,Soniqs,,,
800,Open Qualifier #1,21,,7854,Girl Kissers,,,
800,Open Qualifier #1,22,,14,T1,,,
800,Open Qualifier #1,23,,3337,BASILISK,,,
800,Open Qualifier #1,24,,8264,Nearest Airport,,,
800,Open Qualifier #1,25,,4345,SoaR,,,
800,Open Qualifier #1,26,,2291,Ghost Gaming,,,
800,Open Qualifier #1,27,,8460,Flex Gaming,,,
800,Open Qualifier #1,28,,6045,Lenny Time,,,
800,Open Qualifier #1,29,,1267,Cloud9 White,,,
800,Open Qualifier #1,30,,4388,Cosmic Divide,,,
800,Open Qualifier #1,31,,2938,PUGSTARS,,,
800,Open Qualifier #1,32,,7853,Run it Down,,,
911,Playoffs,1,100000.0,6961,LOUD,,,Masters
911,Playoffs,2,75000.0,7391,Ninjas In Pyjamas,75.0,11.0,LATAM/BR LCQ
911,Playoffs,3,50000.0,4894,Keyd Stars,65.0,9.53,
911,Playoffs,4,40000.0,7332,Los Grandes,50.0,7.33,
911,Playoffs,5,32500.0,7386,MIBR,45.0,6.6,
911,Playoffs,6,32500.0,2406,FURIA,45.0,6.6,
911,Group Stage,7,25000.0,7013,Stars Horizon,40.0,11.0,
911,Group Stage,8,25000.0,6946,TBK Esports,40.0,11.0,
911,Group Stage,9,12500.0,243,Gamelanders Blue,35.0,9.62,
911,Group Stage,10,12500.0,581,Liberty,35.0,9.62,
911,Final Qualifier,1,,1311,Galaxy Carrots,,,
911,Final Qualifier,2,,7332,Los Grandes,,,
911,Final Qualifier,3,,8266,Tropinha do TIKTOK 2.0,,,
911,Final Qualifier,4,,7386,MIBR,,,
911,Final Qualifier,5,,5322,Botafogo eSports,,,
911,Final Qualifier,6,,7337,Bomb Crypto,,,
911,Final Qualifier,7,,7349,Renegados,,,
911,Final Qualifier,8,,6406,SG e-Sports,,,
911,Closed Qualifier #2,1,,8266,Tropinha do TIKTOK 2.0,,,
911,Closed Qualifier #2,2,,1311,Galaxy Carrots,,,
911,Closed Qualifier #2,3,,6406,SG e-Sports,,,
911,Closed Qualifier #2,4,,7337,Bomb Crypto,,,
911,Closed Qualifier #2,5,,8267,Tuzzy E-Sports,,,
911,Closed Qualifier #2,6,,8269,doidera,,,
911,Closed Qualifier #2,7,,7013,Stars Horizon,,,
911,Closed Qualifier #2,8,,8335,OIP,,,
911,Open Qualifier #2,1,,6406,SG e-Sports,,,
911,Open Qualifier #2,2,,8266,Tropinha do TIKTOK 2.0,,,
911,Open Qualifier #2,3,,8335,OIP,,,
911,Open Qualifier #2,4,,8269,doidera,,,
911,Open Qualifier #2,5,,8330,Os Selvagens,,,
911,Open Qualifier #2,6,,8298,REiGN,,,
911,Open Qualifier #2,7,,7355,RD E-SPORTS,,,
911,Open Qualifier #2,8,,7640,4 ruim e 1 ruim,,,
911,Closed Qualifier #1,1,,5322,Botafogo eSports,,,
911,Closed Qualifier #1,2,,7349,Renegados,,,
911,Closed Qualifier #1,3,,7386,MIBR,,,
911,Closed Qualifier #1,4,,7332,Los Grandes,,,
911,Closed Qualifier #1,5,,7337,Bomb Crypto,,,
911,Closed Qualifier #1,6,,7013,Stars Horizon,,,
911,Closed Qualifier #1,7,,8267,Tuzzy E-Sports,,,
911,Closed Qualifier #1,8,,1311,Galaxy Carrots,,,
911,Open Qualifier #1,1,,8267,Tuzzy E-Sports,,,
911,Open Qualifier #1,2,,7337,Bomb Crypto,,,
911,Open Qualifier #1,3,,4958,ODDIK,,,
911,Open Qualifier #1,4,,7374,LUSA White,,,
911,Open Qualifier #1,5,,6220,Só Deus Sabe,,,
911,Open Qualifier #1,6,,7383,Utah Bless,,,
911,Open Qualifier #1,7,,7055,Team Liquid Brazil,,,
911,Open Qualifier #1,8,,2343,Rise Gaming,,,
984,Playoffs,1,40000.0,2593,FNATIC,,,Masters
984,Playoffs,2,30000.0,628,FunPlus Phoenix,,,Masters
984,Playoffs,3,22000.0,1209,Guild Esports,,,Masters
984,Playoffs,4,18000.0,8326,M3 Champions,75.0,11.0,
984,Playoffs,5,15000.0,3531,Acend,65.0,9.53,
984,Playoffs,6,15000.0,474,Team Liquid,65.0,9.53,
984,Group Stage,7,12000.0,8903,OG LDN UTD,55.0,11.0,
984,Group Stage,8,12000.0,397,BBL Esports,55.0,11.0,
984,Group Stage,9,10000.0,257,G2 Esports,45.0,9.0,
984,Group Stage,10,10000.0,4915,Natus Vincere,45.0,9.0,
984,Group Stage,11,8000.0,6882,FOKUS,40.0,8.0,
984,Group Stage,12,8000.0,472,BIG,40.0,8.0,
1063,Playoffs,1,30000.0,624,Paper Rex,,,Masters 2: Copenhagen
1063,Playoffs,2,20000.0,7397,XERXIA Esports,,,Masters 2: Copenhagen
1063,Playoffs,3,12500.0,6199,Team Secret,75.0,11.0,
1063,Playoffs,4,10000.0,2032,ONIC G,65.0,9.53,
1063,Playoffs,5,8750.0,1110,Alter Ego,55.0,8.07,
1063,Playoffs,6,8750.0,6387,BLEED,55.0,8.07,
1063,Playoffs,7,7500.0,3107,Griffin E-Sports,45.0,6.6,
1063,Playoffs,8,7500.0,466,BOOM Esports,45.0,6.6,
1063,Group Stage,9,5000.0,9161,Gaimin Gladiators,40.0,11.0,
1063,Group Stage,10,5000.0,878,Rex Regum Qeon,40.0,11.0,
1063,Group Stage,11,5000.0,1208,ORDER,40.0,11.0,
1063,Group Stage,12,5000.0,4330,Fancy United Esports,40.0,11.0,
1063,Group Stage,13,4000.0,4210,Made in Thailand,35.0,9.62,
1063,Group Stage,14,4000.0,918,Global Esports,35.0,9.62,
1063,Group Stage,15,4000.0,3136,Oasis Gaming,35.0,9.62,
1063,Group Stage,16,4000.0,4993,FW Esports,35.0,9.62,
1063,Play-Ins,17,2500.0,4325,CERBERUS Esports,30.0,11.0,
1063,Play-Ins,18,2500.0,8928,Ghetto Artist,30.0,11.0,
1063,Play-Ins,19,2000.0,2917,Enigma Gaming,25.0,9.17,
1063,Play-Ins,20,2000.0,5931,Team Big BAAM,25.0,9.17,
1013,Main Event,1,,2988,NORTHEPTION,,,Masters: Copenhagen
1013,Main Event,2,,5448,ZETA DIVISION,75.0,11.0,
1013,Main Event,3,,277,Crazy Raccoon,65.0,9.53,
1013,Main Event,4,,104,REJECT,55.0,8.07,
1013,Main Event,5,,516,FAV gaming,45.0,6.6,
1013,Main Event,6,,2108,BLUE BEES.ESP,45.0,6.6,
1013,Main Event,7,,6793,Jadeite,40.0,5.87,
1013,Main Event,8,,283,Sengoku Gaming,40.0,5.87,
998,Playoffs,1,30000000.0,8185,DRX,,,Masters: Copenhagen
998,Playoffs,2,20000000.0,8086,Maru Gaming,75.0,11.0,
998,Playoffs,3,15000000.0,2542,DAMWON Gaming,65.0,9.53,
998,Playoffs,4,11000000.0,2554,World Game Star,55.0,8.07,
998,Playoffs,5,8000000.0,8182,Incheon On Sla2ers,45.0,6.6,
998,Playoffs,6,8000000.0,2559,SPEAR GAMING,45.0,6.6,
998,Group Stage,1,,8185,DRX,,,Playoffs
998,Group Stage,2,,8182,Incheon On Sla2ers,,,Playoffs
998,Group Stage,3,,2542,DAMWON Gaming,,,Playoffs
998,Group Stage,4,,2554,World Game Star,,,Playoffs
998,Group Stage,5,,8086,Maru Gaming,,,Playoffs
998,Group Stage,6,,2559,SPEAR GAMING,,,Playoffs
998,Group Stage,7,5000000.0,8099,CNJ Esports,35.0,11.0,
998,Group Stage,8,3000000.0,8897,Tartarus,30.0,9.43,
998,S1 Tiebreaker,1,,8086,Maru Gaming,,,
998,S1 Tiebreaker,2,,2554,World Game Star,,,
988,Play-In,1,7000.0,2355,KRÜ Esports,,,Stage 2 Challengers LATAM: Playoffs
988,Play-In,2,5000.0,2359,LEVIATÁN,,,Stage 2 Challengers LATAM: Playoffs
988,Play-In,3,3000.0,367,9z Team,30.0,11.0,
988,Play-In,4,,2354,Optix,20.0,7.33,
988,Group Stage,1,,2355,KRÜ Esports,,,Playoffs
988,Group Stage,2,,2359,LEVIATÁN,,,Playoffs
988,Group Stage,3,,2354,Optix,,,Playoffs
988,Group Stage,4,,367,9z Team,,,Playoffs
988,Group Stage,5,,5562,PAMPAS,10.0,11.0,
988,Group Stage,6,,8734,SunXet Club,5.0,5.5,
988,Open Qualifier,1,,5562,PAMPAS,,,
988,Open Qualifier,2,,8734,SunXet Club,,,
988,Open Qualifier,3,,8735,TOROS,,,
988,Open Qualifier,4,,4989,Pass Gaming,,,
983,Play-In,1,7000.0,7269,FUSION,,,Stage 2 Challengers LATAM: Playoffs
983,Play-In,2,5000.0,724,E-Xolos LAZER,,,Stage 2 Challengers LATAM: Playoffs
983,Play-In,3,3000.0,8691,Team Cruelty,30.0,11.0,
983,Play-In,4,,4094,Six Karma,20.0,7.33,
983,Group Stage,1,,724,E-Xolos LAZER,,,Play-In
983,Group Stage,2,,7269,FUSION,,,Play-In
983,Group Stage,3,,8691,Team Cruelty,,,Play-In
983,Group Stage,4,,4094,Six Karma,,,Play-In
983,Group Stage,5,,363,INFINITY,10.0,11.0,
983,Group Stage,6,,3322,Border Monsters,5.0,5.5,
983,Open Qualifier,1,,8691,Team Cruelty,,,
983,Open Qualifier,2,,3322,Border Monsters,,,
983,Open Qualifier,3,,8690,Soul Free,,,
983,Open Qualifier,4,,1991,Akave Esports,,,
996,Playoffs,1,15000.0,918,Global Esports,,,
996,Playoffs,2,7500.0,2917,Enigma Gaming,,,
996,Playoffs,3,3000.0,8904,Orangutan,,,
996,Playoffs,4,3000.0,799,Velocity Gaming,,,
996,Playoffs,5,,8369,Revenant Esports,,,
996,Playoffs,6,,8936,Full Power Gaming,,,
996,Group Stage,1,,2917,Enigma Gaming,,,
996,Group Stage,2,,8904,Orangutan,,,
996,Group Stage,3,,918,Global Esports,,,
996,Group Stage,4,,799,Velocity Gaming,,,
996,Group Stage,5,,8369,Revenant Esports,,,
996,Group Stage,6,,8936,Full Power Gaming,,,
996,Group Stage,7,,4829,Team Valor,,,
996,Group Stage,8,,1033,Reckoning Esports,,,
996,Group Stage,9,,8485,prime 5,,,
996,Group Stage,10,,795,Union Gaming,,,
996,Group Stage,11,,8108,Khumbu Esports,,,
996,Group Stage,12,,910,Exceeli Esports,,,
996,Regional Qualifiers: RoSA,1,,8904,Orangutan,,,
996,Regional Qualifiers: RoSA,2,,8485,prime 5,,,
996,Regional Qualifiers: RoSA,3,,8963,brown gunday,,,
996,Regional Qualifiers: RoSA,4,,8966,Agon Esports,,,
996,Regional Qualifiers: RoSA,5,,8961,Weebs Acended,,,
996,Regional Qualifiers: RoSA,6,,8970,The Circumcisers,,,
996,Regional Qualifiers: RoSA,7,,8023,Paradise Esports,,,
996,Regional Qualifiers: RoSA,8,,8483,Septem Exierant,,,
996,Regional Qualifiers: RoSA,9,,5905,nA Whiff Masters,,,
996,Regional Qualifiers: RoSA,10,,8962,VOIX,,,
996,Regional Qualifiers: RoSA,11,,8964,Venom 5 Horsemen,,,
996,Regional Qualifiers: RoSA,12,,8965,Trinity,,,
996,Regional Qualifiers: RoSA,13,,8967,Evolve X,,,
996,Regional Qualifiers: RoSA,14,,5895,Team Legion,,,
996,Regional Qualifiers: RoSA,15,,6300,Wolfgang Mist Walkthrough,,,
996,Regional Qualifiers: RoSA,16,,8969,Mortal E-Sports,,,
996,Regional Qualifiers: India,1,,4829,Team Valor,,,
996,Regional Qualifiers: India,2,,1033,Reckoning Esports,,,
996,Regional Qualifiers: India,3,,4733,True Rippers,,,
996,Regional Qualifiers: India,4,,5455,Lethal Esports,,,
996,Regional Qualifiers: India,5,,8991,Upgrade Esports,,,
996,Regional Qualifiers: India,6,,8484,Medal Esports,,,
996,Regional Qualifiers: India,7,,8993,Chill Cord,,,
996,Regional Qualifiers: India,8,,7900,Monkey Bite Esports,,,
996,Regional Qualifiers: India,9,,8990,Kolkata5ive,,,
996,Regional Qualifiers: India,10,,2919,FANGZ,,,
996,Regional Qualifiers: India,11,,8992,THE BEST DOWN SOUTH,,,
996,Regional Qualifiers: India,12,,5998,SUS SquaD,,,
996,Regional Qualifiers: India,13,,4832,ROG Academy,,,
996,Regional Qualifiers: India,14,,4680,Team 69,,,
996,Regional Qualifiers: India,15,,7898,Blind Esports,,,
996,Regional Qualifiers: India,16,,6001,OnlyFriends,,,
1012,Main Event,1,,283,Sengoku Gaming,,,
1012,Main Event,2,,277,Crazy Raccoon,,,
1012,Main Event,3,,6793,Jadeite,,,
1012,Main Event,4,,2108,BLUE BEES.ESP,,,
1012,Main Event,5,,6798,REIGNITE,,,
1012,Main Event,6,,278,DetonatioN FocusMe,,,
1012,Main Event,7,,6869,IGZIST,,,
1012,Main Event,8,,294,CREST GAMING Zst,,,
991,Finals,1,300000000.0,4330,Fancy United Esports,,,
991,Finals,2,200000000.0,4325,CERBERUS Esports,,,
991,Finals,3,80000000.0,5931,Team Big BAAM,,,
991,Finals,4,80000000.0,8796,Team Ronin,,,
991,Finals,5,60000000.0,7057,Brave Wolves,,,
991,Finals,6,60000000.0,7063,UBT Esports,,,
991,Regular Season,1,,7063,UBT Esports,,,
991,Regular Season,2,,4325,CERBERUS Esports,,,
991,Regular Season,3,,5931,Team Big BAAM,,,
991,Regular Season,4,,7057,Brave Wolves,,,
991,Regular Season,5,,4330,Fancy United Esports,,,
991,Regular Season,6,,8796,Team Ronin,,,
991,Regular Season,7,40000000.0,7060,Nghiện Thêm Lần Nữ,,,
991,Regular Season,8,40000000.0,8470,VICTORY,,,
991,First Division,1,10000000.0,8796,Team Ronin,,,
991,First Division,2,10000000.0,8470,VICTORY,,,
991,First Division,3,10000000.0,7060,Nghiện Thêm Lần Nữ,,,
991,First Division,4,10000000.0,7057,Brave Wolves,,,
991,First Division,5,5000000.0,6776,The Meaps,,,
991,First Division,6,5000000.0,8586,Kantic 2.0,,,
991,First Division,7,5000000.0,8545,Lavie,,,
991,First Division,8,5000000.0,6969,Fenix Gaming,,,
991,First Division,9,2000000.0,8795,LINJA,,,
991,First Division,10,2000000.0,7061,Team Joy,,,
991,First Division,11,2000000.0,7065,Penguins and Frogs,,,
991,First Division,12,2000000.0,8467,Made In Vietnam,,,
991,First Division,13,2000000.0,8587,The Mad Men,,,
991,First Division,14,2000000.0,7961,MadHood,,,
991,First Division,15,2000000.0,7912,Cat Gang,,,
991,First Division,16,2000000.0,5953,Lipxitus,,,
882,Playoffs,1,10500.0,6199,Team Secret,,,
882,Playoffs,2,8500.0,3136,Oasis Gaming,,,
882,Playoffs,3,4500.0,878,Rex Regum Qeon,,,
882,Playoffs,4,2500.0,4150,South Built Esports,,,
882,Playoffs,5,1500.0,6389,Bren Esports,,,
882,Playoffs,6,1500.0,4251,Alpha Esports Pro,,,
882,Group Stage,1,,6199,Team Secret,,,
882,Group Stage,2,,878,Rex Regum Qeon,,,
882,Group Stage,3,,4251,Alpha Esports Pro,,,
882,Group Stage,4,,3136,Oasis Gaming,,,
882,Group Stage,5,,4150,South Built Esports,,,
882,Group Stage,6,,6389,Bren Esports,,,
882,Group Stage,7,500.0,5366,Action PH,,,
882,Group Stage,8,500.0,7031,NAOS,,,
882,Open Qualifier Week 2,1,,878,Rex Regum Qeon,,,
882,Open Qualifier Week 2,2,,6389,Bren Esports,,,
882,Open Qualifier Week 2,3,,4251,Alpha Esports Pro,,,
882,Open Qualifier Week 2,4,,6199,Team Secret,,,
882,Open Qualifier Week 1,1,,7037,Nexplay Evos,,,
882,Open Qualifier Week 1,2,,3718,Sunsparks,,,
882,Open Qualifier Week 1,3,,4251,Alpha Esports Pro,,,
882,Open Qualifier Week 1,4,,6262,Nigma Galaxy,,,
882,Open Qualifier Week 1,5,,8381,DEFY Gaming,,,
882,Open Qualifier Week 1,6,,7039,Stream Raiders Nacague,,,
882,Open Qualifier Week 1,7,,8304,TALON,,,
882,Open Qualifier Week 1,8,,8007,717 Monster Esports,,,
882,Open Qualifier Week 1,9,,878,Rex Regum Qeon,,,
882,Open Qualifier Week 1,10,,8802,G6 Super Mega Dingdong,,,
882,Open Qualifier Week 1,11,,8799,Hobby eSports,,,
882,Open Qualifier Week 1,12,,8375,ZOL Esports,,,
882,Open Qualifier Week 1,13,,1929,KADILIMAN,,,
882,Open Qualifier Week 1,14,,8798,Run It Down,,,
882,Open Qualifier Week 1,15,,8797,VOX One,,,
882,Open Qualifier Week 1,16,,7603,The Capitol Pro,,,
972,Playoffs,1,180000.0,7397,XERXIA Esports,,,
972,Playoffs,2,120000.0,4993,FW Esports,,,
972,Playoffs,3,90000.0,4210,Made in Thailand,,,
972,Playoffs,4,70000.0,4050,FULL SENSE,,,
972,Playoffs,5,40000.0,2112,X10 Esports,,,
972,Playoffs,6,40000.0,623,Sharper Esport,,,
972,Group Stage,1,,7397,XERXIA Esports,,,
972,Group Stage,2,,4050,FULL SENSE,,,
972,Group Stage,3,,2112,X10 Esports,,,
972,Group Stage,4,,623,Sharper Esport,,,
972,Group Stage,5,,4210,Made in Thailand,,,
972,Group Stage,6,,4993,FW Esports,,,
972,Group Stage,7,40000.0,8572,Purple Mood E-Sport,,,
972,Group Stage,8,10000.0,6665,Team NKT,,,
972,Closed Qualifier,1,,8572,Purple Mood E-Sport,,,
972,Closed Qualifier,2,,623,Sharper Esport,,,
972,Closed Qualifier,3,,2112,X10 Esports,,,
972,Closed Qualifier,4,,4993,FW Esports,,,
972,Open Qualifier,1,,8813,JaiSlai,,,
972,Open Qualifier,2,,8815,ABC,,,
972,Open Qualifier,3,,5428,Lumsum,,,
972,Open Qualifier,4,,6595,Sainuahualouis,,,
972,Open Qualifier,5,,8823,Free Banana and Icecream,,,
972,Open Qualifier,6,,8824,Sixtynine,,,
972,Open Qualifier,7,,7685,No Brimstone,,,
972,Open Qualifier,8,,8107,Daytrade Nursery,,,
965,Knockout,1,10000.0,2032,ONIC G,,,
965,Knockout,2,6000.0,1110,Alter Ego,,,
965,Knockout,3,3500.0,466,BOOM Esports,,,
965,Knockout,4,2000.0,2814,Bigetron Arctic,,,
965,Knockout,5,1000.0,8422,Hike Digital Esports,,,
965,Knockout,6,1000.0,8309,Persija Esports,,,
965,Group Stage,1,,2032,ONIC G,,,
965,Group Stage,2,,466,BOOM Esports,,,
965,Group Stage,3,,1110,Alter Ego,,,
965,Group Stage,4,,2814,Bigetron Arctic,,,
965,Group Stage,5,,8422,Hike Digital Esports,,,
965,Group Stage,6,,8309,Persija Esports,,,
965,Group Stage,7,500.0,3437,Dewa United Esports,,,
965,Group Stage,8,500.0,8925,ARF TEAM,,,
965,Open Qualifier,1,,2814,Bigetron Arctic,,,
965,Open Qualifier,2,,3437,Dewa United Esports,,,
965,Open Qualifier,3,,8701,Babi Guling,,,
965,Open Qualifier,4,,8422,Hike Digital Esports,,,
965,Open Qualifier,5,,8383,Team Alay,,,
965,Open Qualifier,6,,8704,Mawar Dandelion,,,
965,Open Qualifier,7,,2568,Ethereal,,,
965,Open Qualifier,8,,8698,zZz,,,
965,Open Qualifier,9,,8699,JujurlySoEZ,,,
965,Open Qualifier,10,,7591,NWJ,,,
965,Open Qualifier,11,,5254,Fisher's Esports,,,
965,Open Qualifier,12,,8703,The Surabayans,,,
965,Open Qualifier,13,,8697,5 SAHABAT,,,
965,Open Qualifier,14,,8700,Dominatus Skywolf,,,
965,Open Qualifier,15,,8702,Hati Rapuh Vandi,,,
965,Open Qualifier,16,,5958,EPIC,,,
977,Playoffs,1,7000.0,3107,Griffin E-Sports,,,
977,Playoffs,2,5000.0,8928,Ghetto Artist,,,
977,Playoffs,3,4000.0,8931,K7 Esports,,,
977,Playoffs,4,4000.0,619,Only One Word,,,
977,Playoffs,5,2500.0,8932,IVAN,,,
977,Playoffs,6,2500.0,3108,Oblivion Force,,,
977,Group Stage,1,,8928,Ghetto Artist,,,
977,Group Stage,2,,3107,Griffin E-Sports,,,
977,Group Stage,3,,3108,Oblivion Force,,,
977,Group Stage,4,,8932,IVAN,,,
977,Group Stage,5,,8931,K7 Esports,,,
977,Group Stage,6,,619,Only One Word,,,
977,Group Stage,7,2500.0,3112,TRAITORS,,,
977,Group Stage,8,2500.0,7915,Giant Submarine,,,
977,Open Qualifier,1,,619,Only One Word,,,
977,Open Qualifier,2,,8928,Ghetto Artist,,,
977,Open Qualifier,3,,7915,Giant Submarine,,,
977,Open Qualifier,4,,3112,TRAITORS,,,
977,Open Qualifier,5,,8927,PasswordTodayDate,,,
977,Open Qualifier,6,,8382,AkaLion E-sports,,,
977,Open Qualifier,7,,8929,Hungkuang Falcon,,,
977,Open Qualifier,8,,5333,Clutch Jeans,,,
963,Playoffs,1,30000.0,624,Paper Rex,,,
963,Playoffs,2,20000.0,3351,LaZe,,,
963,Playoffs,3,15000.0,6387,BLEED,,,
963,Playoffs,4,10000.0,7987,No Namers,,,
963,Playoffs,5,7000.0,1331,BearClaw Gaming,,,
963,Playoffs,6,7000.0,879,Todak,,,
963,Group Stage,1,,624,Paper Rex,,,
963,Group Stage,2,,8124,KPMOONIIBLM9,,,
963,Group Stage,3,,3351,LaZe,,,
963,Group Stage,4,,7040,Galaxy Esports,,,
963,Group Stage,5,,6387,BLEED,,,
963,Group Stage,6,,879,Todak,,,
963,Group Stage,7,3000.0,8971,Avium Esports,,,
963,Group Stage,8,3000.0,8741,Blitz Esports,,,
963,Open Qualifier (Elimination),1,,7973,OG Brudders,,,
963,Open Qualifier (Elimination),2,,879,Todak,,,
963,Open Qualifier (Elimination),3,,8741,Blitz Esports,,,
963,Open Qualifier (Elimination),4,,8124,KPMOONIIBLM9,,,
960,Regional Playoffs,1,9000.0,1208,ORDER,14.0,11.0,Stage 2 APAC: Challengers Group Stage
960,Regional Playoffs,2,5000.0,8448,BOBO,12.0,9.43,
960,Regional Playoffs,3,3500.0,8591,REIGN,10.0,7.86,
960,Regional Playoffs,4,2500.0,7313,Bonkers,8.0,6.29,
960,Regional Playoffs,5,1500.0,8538,Catgirls,6.0,4.71,
960,Regional Playoffs,6,1500.0,1319,Funcrew,4.0,3.14,
960,Regional Playoffs,7,1000.0,591,Mindfreak,3.0,2.36,
960,Regional Playoffs,8,1000.0,7312,HONEY BADGERS,2.0,1.57,
960,Open Qualifier,1,,8448,BOBO,,,
960,Open Qualifier,2,,591,Mindfreak,,,
960,Open Qualifier,3,,8538,Catgirls,,,
960,Open Qualifier,4,,7312,HONEY BADGERS,,,
960,Open Qualifier,5,,7313,Bonkers,,,
960,Open Qualifier,6,,7318,Iconic,,,
960,Open Qualifier,7,,1319,Funcrew,,,
960,Open Qualifier,8,,8536,WithYouWithMe,,,
960,Open Qualifier,9,,8535,Salt n Pepper,,,
960,Open Qualifier,10,,7320,East LA,,,
960,Open Qualifier,11,,8537,GSL.,,,
960,Open Qualifier,12,,6487,SamPhamFanClub,,,
960,Open Qualifier,13,,6192,Trident Esports,,,
960,Open Qualifier,14,,7314,KRAKEN ESC,,,
960,Open Qualifier,15,,8539,Gungahlin Warriors,,,
960,Open Qualifier,16,,8540,Polarity,,,
997,Main Event,1,0.0,2988,NORTHEPTION,,,
997,Main Event,2,0.0,5448,ZETA DIVISION,,,
997,Main Event,3,0.0,516,FAV gaming,,,
997,Main Event,4,0.0,104,REJECT,,,
997,Main Event,5,0.0,277,Crazy Raccoon,,,
997,Main Event,6,0.0,6793,Jadeite,,,
997,Main Event,7,0.0,6798,REIGNITE,,,
997,Main Event,8,0.0,294,CREST GAMING Zst,,,
926,Playoffs,1,200000.0,8127,OpTic Gaming,750.0,11.0,
926,Playoffs,2,120000.0,6961,LOUD,500.0,7.33,
926,Playoffs,3,85000.0,5448,ZETA DIVISION,400.0,5.87,
926,Playoffs,4,65000.0,624,Paper Rex,300.0,4.4,
926,Playoffs,5,40000.0,257,G2 Esports,250.0,3.67,
926,Playoffs,6,40000.0,8185,DRX,250.0,3.67,
926,Playoffs,7,25000.0,6675,The Guard,200.0,2.93,
926,Playoffs,8,25000.0,474,Team Liquid,200.0,2.93,
926,Playoffs,8,25000.0,628,FunPlus Phoenix,200.0,2.93,Absent from event; awarded default prize
926,Group Stage,9,15000.0,7391,Ninjas In Pyjamas,150.0,11.0,
926,Group Stage,10,15000.0,7397,XERXIA Esports,150.0,11.0,
926,Group Stage,11,10000.0,2593,FNATIC,125.0,9.17,
926,Group Stage,12,10000.0,2355,KRÜ Esports,125.0,9.17,
955,Round 3,1,5000000.0,8586,Kantic 2.0,,,
955,Round 3,2,3000000.0,7912,Cat Gang,,,
955,Round 3,3,1000000.0,4860,Dominus Esports,,,
955,Round 3,4,1000000.0,8587,The Mad Men,,,
955,Round 2,1,5000000.0,7961,MadHood,,,
955,Round 2,2,3000000.0,7065,Penguins and Frogs,,,
955,Round 2,3,1000000.0,8545,Lavie,,,
955,Round 2,4,1000000.0,7912,Cat Gang,,,
955,Round 1,1,5000000.0,8469,Team Deadshot,,,
955,Round 1,2,3000000.0,8467,Made In Vietnam,,,
955,Round 1,3,1000000.0,8470,VICTORY,,,
955,Round 1,4,1000000.0,8468,Peeky Blinders,,,
885,Promotion,1,,6882,FOKUS,,,
885,Promotion,2,,472,BIG,,,
885,Promotion,3,,4696,Surreal Esports,,,
885,Promotion,4,,6750,Rebels Gaming,,,
885,Promotion,5,,4567,Papara SuperMassive,,,
885,Promotion,6,,5441,Anonymo Esports,,,
885,Play-In,7,,3525,EXCEL,,,
885,Play-In,8,,7969,Team Falcons,,,
885,Play-In,9,,7963,Sector One,,,
948,Main Event,1,,7391,Ninjas In Pyjamas,,,
948,Main Event,2,,2359,LEVIATÁN,,,
925,Regional Finals,1,25000.0,2355,KRÜ Esports,,,Masters 1: Reykjavík
925,Regional Finals,2,12500.0,2359,LEVIATÁN,55.0,11.0,LATAM/BR Stage 1: Last Chance Qualifier
925,Regional Finals,3,7500.0,724,E-Xolos LAZER,50.0,10.0,
925,Regional Finals,4,5000.0,7269,FUSION,45.0,9.0,
799,Main Event,1,50000.0,6675,The Guard,,,Masters 1: Reykjavík
799,Main Event,2,32000.0,8127,OpTic Gaming,,,Masters 1: Reykjavík
799,Main Event,3,26000.0,188,Cloud9,50.0,11.0,
799,Main Event,4,20000.0,533,XSET,45.0,9.9,
799,Main Event,5,14000.0,2815,Version1,35.0,7.7,
799,Main Event,6,14000.0,642,Luminosity,35.0,7.7,
799,Main Event,7,10000.0,2,Sentinels,30.0,6.6,
799,Main Event,8,10000.0,1615,Knights,30.0,6.6,
799,Group Stage,1,,188,Cloud9,,,Main Event
799,Group Stage,2,,2815,Version1,,,Main Event
799,Group Stage,3,,6675,The Guard,,,Main Event
799,Group Stage,4,,8127,OpTic Gaming,,,Main Event
799,Group Stage,5,,533,XSET,,,Main Event
799,Group Stage,6,,2,Sentinels,,,Main Event
799,Group Stage,7,,642,Luminosity,,,Main Event
799,Group Stage,8,,1615,Knights,,,Main Event
799,Group Stage,9,6000.0,120,100 Thieves,15.0,11.0,
799,Group Stage,10,6000.0,1034,NRG,15.0,11.0,
799,Group Stage,11,6000.0,5248,Evil Geniuses,10.0,7.33,
799,Group Stage,12,6000.0,337,FaZe Clan,10.0,7.33,
799,Open Qualifier #2,1,,5248,Evil Geniuses,,,
799,Open Qualifier #2,2,,1615,Knights,,,
799,Open Qualifier #2,3,,642,Luminosity,,,
799,Open Qualifier #2,4,,637,Rise,,,
799,Open Qualifier #2,5,,2350,Soniqs,,,
799,Open Qualifier #2,6,,473,Built By Gamers,,,
799,Open Qualifier #2,7,,4940,Pioneers,,,
799,Open Qualifier #2,8,,6461,Akrew,,,
799,Open Qualifier #2,9,,2291,Ghost Gaming,,,
799,Open Qualifier #2,10,,5444,Bait Academy,,,
799,Open Qualifier #2,11,,106,TSM,,,
799,Open Qualifier #2,12,,468,Renegades,,,
799,Open Qualifier #2,13,,4388,Cosmic Divide,,,
799,Open Qualifier #2,14,,856,Andbox,,,
799,Open Qualifier #2,15,,470,Complexity,,,
799,Open Qualifier #2,16,,17,Gen.G,,,
799,Open Qualifier #2,17,,6164,Radiance,,,
799,Open Qualifier #2,18,,14,T1,,,
799,Open Qualifier #2,19,,337,FaZe Clan,,,
799,Open Qualifier #2,20,,4345,SoaR,,,
799,Open Qualifier #2,21,,7966,Pack a Punch,,,
799,Open Qualifier #2,22,,7853,Run it Down,,,
799,Open Qualifier #2,23,,2348,VIRTUOSO,,,
799,Open Qualifier #2,24,,5832,Zero MarksMen Black,,,
799,Open Qualifier #2,25,,8052,Reformed,,,
799,Open Qualifier #2,26,,1654,Archons,,,
799,Open Qualifier #2,27,,6653,GunsForHire,,,
799,Open Qualifier #2,28,,3337,BASILISK,,,
799,Open Qualifier #2,29,,793,Moon Raccoons,,,
799,Open Qualifier #2,30,,6146,Team Rocket,,,
799,Open Qualifier #2,31,,8063,OMICRON,,,
799,Open Qualifier #2,32,,4880,Synergy,,,
799,Open Qualifier #1,1,,2815,Version1,,,
799,Open Qualifier #1,2,,533,XSET,,,
799,Open Qualifier #1,3,,6675,The Guard,,,
799,Open Qualifier #1,4,,1034,NRG,,,
799,Open Qualifier #1,5,,6461,Akrew,,,
799,Open Qualifier #1,6,,637,Rise,,,
799,Open Qualifier #1,7,,106,TSM,,,
799,Open Qualifier #1,8,,1615,Knights,,,
799,Open Qualifier #1,9,,14,T1,,,
799,Open Qualifier #1,10,,5444,Bait Academy,,,
799,Open Qualifier #1,11,,2350,Soniqs,,,
799,Open Qualifier #1,12,,4940,Pioneers,,,
799,Open Qualifier #1,13,,642,Luminosity,,,
799,Open Qualifier #1,14,,856,Andbox,,,
799,Open Qualifier #1,15,,17,Gen.G,,,
799,Open Qualifier #1,16,,3337,BASILISK,,,
799,Open Qualifier #1,17,,4345,SoaR,,,
799,Open Qualifier #1,18,,5832,Zero MarksMen Black,,,
799,Open Qualifier #1,19,,7966,Pack a Punch,,,
799,Open Qualifier #1,20,,6164,Radiance,,,
799,Open Qualifier #1,21,,468,Renegades,,,
799,Open Qualifier #1,22,,4388,Cosmic Divide,,,
799,Open Qualifier #1,23,,337,FaZe Clan,,,
799,Open Qualifier #1,24,,470,Complexity,,,
799,Open Qualifier #1,25,,5482,Kowareta,,,
799,Open Qualifier #1,26,,4880,Synergy,,,
799,Open Qualifier #1,27,,473,Built By Gamers,,,
799,Open Qualifier #1,28,,5248,Evil Geniuses,,,
799,Open Qualifier #1,29,,4529,IlluZion,,,
799,Open Qualifier #1,30,,2291,Ghost Gaming,,,
799,Open Qualifier #1,31,,2348,VIRTUOSO,,,
799,Open Qualifier #1,32,,4346,DarkZero Esports,,,
854,Playoffs,1,40000.0,628,FunPlus Phoenix,,,Masters 1: Reykjavík
854,Playoffs,2,30000.0,257,G2 Esports,,,Masters 1: Reykjavík
854,Playoffs,3,22000.0,2593,FNATIC,,,Masters 1: Reykjavík
854,Playoffs,4,18000.0,474,Team Liquid,,,
854,Playoffs,5,15000.0,1209,Guild Esports,50.0,11.0,
854,Playoffs,6,15000.0,8326,M3 Champions,50.0,11.0,
854,Group Stage,7,12000.0,4915,Natus Vincere,45.0,11.0,
854,Group Stage,8,12000.0,397,BBL Esports,45.0,11.0,
854,Group Stage,9,10000.0,6460,LDN UTD,40.0,9.78,
854,Group Stage,10,10000.0,3531,Acend,40.0,9.78,
854,Group Stage,11,8000.0,472,BIG,35.0,8.56,VCT Promotion
854,Group Stage,12,8000.0,4567,Papara SuperMassive,35.0,8.56,VCT Promotion
850,Playoffs,1,30000000.0,8185,DRX,,,Masters 1: Reykjavík
850,Playoffs,2,20000000.0,8182,Incheon On Sla2ers,55.0,11.0,
850,Playoffs,3,15000000.0,8075,HolyMolly,50.0,10.0,
850,Playoffs,4,11000000.0,2542,DAMWON Gaming,45.0,9.0,
850,Playoffs,5,8000000.0,8086,Maru Gaming,40.0,8.0,
850,Playoffs,6,8000000.0,2554,World Game Star,40.0,8.0,
850,Group Stage,1,,8185,DRX,,,Challengers Playoffs
850,Group Stage,2,,8182,Incheon On Sla2ers,,,Challengers Playoffs
850,Group Stage,3,,2542,DAMWON Gaming,,,Challengers Playoffs
850,Group Stage,4,,2554,World Game Star,,,Challengers Playoffs
850,Group Stage,5,,8086,Maru Gaming,,,Challengers Playoffs
850,Group Stage,6,,8075,HolyMolly,,,Challengers Playoffs
850,Group Stage,7,5000000.0,8088,Team T5,30.0,11.0,
850,Group Stage,8,3000000.0,8082,Desperado,25.0,9.17,
850,Open Qualifier: Ro42,1,,8088,Team T5,,,
850,Open Qualifier: Ro42,2,,8090,Next eSports,,,
850,Open Qualifier: Ro42,3,,7896,Team GP,,,
850,Open Qualifier: Ro42,4,,8099,CNJ Esports,,,
850,Open Qualifier: Ro42,5,,6995,ESportsConnected,,,
850,Open Qualifier: Ro42,6,,2559,SPEAR GAMING,,,
850,Open Qualifier: Ro42,7,,8104,Veronica7,,,
850,Open Qualifier: Ro42,8,,8094,Pentagon,,,
850,Open Qualifier: Ro42,9,,8075,HolyMolly,,,
850,Open Qualifier: Ro42,10,,8079,VPZ,,,
850,Open Qualifier: Ro42,11,,8082,Desperado,,,
850,Open Qualifier: Ro42,12,,6622,Team LuZi,,,
850,Open Qualifier: Ro42,13,,8086,Maru Gaming,,,
850,Open Qualifier: Ro42,14,,6725,Warriors Esports,,,
850,Open Qualifier: Ro42,15,,8092,Team Inv,,,
850,Open Qualifier: Ro42,16,,8100,Amollang,,,
850,Open Qualifier: Ro42,17,,8101,Veni Vidi Vici,,,
850,Open Qualifier: Ro42,18,,5340,Straight Warfare,,,
850,Open Qualifier: Ro42,19,,1132,CNEsports,,,
850,Open Qualifier: Ro42,20,,8097,miracle victory,,,
850,Open Qualifier: Ro42,21,,5339,oFby,,,
850,Open Qualifier: Ro42,22,,8080,KPZ,,,
850,Open Qualifier: Ro42,23,,8081,LEVEL UP,,,
850,Open Qualifier: Ro42,24,,6624,INS4NE,,,
850,Open Qualifier: Ro42,25,,8087,Acris Esports,,,
850,Open Qualifier: Ro42,26,,8093,Never Surrender,,,
850,Open Qualifier: Ro42,27,,8098,Bottom Fraggers,,,
850,Open Qualifier: Ro42,28,,8102,1TK,,,
850,Open Qualifier: Ro42,29,,8103,WNF Esports,,,
850,Open Qualifier: Ro42,30,,8105,PieSKipper,,,
850,Open Qualifier: Ro42,31,,8091,18again,,,
850,Open Qualifier: Ro42,32,,8096,zerotwo,,,
850,Open Qualifier: Ro42,33,,8076,Flying High,,,
850,Open Qualifier: Ro42,34,,1329,Fiat Lux,,,
850,Open Qualifier: Ro42,35,,8083,PC,,,
850,Open Qualifier: Ro42,36,,8084,Lone Way E-SPORTS,,,
850,Open Qualifier: Ro42,37,,8077,FIRST PIECE,,,
850,Open Qualifier: Ro42,38,,8078,GCA,,,
850,Open Qualifier: Ro42,39,,5346,Alpha Six Gaming,,,
850,Open Qualifier: Ro42,40,,8085,No Smoke,,,
850,Open Qualifier: Ro42,41,,8089,SNJ,,,
850,Open Qualifier: Ro42,42,,8095,nice try,,,
853,Playoffs,1,1000000.0,5448,ZETA DIVISION,,,Masters 1: Reykjavík
853,Playoffs,2,500000.0,277,Crazy Raccoon,55.0,11.0,
853,Playoffs,3,200000.0,6869,IGZIST,50.0,10.0,
853,Playoffs,4,100000.0,516,FAV gaming,45.0,9.0,
853,Playoffs,5,50000.0,2988,NORTHEPTION,40.0,8.0,
853,Playoffs,6,50000.0,104,REJECT,40.0,8.0,
853,Playoffs,7,50000.0,294,CREST GAMING Zst,35.0,7.0,
853,Playoffs,8,50000.0,6798,REIGNITE,35.0,7.0,
884,Knockouts,1,30000.0,624,Paper Rex,,,Masters 1: Reykjavík
884,Knockouts,2,20000.0,7397,XERXIA Esports,,,Masters 1: Reykjavík
884,Knockouts,3,12500.0,6387,BLEED,55.0,11.0,
884,Knockouts,4,10000.0,466,BOOM Esports,50.0,10.0,
884,Knockouts,5,8750.0,8309,Persija Esports,45.0,9.0,
884,Knockouts,6,8750.0,4050,FULL SENSE,45.0,9.0,
884,Knockouts,7,7500.0,4210,Made in Thailand,40.0,8.0,
884,Knockouts,8,7500.0,4150,South Built Esports,40.0,8.0,
884,Group Stage,9,5000.0,4325,CERBERUS Esports,35.0,11.0,
884,Group Stage,10,5000.0,7313,Bonkers,35.0,11.0,
884,Group Stage,11,5000.0,2032,ONIC G,35.0,11.0,
884,Group Stage,12,5000.0,799,Velocity Gaming,35.0,11.0,
884,Group Stage,13,4000.0,7987,No Namers,30.0,9.43,
884,Group Stage,14,4000.0,4330,Fancy United Esports,30.0,9.43,
884,Group Stage,15,4000.0,7031,NAOS,30.0,9.43,
884,Group Stage,16,4000.0,3108,Oblivion Force,30.0,9.43,
884,Play-Ins,17,2500.0,5366,Action PH,25.0,11.0,
884,Play-Ins,18,2500.0,3107,Griffin E-Sports,25.0,11.0,
884,Play-Ins,19,2000.0,5931,Team Big BAAM,20.0,8.8,
884,Play-Ins,20,2000.0,918,Global Esports,20.0,8.8,
845,Play-In,1,7000.0,2359,LEVIATÁN,,,
845,Play-In,2,5000.0,2355,KRÜ Esports,,,
845,Play-In,3,3000.0,367,9z Team,30.0,11.0,
845,Play-In,4,,2354,Optix,20.0,7.33,
845,Group Stage,1,,2355,KRÜ Esports,,,Play-In
845,Group Stage,2,,2359,LEVIATÁN,,,Play-In
845,Group Stage,3,,367,9z Team,,,Play-In
845,Group Stage,4,,2354,Optix,,,Play-In
845,Group Stage,5,,7695,EBRO Gaming,10.0,11.0,
845,Group Stage,6,,3942,Meta Gaming,5.0,5.5,
852,Main Event,1,,2988,NORTHEPTION,,,
852,Main Event,2,,294,CREST GAMING Zst,,,
852,Main Event,3,,516,FAV gaming,,,
852,Main Event,4,,6798,REIGNITE,,,
852,Main Event,5,,2108,BLUE BEES.ESP,,,
852,Main Event,6,,205,DeToNator,,,
852,Main Event,7,,2934,FENNEL,,,
852,Main Event,8,,283,Sengoku Gaming,,,
852,Open Qualifier,1,,294,CREST GAMING Zst,,,
852,Open Qualifier,2,,6798,REIGNITE,,,
852,Open Qualifier,3,,205,DeToNator,,,
852,Open Qualifier,4,,516,FAV gaming,,,
844,Play-In,1,7000.0,724,E-Xolos LAZER,,,
844,Play-In,2,5000.0,7269,FUSION,,,
844,Play-In,3,3000.0,4094,Six Karma,30.0,11.0,
844,Play-In,4,,363,INFINITY,20.0,7.33,
844,Group Stage,1,,724,E-Xolos LAZER,,,Play-In
844,Group Stage,2,,4094,Six Karma,,,Play-In
844,Group Stage,3,,7269,FUSION,,,Play-In
844,Group Stage,4,,363,INFINITY,,,Play-In
844,Group Stage,5,,2364,Ryze Gaming,10.0,11.0,
844,Group Stage,6,,3322,Border Monsters,5.0,5.5,
842,Playoffs,1,250000.0,7397,XERXIA Esports,,,
842,Playoffs,2,165000.0,4210,Made in Thailand,,,
842,Playoffs,3,120000.0,4050,FULL SENSE,,,
842,Playoffs,4,80000.0,6665,Team NKT,,,
842,Playoffs,5,30000.0,623,Sharper Esport,,,
842,Playoffs,6,30000.0,497,Attack All Around,,,
842,Playoffs,7,30000.0,4875,47 Gaming,,,
842,Playoffs,8,,2112,X10 Esports,,,
842,Group Stage,9,16500.0,8107,Daytrade Nursery,,,
842,Group Stage,10,16500.0,4993,FW Esports,,,
842,Group Stage,11,16500.0,8106,Gelida Esports,,,
842,Group Stage,12,16500.0,1485,Aricat Esport Family,,,
842,Group Stage,13,8000.0,5428,Lumsum,,,
842,Group Stage,14,8000.0,7685,No Brimstone,,,
842,Group Stage,15,8000.0,7684,Team JOBSO,,,
842,Group Stage,16,8000.0,8011,Heat Waves,,,
842,Qualifier #2,1,,4875,47 Gaming,,,
842,Qualifier #2,2,,8011,Heat Waves,,,
842,Qualifier #2,3,,7682,Sdobbies,,,
842,Qualifier #2,4,,7684,Team JOBSO,,,
842,Qualifier #2,5,,7685,No Brimstone,,,
842,Qualifier #2,6,,7680,Aricat Esport Academy,,,
842,Qualifier #1,1,,5428,Lumsum,,,
842,Qualifier #1,2,,4993,FW Esports,,,
842,Qualifier #1,3,,6944,The Reaper,,,
842,Qualifier #1,4,,497,Attack All Around,,,
842,Qualifier #1,5,,4210,Made in Thailand,,,
842,Qualifier #1,6,,6665,Team NKT,,,
823,Playoffs,1,10000.0,466,BOOM Esports,,,
823,Playoffs,2,5000.0,7600,BOY WITH LOVE,,,
823,Playoffs,3,3500.0,2032,ONIC G,,,
823,Playoffs,4,1000.0,1110,Alter Ego,,,
823,Playoffs,5,500.0,3437,Dewa United Esports,,,
823,Playoffs,6,500.0,2814,Bigetron Arctic,,,
823,Playoffs,7,210.0,2568,Ethereal,,,
823,Playoffs,8,210.0,5960,BEAST,,,
823,Group Stage,9,,4061,Team Frog,,,
823,Group Stage,10,,7390,Lords of Heist,,,
823,Group Stage,11,,7592,BIG GAMING ID,,,
823,Group Stage,12,,7620,Team Pelarian,,,
823,Group Stage,13,,3652,Morph Impact,,,
823,Group Stage,14,,7585,Bob the Builder,,,
823,Group Stage,15,,7618,Cereal Killers,,,
823,Group Stage,16,,7578,Team F,,,
823,Open Qualifier #2,1,315.0,7390,Lords of Heist,,,
823,Open Qualifier #2,2,315.0,7600,BOY WITH LOVE,,,
823,Open Qualifier #2,3,315.0,2814,Bigetron Arctic,,,
823,Open Qualifier #2,4,315.0,7592,BIG GAMING ID,,,
823,Open Qualifier #2,5,210.0,3652,Morph Impact,,,
823,Open Qualifier #2,6,210.0,4061,Team Frog,,,
823,Open Qualifier #2,7,210.0,2568,Ethereal,,,
823,Open Qualifier #2,8,210.0,7578,Team F,,,
823,Open Qualifier #2,9,210.0,7585,Bob the Builder,,,
823,Open Qualifier #2,10,210.0,3437,Dewa United Esports,,,
823,Open Qualifier #2,11,145.0,5960,BEAST,,,
823,Open Qualifier #2,12,145.0,7620,Team Pelarian,,,
823,Open Qualifier #2,13,145.0,7618,Cereal Killers,,,
851,Main Event,1,,104,REJECT,,,
851,Main Event,2,,5448,ZETA DIVISION,,,
851,Main Event,3,,6869,IGZIST,,,
851,Main Event,4,,277,Crazy Raccoon,,,
851,Main Event,5,,2934,FENNEL,,,
851,Main Event,6,,2108,BLUE BEES.ESP,,,
851,Main Event,7,,283,Sengoku Gaming,,,
851,Main Event,8,,2988,NORTHEPTION,,,
851,Open Qualifier,1,,104,REJECT,,,
851,Open Qualifier,2,,2934,FENNEL,,,
851,Open Qualifier,3,,277,Crazy Raccoon,,,
851,Open Qualifier,4,,2108,BLUE BEES.ESP,,,
851,Open Qualifier,5,,6869,IGZIST,,,
851,Open Qualifier,6,,283,Sengoku Gaming,,,
851,Open Qualifier,7,,5448,ZETA DIVISION,,,
851,Open Qualifier,8,,2988,NORTHEPTION,,,
840,Grand Finals,1,15000.0,799,Velocity Gaming,,,
840,Grand Finals,2,7500.0,918,Global Esports,,,
840,Grand Finals,3,3000.0,2917,Enigma Gaming,,,
840,Grand Finals,4,3000.0,4809,Team Exploit,,,
840,Playoffs,5,,797,God Particles,,,
840,Playoffs,6,,910,Exceeli Esports,,,
840,Playoffs,7,,8108,Khumbu Esports,,,
840,Playoffs,8,,795,Union Gaming,,,
840,Wildcard,1,,918,Global Esports,,,
840,Wildcard,2,,797,God Particles,,,
840,Wildcard,3,,4808,Salt Esports,,,
840,Wildcard,4,,8027,M1syl and friends,,,
840,Wildcard,5,,8112,Maruti Peek,,,
840,Wildcard,6,,5902,Crash Landin on You,,,
840,NP/BT Qualifier,1,,8108,Khumbu Esports,,,
840,NP/BT Qualifier,2,,8112,Maruti Peek,,,
840,NP/BT Qualifier,3,,8111,Academy Gaming,,,
840,NP/BT Qualifier,4,,8115,Everyone's Nemesis,,,
840,NP/BT Qualifier,5,,8109,Dark Circle,,,
840,NP/BT Qualifier,6,,8110,GodGamers,,,
840,NP/BT Qualifier,7,,8113,Elon Homies,,,
840,NP/BT Qualifier,8,,8114,ONI,,,
840,IN Qualifier #2,1,,799,Velocity Gaming,,,
840,IN Qualifier #2,2,,797,God Particles,,,
840,IN Qualifier #2,3,,918,Global Esports,,,
840,IN Qualifier #2,4,,4733,True Rippers,,,
840,IN Qualifier #2,5,,4829,Team Valor,,,
840,IN Qualifier #2,6,,8071,NOGAS Esports,,,
840,IN Qualifier #2,7,,1958,tryouts,,,
840,IN Qualifier #2,8,,1033,Reckoning Esports,,,
840,IN Qualifier #2,9,,8069,W Streak Esports,,,
840,IN Qualifier #2,10,,4680,Team 69,,,
840,IN Qualifier #2,11,,8070,Team Astra,,,
840,IN Qualifier #2,12,,8072,Anime Aimers,,,
840,IN Qualifier #2,13,,7041,Optimistic eSports,,,
840,IN Qualifier #2,14,,8073,Tunker,,,
840,IN Qualifier #2,15,,7040,Galaxy Esports,,,
840,IN Qualifier #2,16,,7897,Aristocrats,,,
840,LK/MV Qualifier,1,,795,Union Gaming,,,
840,LK/MV Qualifier,2,,5902,Crash Landin on You,,,
840,LK/MV Qualifier,3,,5904,m.eS Revolutionary Gamers,,,
840,LK/MV Qualifier,4,,5905,nA Whiff Masters,,,
840,LK/MV Qualifier,5,,8031,Hyperzero,,,
840,LK/MV Qualifier,6,,8033,Team 12,,,
840,LK/MV Qualifier,7,,8035,Team craze,,,
840,LK/MV Qualifier,8,,8036,Cloud Nein,,,
840,BD Qualifier,1,,910,Exceeli Esports,,,
840,BD Qualifier,2,,8027,M1syl and friends,,,
840,BD Qualifier,3,,5935,SE Necrosis,,,
840,BD Qualifier,4,,8030,MLT Esports,,,
840,BD Qualifier,5,,8025,AE Ravenous,,,
840,BD Qualifier,6,,8026,NPGTxD,,,
840,BD Qualifier,7,,8028,Aurelius Esports,,,
840,BD Qualifier,8,,8029,LFO,,,
840,PK/AF Qualifier,1,,4809,Team Exploit,,,
840,PK/AF Qualifier,2,,4808,Salt Esports,,,
840,PK/AF Qualifier,3,,8023,Paradise Esports,,,
840,PK/AF Qualifier,4,,6384,Clarity Esports,,,
840,PK/AF Qualifier,5,,7034,GotyPeeks,,,
840,PK/AF Qualifier,6,,4807,Team Arrow,,,
840,PK/AF Qualifier,7,,8024,Fitoor Esports,,,
840,PK/AF Qualifier,8,,6477,Fear Legends,,,
840,IN Qualifier #1,1,,2917,Enigma Gaming,,,
840,IN Qualifier #1,2,,918,Global Esports,,,
840,IN Qualifier #1,3,,4733,True Rippers,,,
840,IN Qualifier #1,4,,799,Velocity Gaming,,,
840,IN Qualifier #1,5,,797,God Particles,,,
840,IN Qualifier #1,6,,1958,tryouts,,,
840,IN Qualifier #1,7,,1033,Reckoning Esports,,,
840,IN Qualifier #1,8,,4680,Team 69,,,
840,IN Qualifier #1,9,,7897,Aristocrats,,,
840,IN Qualifier #1,10,,7898,Blind Esports,,,
840,IN Qualifier #1,11,,6472,M42 Esports,,,
840,IN Qualifier #1,12,,7899,Amigos Esports,,,
840,IN Qualifier #1,13,,7900,Monkey Bite Esports,,,
840,IN Qualifier #1,14,,2144,ChillinWithFriends,,,
840,IN Qualifier #1,15,,7901,Pacific Gaming,,,
840,IN Qualifier #1,16,,7902,Team Wizard,,,
841,Playoffs,1,10000.0,4150,South Built Esports,,,
841,Playoffs,2,7500.0,7031,NAOS,,,
841,Playoffs,3,4000.0,5366,Action PH,,,
841,Playoffs,4,1500.0,3136,Oasis Gaming,,,
841,Playoffs,5,1000.0,4855,Zeal Esports,,,
841,Playoffs,6,1000.0,6199,Team Secret,,,
841,Group Stage,1,1000.0,3136,Oasis Gaming,,,
841,Group Stage,2,1000.0,7031,NAOS,,,
841,Group Stage,3,750.0,6199,Team Secret,,,
841,Group Stage,4,750.0,4855,Zeal Esports,,,
841,Group Stage,5,500.0,5366,Action PH,,,
841,Group Stage,6,500.0,4150,South Built Esports,,,
841,Group Stage,7,250.0,6389,Bren Esports,,,
841,Group Stage,8,250.0,8001,Looking for Org,,,
841,Open Qualifier,1,,7031,NAOS,,,
841,Open Qualifier,2,,6389,Bren Esports,,,
841,Open Qualifier,3,,8001,Looking for Org,,,
841,Open Qualifier,4,,3136,Oasis Gaming,,,
841,Open Qualifier,5,,5366,Action PH,,,
841,Open Qualifier,6,,4150,South Built Esports,,,
883,Finals,1,200000000.0,4325,CERBERUS Esports,,,
883,Finals,2,100000000.0,4330,Fancy United Esports,,,
883,Finals,3,80000000.0,5931,Team Big BAAM,,,
883,Finals,4,60000000.0,7063,UBT Esports,,,
883,Finals,5,40000000.0,7066,OK,,,
883,Finals,6,40000000.0,7061,Team Joy,,,
883,Finals,7,40000000.0,7057,Brave Wolves,,,
883,Finals,8,40000000.0,6969,Fenix Gaming,,,
883,Group Stage,9,5000000.0,6776,The Meaps,,,
883,Group Stage,10,5000000.0,6970,Take It Easy,,,
883,Group Stage,11,5000000.0,7060,Nghiện Thêm Lần Nữ,,,
883,Group Stage,12,5000000.0,7675,chiu,,,
883,Group Stage,13,5000000.0,7650,Space Walkers,,,
883,Group Stage,14,5000000.0,7394,The Mad Men 2,,,
883,Group Stage,15,5000000.0,5953,Lipxitus,,,
883,Group Stage,16,5000000.0,7911,Fear of God,,,
858,Playoffs,1,25000.0,624,Paper Rex,,,
858,Playoffs,2,15000.0,6387,BLEED,,,
858,Playoffs,3,10000.0,7987,No Namers,,,
858,Playoffs,4,7500.0,6718,Huat Zai,,,
858,Playoffs,5,5000.0,7985,Fastelle,,,
858,Playoffs,6,5000.0,8124,KPMOONIIBLM9,,,
858,Playoffs,7,4000.0,7980,Madness Esports,,,
858,Playoffs,8,4000.0,6942,no.men,,,
858,Group Stage,9,3000.0,879,Todak,,,
858,Group Stage,10,3000.0,1919,Kingsmen,,,
858,Group Stage,11,3000.0,8022,Inertia,,,
858,Group Stage,12,3000.0,7978,Team UNN,,,
858,Group Stage,13,2000.0,6943,You Guys Get Paid?,,,
858,Group Stage,14,2000.0,7982,FATAL,,,
858,Group Stage,15,2000.0,7971,Team Sync,,,
858,Group Stage,16,,7973,OG Brudders,,,
858,Last Chance Qualifier,1,,6943,You Guys Get Paid?,,,
858,Last Chance Qualifier,2,,6844,shiba n the homies,,,
858,Last Chance Qualifier,3,,7972,Brax n The Homies,,,
858,Last Chance Qualifier,4,,7992,Team ZeN,,,
858,Open Qualifier,1,,7971,Team Sync,,,
858,Open Qualifier,2,,7973,OG Brudders,,,
858,Open Qualifier,3,,7980,Madness Esports,,,
858,Open Qualifier,4,,7982,FATAL,,,
858,Open Qualifier,5,,7985,Fastelle,,,
858,Open Qualifier,6,,6718,Huat Zai,,,
858,Open Qualifier,7,,879,Todak,,,
858,Open Qualifier,8,,6387,BLEED,,,
858,Open Qualifier,9,,7978,Team UNN,,,
858,Open Qualifier,10,,6942,no.men,,,
858,Open Qualifier,11,,8022,Inertia,,,
858,Open Qualifier,12,,7987,No Namers,,,
858,Open Qualifier,12,,6943,You Guys Get Paid?,,,
858,Open Qualifier,13,,7972,Brax n The Homies,,,
858,Open Qualifier,14,,7992,Team ZeN,,,
858,Open Qualifier,15,,6844,shiba n the homies,,,
879,Playoffs,1,7000.0,3108,Oblivion Force,,,
879,Playoffs,2,5000.0,3107,Griffin E-Sports,,,
879,Playoffs,3,4000.0,3490,LP33,,,
879,Playoffs,4,4000.0,6397,Five Ace Esports,,,
879,Group Stage,5,2500.0,7916,I Need Money,,,
879,Group Stage,6,2500.0,7915,Giant Submarine,,,
879,Open Qualifier,1,,3490,LP33,,,
879,Open Qualifier,2,,3107,Griffin E-Sports,,,
879,Open Qualifier,3,,6397,Five Ace Esports,,,
879,Open Qualifier,4,,7916,I Need Money,,,
879,Open Qualifier,5,,3108,Oblivion Force,,,
879,Open Qualifier,6,,7915,Giant Submarine,,,
879,Open Qualifier,7,,7914,Fire,,,
879,Open Qualifier,8,,4275,Problem Child,,,
795,Closed Qualifier,1,,257,G2 Esports,,,
795,Closed Qualifier,2,,6460,LDN UTD,,,
795,Closed Qualifier,3,,3525,EXCEL,,,
795,Closed Qualifier,4,,2059,Team Vitality,,,
795,Closed Qualifier,5,,4663,TENSTAR,,,
795,Closed Qualifier,6,,2533,Alliance,,,
795,Closed Qualifier,7,,6750,Rebels Gaming,,,
795,Closed Qualifier,8,,673,Finest,,,
829,Playoffs,1,100000.0,6961,LOUD,,,Masters 1: Reykjavík
829,Playoffs,2,75000.0,7391,Ninjas In Pyjamas,,,LATAM/BR Stage 1: Last Chance Qualifier
829,Playoffs,3,50000.0,4894,Keyd Stars,50.0,11.0,
829,Playoffs,4,40000.0,2406,FURIA,45.0,9.9,
829,Playoffs,5,32500.0,243,Gamelanders Blue,40.0,8.8,
829,Playoffs,6,32500.0,6946,TBK Esports,40.0,8.8,
829,Group Stage,7,25000.0,581,Liberty,35.0,11.0,Relegation
829,Group Stage,8,25000.0,1916,INGAMING Esports,35.0,11.0,Relegation
829,Group Stage,9,12500.0,420,Team Vikings,30.0,9.43,Relegation
829,Group Stage,10,12500.0,3512,Sharks Esports,30.0,9.43,Relegation
829,Open Qualifier #2,1,,5322,Botafogo eSports,,,
829,Open Qualifier #2,2,,7349,Renegados,,,
829,Open Qualifier #2,3,,7309,B4 Esports,,,
829,Open Qualifier #2,4,,6406,SG e-Sports,,,
829,Open Qualifier #2,5,,7667,Last Dance,,,
829,Open Qualifier #2,6,,6766,Mowil Esports,,,
829,Open Qualifier #2,7,,7344,TRY eSports,,,
829,Open Qualifier #2,8,,7640,4 ruim e 1 ruim,,,
829,Open Qualifier #1,1,,5322,Botafogo eSports,,,
829,Open Qualifier #1,2,,7370,Pancada e Amigos,,,
829,Open Qualifier #1,3,,7637,não temos um plano,,,
829,Open Qualifier #1,4,,7349,Renegados,,,
829,Open Qualifier #1,5,,6884,Treinão do Fra,,,
829,Open Qualifier #1,6,,7355,RD E-SPORTS,,,
829,Open Qualifier #1,7,,6479,LilBabies,,,
829,Open Qualifier #1,8,,7309,B4 Esports,,,
830,Regional Playoffs,1,9000.0,7313,Bonkers,,,Stage 1 APAC: Challengers
830,Regional Playoffs,2,5000.0,1208,ORDER,8.0,11.0,
830,Regional Playoffs,3,3500.0,7318,Iconic,6.0,8.25,
830,Regional Playoffs,4,2500.0,1319,Funcrew,5.0,6.88,
830,Regional Playoffs,5,1500.0,591,Mindfreak,4.0,5.5,
830,Regional Playoffs,6,1500.0,7312,HONEY BADGERS,3.0,4.12,
830,Regional Playoffs,7,1000.0,6726,Crima's Disciples,,,
830,Regional Playoffs,8,1000.0,7319,MEOW MEOW,1.0,1.38,
830,Open Qualifier,1,,7312,HONEY BADGERS,,,
830,Open Qualifier,2,,6726,Crima's Disciples,,,
830,Open Qualifier,3,,7319,MEOW MEOW,,,
830,Open Qualifier,4,,7313,Bonkers,,,
830,Open Qualifier,5,,7318,Iconic,,,
830,Open Qualifier,6,,1319,Funcrew,,,
812,Round 5,1,5000000.0,6970,Take It Easy,,,
812,Round 5,2,3000000.0,7066,OK,,,
812,Round 5,3,1000000.0,6969,Fenix Gaming,,,
812,Round 5,4,1000000.0,7060,Nghiện Thêm Lần Nữ,,,
812,Round 5,5,,7911,Fear of God,,,
812,Round 5,6,,5953,Lipxitus,,,
812,Round 5,7,,7961,MadHood,,,
812,Round 5,8,,4322,TiAMAT,,,
812,Round 4,1,5000000.0,7057,Brave Wolves,,,
812,Round 4,2,3000000.0,7675,chiu,,,
812,Round 4,4,1000000.0,7394,The Mad Men 2,,,
812,Round 4,5,,6970,Take It Easy,,,
812,Round 4,6,,7060,Nghiện Thêm Lần Nữ,,,
812,Round 4,7,,5953,Lipxitus,,,
812,Round 4,8,,7673,The Zoo,,,
812,Round 3,1,5000000.0,5931,Team Big BAAM,,,
812,Round 3,2,3000000.0,6999,MXB South Side,,,
812,Round 3,3,1000000.0,4860,Dominus Esports,,,
812,Round 3,4,1000000.0,7057,Brave Wolves,,,
812,Round 3,5,,7393,Hehe,,,
812,Round 3,6,,7394,The Mad Men 2,,,
812,Round 3,7,,7066,OK,,,
812,Round 3,8,,7396,CBD Prime,,,
812,Round 2,1,5000000.0,7063,UBT Esports,,,
812,Round 2,2,3000000.0,7061,Team Joy,,,
812,Round 2,3,1000000.0,6970,Take It Easy,,,
812,Round 2,4,1000000.0,5954,Team Capalot,,,
812,Round 2,5,,7057,Brave Wolves,,,
812,Round 2,6,,7060,Nghiện Thêm Lần Nữ,,,
812,Round 2,7,,5378,Innocent Cats Esports,,,
812,Round 2,8,,5931,Team Big BAAM,,,
812,Round 1,1,5000000.0,4330,Fancy United Esports,,,
812,Round 1,2,3000000.0,6776,The Meaps,,,
812,Round 1,3,1000000.0,4324,FEARUS,,,
812,Round 1,4,1000000.0,4860,Dominus Esports,,,
812,Round 1,5,,5954,Team Capalot,,,
812,Round 1,6,,6967,Homies Nexus,,,
812,Round 1,7,,6970,Take It Easy,,,
812,Round 1,8,,6971,imnot,,,
796,Closed Qualifier,1,,4915,Natus Vincere,,,
796,Closed Qualifier,2,,967,5MOKES,,,
796,Closed Qualifier,3,,6110,Tactical Five,,,
796,Closed Qualifier,4,,6313,KPI Gaming,,,
796,Closed Qualifier,5,,7539,Dobeg,,,
796,Closed Qualifier,6,,7401,VeselieVintovki,,,
796,Closed Qualifier,7,,3997,EZclap,,,
796,Closed Qualifier,8,,3361,SMARACIS eSports,,,
797,Closed Qualifier,1,,397,BBL Esports,,,
797,Closed Qualifier,2,,1184,FUT Esports,,,
797,Closed Qualifier,3,,4686,Fire Flux Vatangame,,,
797,Closed Qualifier,4,,4696,Surreal Esports,,,
797,Closed Qualifier,5,,4572,Galatasaray Esports,,,
797,Closed Qualifier,6,,4762,Galakticos,,,
797,Closed Qualifier,7,,2908,Thunderbolts Gaming,,,
797,Closed Qualifier,8,,2903,Team Aurora,,,
792,Closed Qualifier,1,,1209,Guild Esports,,,
792,Closed Qualifier,2,,472,BIG,,,
792,Closed Qualifier,3,,2059,Team Vitality,,,
792,Closed Qualifier,4,,2533,Alliance,,,
792,Closed Qualifier,5,,6750,Rebels Gaming,,,
792,Closed Qualifier,6,,4663,TENSTAR,,,
792,Closed Qualifier,7,,257,G2 Esports,,,
792,Closed Qualifier,8,,3908,Team BDS,,,
793,Closed Qualifier,1,,4567,Papara SuperMassive,,,
793,Closed Qualifier,2,,4686,Fire Flux Vatangame,,,
793,Closed Qualifier,3,,397,BBL Esports,,,
793,Closed Qualifier,4,,4762,Galakticos,,,
793,Closed Qualifier,5,,4572,Galatasaray Esports,,,
793,Closed Qualifier,6,,1184,FUT Esports,,,
793,Closed Qualifier,7,,5310,Fenerbahçe Esports,,,
793,Closed Qualifier,8,,1675,Zero Zone,,,
794,Closed Qualifier,1,,628,FunPlus Phoenix,,,
794,Closed Qualifier,2,,4915,Natus Vincere,,,
794,Closed Qualifier,3,,6313,KPI Gaming,,,
794,Closed Qualifier,4,,967,5MOKES,,,
794,Closed Qualifier,5,,3361,SMARACIS eSports,,,
794,Closed Qualifier,6,,6267,One Breath Gaming,,,
794,Closed Qualifier,7,,7243,B8 Esports,,,
794,Closed Qualifier,8,,604,Aim.Attack,,,
449,Playoffs,1,350000.0,3531,Acend,,,
449,Playoffs,2,150000.0,682,Gambit Esports,,,
449,Playoffs,3,90000.0,2355,KRÜ Esports,,,
449,Playoffs,4,90000.0,474,Team Liquid,,,
449,Playoffs,5,40000.0,2593,FNATIC,,,
449,Playoffs,6,40000.0,2112,X10 Esports,,,
449,Playoffs,7,40000.0,188,Cloud9,,,
449,Playoffs,8,40000.0,6199,Team Secret,,,
449,Group Stage,9,20000.0,427,ENVY,,,
449,Group Stage,10,20000.0,420,Team Vikings,,,
449,Group Stage,11,20000.0,198,Vision Strikers,,,
449,Group Stage,12,20000.0,2,Sentinels,,,
449,Group Stage,13,20000.0,4894,Keyd Stars,,,
449,Group Stage,14,20000.0,4050,FULL SENSE,,,
449,Group Stage,15,20000.0,2406,FURIA,,,
449,Group Stage,16,20000.0,277,Crazy Raccoon,,,
558,Main Event,1,,188,Cloud9,,,
558,Main Event,2,,637,Rise,,,
558,Main Event,3,,120,100 Thieves,,,
558,Main Event,4,,533,XSET,,,
558,Main Event,5,,2815,Version1,,,
558,Main Event,6,,17,Gen.G,,,
558,Main Event,7,,337,FaZe Clan,,,
558,Main Event,8,,642,Luminosity,,,
561,Playoffs,1,90000.0,2406,FURIA,,,
561,Playoffs,2,55000.0,719,Australs,,,
561,Playoffs,3,30000.0,243,Gamelanders Blue,,,
561,Playoffs,4,30000.0,581,Liberty,,,
561,Group Stage,5,15000.0,4094,Six Karma,,,
561,Group Stage,6,15000.0,3512,Sharks Esports,,,
561,Group Stage,7,10000.0,363,INFINITY,,,
561,Group Stage,8,10000.0,724,E-Xolos LAZER,,,
559,Main Event,1,,474,Team Liquid,,,
559,Main Event,2,,1209,Guild Esports,,,
559,Main Event,3,,257,G2 Esports,,,
559,Main Event,4,,1184,FUT Esports,,,
559,Main Event,5,,4567,Papara SuperMassive,,,
559,Main Event,6,,921,Oxygen Esports,,,
559,Main Event,7,,6267,One Breath Gaming,,,
559,Main Event,8,,1466,Anubis Gaming,,,
560,Main Event,1,,4050,FULL SENSE,,,
560,Main Event,2,,2988,NORTHEPTION,,,
560,Main Event,3,,2542,DAMWON Gaming,,,
560,Main Event,4,,2328,NUTURN,,,
560,Main Event,5,,1670,F4Q,,,
560,Main Event,6,,624,Paper Rex,,,
560,Main Event,7,,466,BOOM Esports,,,
560,Main Event,8,,918,Global Esports,,,
560,Main Event,9,,2934,FENNEL,,,
560,Main Event,10,,104,REJECT,,,
450,Main Event,1,25000.0,1466,Anubis Gaming,,,
450,Main Event,2,12000.0,1471,Team RA'AD,,,
450,Main Event,3,6000.0,3527,Piercer Esports,,,
450,Main Event,4,2500.0,1470,NASR Esports,,,
450,Main Event,5,1250.0,1464,YaLLa Esports,,,
450,Main Event,6,1250.0,1592,Fox Gaming,,,
450,Main Event,7,1000.0,1594,Team Majesty,,,
450,Main Event,8,1000.0,6193,Geekay Esports,,,
466,Playoffs,1,225000.0,682,Gambit Esports,,,Champions
466,Playoffs,2,125000.0,427,ENVY,375.0,11.0,
466,Playoffs,3,85000.0,120,100 Thieves,325.0,9.53,
466,Playoffs,4,85000.0,257,G2 Esports,325.0,9.53,
466,Playoffs,5,25000.0,198,Vision Strikers,275.0,8.07,
466,Playoffs,6,25000.0,2,Sentinels,275.0,8.07,
466,Playoffs,7,25000.0,3531,Acend,275.0,8.07,
466,Playoffs,8,25000.0,2355,KRÜ Esports,275.0,8.07,
466,Group Stage,9,10000.0,277,Crazy Raccoon,225.0,11.0,
466,Group Stage,10,10000.0,4567,Papara SuperMassive,225.0,11.0,
466,Group Stage,11,10000.0,4894,Keyd Stars,225.0,11.0,
466,Group Stage,12,10000.0,1670,F4Q,225.0,11.0,
466,Group Stage,13,10000.0,624,Paper Rex,175.0,8.56,
466,Group Stage,14,10000.0,581,Liberty,175.0,8.56,
466,Group Stage,15,10000.0,5448,ZETA DIVISION,175.0,8.56,
466,Group Stage,16,10000.0,6389,Bren Esports,175.0,8.56,
649,Main Event,1,8000.0,1208,ORDER,,,
649,Main Event,2,4000.0,4963,PEACE,,,
649,Main Event,3,3000.0,4036,Team Bliss,,,
649,Main Event,4,2000.0,1696,Wildcard Gaming,,,
649,Main Event,5,1000.0,1323,Nebula,,,
649,Main Event,6,1000.0,6126,Legacy Esports,,,
649,Main Event,7,500.0,591,Mindfreak,,,
649,Main Event,8,500.0,1352,Dire Wolves,,,
664,Levant and North Africa,1,1750.0,1466,Anubis Gaming,150.0,11.0,
664,Levant and North Africa,2,750.0,4574,La7zag Esports,140.0,10.27,
664,Levant and North Africa,3,500.0,6037,Psycho Family,100.0,7.33,
664,Levant and North Africa,4,,4918,RTG eSports,100.0,7.33,
664,Levant and North Africa,5,,5396,Team WaVii,100.0,7.33,
664,Levant and North Africa,6,,1596,Alterfox Esports,80.0,5.87,
664,Levant and North Africa,7,,6162,Elementals,80.0,5.87,
664,Levant and North Africa,8,,1742,Exality,80.0,5.87,
664,GCC and Iraq,1,1750.0,3527,Piercer Esports,150.0,11.0,
664,GCC and Iraq,2,750.0,4811,SCYTES,140.0,10.27,
664,GCC and Iraq,3,500.0,6159,Onyx Ravens,100.0,7.33,
664,GCC and Iraq,4,,4569,Fraggerz,100.0,7.33,
664,GCC and Iraq,5,,3621,New Genesis Esports,100.0,7.33,
664,GCC and Iraq,6,,6160,Top Gear,80.0,5.87,
664,GCC and Iraq,7,,5402,Mythociast,80.0,5.87,
664,GCC and Iraq,8,,6161,Team Validus,80.0,5.87,
570,Playoffs,1,25000.0,6389,Bren Esports,,,Masters Berlin
570,Playoffs,2,15000.0,624,Paper Rex,,,Masters Berlin
570,Playoffs,3,10000.0,1110,Alter Ego,80.0,11.0,
570,Playoffs,4,8000.0,4050,FULL SENSE,60.0,8.25,
570,Playoffs,5,6000.0,466,BOOM Esports,50.0,6.88,
570,Playoffs,6,6000.0,5931,Team Big BAAM,50.0,6.88,
570,Playoffs,7,5000.0,4325,CERBERUS Esports,40.0,5.5,
570,Playoffs,8,5000.0,904,CBT Gaming,40.0,5.5,
570,Group Stage,1,,6389,Bren Esports,,,Playoffs
570,Group Stage,2,,624,Paper Rex,,,Playoffs
570,Group Stage,3,,5931,Team Big BAAM,,,Playoffs
570,Group Stage,4,,1110,Alter Ego,,,Playoffs
570,Group Stage,5,,904,CBT Gaming,,,Playoffs
570,Group Stage,6,,4050,FULL SENSE,,,Playoffs
570,Group Stage,7,,466,BOOM Esports,,,Playoffs
570,Group Stage,8,,4325,CERBERUS Esports,,,Playoffs
570,Group Stage,9,3000.0,623,Sharper Esport,20.0,11.0,
570,Group Stage,10,3000.0,2032,ONIC G,20.0,11.0,
570,Group Stage,11,3000.0,2112,X10 Esports,20.0,11.0,
570,Group Stage,12,3000.0,5413,UwU,20.0,11.0,
570,Group Stage,13,2000.0,4329,EGO,10.0,5.5,
570,Group Stage,14,2000.0,6397,Five Ace Esports,10.0,5.5,
570,Group Stage,15,2000.0,3717,Galaxy Racer,10.0,5.5,
570,Group Stage,16,2000.0,3136,Oasis Gaming,10.0,5.5,
536,Main Event,1,60000.0,4894,Keyd Stars,,,Masters Berlin
536,Main Event,2,40000.0,581,Liberty,,,Masters Berlin
536,Main Event,3,20000.0,2406,FURIA,60.0,11.0,
536,Main Event,4,15000.0,420,Team Vikings,50.0,9.17,
536,Main Event,5,10000.0,7013,Stars Horizon,45.0,8.25,
536,Main Event,6,10000.0,3512,Sharks Esports,45.0,8.25,
536,Main Event,7,7500.0,4927,Jaguares Esports,40.0,7.33,
536,Main Event,8,7500.0,243,Gamelanders Blue,40.0,7.33,
547,Main Event,1,32500.0,682,Gambit Esports,,,Masters Berlin
547,Main Event,2,15500.0,4567,Papara SuperMassive,,,Masters Berlin
547,Main Event,3,10000.0,3531,Acend,,,Masters Berlin
547,Main Event,4,7500.0,257,G2 Esports,,,Masters Berlin
547,Main Event,5,4500.0,2304,Giants Gaming,50.0,11.0,
547,Main Event,6,4500.0,474,Team Liquid,50.0,11.0,
547,Main Event,7,2500.0,1209,Guild Esports,40.0,8.8,
547,Main Event,8,2500.0,108,forZe,40.0,8.8,
547,Main Event,9,1500.0,4915,Natus Vincere,30.0,6.6,
547,Main Event,10,1500.0,4686,Fire Flux Vatangame,30.0,6.6,
547,Main Event,11,1500.0,628,FunPlus Phoenix,30.0,6.6,
547,Main Event,12,1500.0,921,Oxygen Esports,30.0,6.6,
621,LATAM Playoffs,1,10000.0,2355,KRÜ Esports,,,Masters Berlin
621,LATAM Playoffs,2,7500.0,719,Australs,75.0,11.0,
621,LATAM Playoffs,3,5000.0,4094,Six Karma,50.0,7.33,
621,LATAM Playoffs,4,3500.0,363,INFINITY,50.0,7.33,
621,LAN Playoffs,1,,363,INFINITY,,,
621,LAN Playoffs,2,,4094,Six Karma,,,
621,LAN Playoffs,3,2000.0,724,E-Xolos LAZER,40.0,11.0,
621,LAN Playoffs,4,1000.0,3322,Border Monsters,35.0,9.62,
621,LAS Playoffs,1,,2355,KRÜ Esports,,,
621,LAS Playoffs,2,,719,Australs,,,
621,LAS Playoffs,3,2000.0,367,9z Team,,,
621,LAS Playoffs,4,1000.0,5996,Pana.Rabbit,,,
578,Main Event,1,40000.0,2,Sentinels,,,Masters Berlin
578,Main Event,2,20000.0,120,100 Thieves,,,Masters Berlin
578,Main Event,3,15000.0,427,ENVY,,,Masters Berlin
578,Main Event,4,10000.0,533,XSET,60.0,11.0,
578,Main Event,5,5000.0,637,Rise,50.0,9.17,
578,Main Event,6,5000.0,337,FaZe Clan,50.0,9.17,
578,Main Event,7,2500.0,106,TSM,40.0,7.33,
578,Main Event,8,2500.0,642,Luminosity,40.0,7.33,
595,Playoffs,1,24000000.0,198,Vision Strikers,,,Masters Berlin
595,Playoffs,2,12000000.0,1670,F4Q,,,Masters Berlin
595,Playoffs,3,8000000.0,2542,DAMWON Gaming,55.0,11.0,
595,Playoffs,4,8000000.0,1970,TNL Esports,55.0,11.0,
595,Playoffs,5,6000000.0,2328,NUTURN,40.0,8.0,
595,Playoffs,6,6000000.0,5355,GochuGaru,40.0,8.0,
595,Playoffs,7,6000000.0,2554,World Game Star,40.0,8.0,
595,Playoffs,8,6000000.0,2806,GoNGo Prince,40.0,8.0,
595,Group Stage (Main),1,,1670,F4Q,,,
595,Group Stage (Main),2,,1970,TNL Esports,,,
595,Group Stage (Main),3,,198,Vision Strikers,,,
595,Group Stage (Main),4,,2328,NUTURN,,,
595,Group Stage (Main),5,,2542,DAMWON Gaming,,,
595,Group Stage (Main),6,,5355,GochuGaru,,,
595,Group Stage (Main),7,,2806,GoNGo Prince,,,
595,Group Stage (Main),8,,2554,World Game Star,,,
595,Group Stage (Main),9,4000000.0,5342,Unknown,,,
595,Group Stage (Main),10,4000000.0,5346,Alpha Six Gaming,,,
595,Group Stage (Main),11,4000000.0,4026,Noble Experience,,,
595,Group Stage (Main),12,4000000.0,3315,Mujig 100su,,,
595,Group Stage (Main),13,2000000.0,5337,Klaus,,,
595,Group Stage (Main),14,2000000.0,4451,RYU Gaming,,,
595,Group Stage (Main),15,2000000.0,4764,GOMA,,,
595,Group Stage (Main),16,2000000.0,5351,DFR,,,
595,Group Stage (Seed),1,,1970,TNL Esports,,,
595,Group Stage (Seed),2,,2328,NUTURN,,,
595,Group Stage (Seed),3,,1670,F4Q,,,
595,Group Stage (Seed),4,,198,Vision Strikers,,,
595,Group Stage (Seed),5,,2542,DAMWON Gaming,,,
595,Group Stage (Seed),6,,2554,World Game Star,,,
595,Group Stage (Seed),7,,2806,GoNGo Prince,,,
595,Group Stage (Seed),8,,5355,GochuGaru,,,
595,Group Stage (Seed),9,,4026,Noble Experience,,,
595,Group Stage (Seed),10,,4764,GOMA,,,
595,Group Stage (Seed),11,,5346,Alpha Six Gaming,,,
595,Group Stage (Seed),12,,5337,Klaus,,,
595,Group Stage (Seed),13,,5351,DFR,,,
595,Group Stage (Seed),14,,5342,Unknown,,,
595,Group Stage (Seed),15,,3315,Mujig 100su,,,
595,Group Stage (Seed),16,,4451,RYU Gaming,,,
595,Open Qualifier,1,,2328,NUTURN,,,
595,Open Qualifier,2,,2542,DAMWON Gaming,,,
595,Open Qualifier,3,,198,Vision Strikers,,,
595,Open Qualifier,4,,2554,World Game Star,,,
595,Open Qualifier,5,,2806,GoNGo Prince,,,
595,Open Qualifier,6,,1970,TNL Esports,,,
595,Open Qualifier,7,,1670,F4Q,,,
595,Open Qualifier,8,,5355,GochuGaru,,,
595,Open Qualifier,9,,5337,Klaus,,,
595,Open Qualifier,10,,4026,Noble Experience,,,
595,Open Qualifier,11,,5342,Unknown,,,
595,Open Qualifier,12,,4764,GOMA,,,
595,Open Qualifier,13,,4451,RYU Gaming,,,
595,Open Qualifier,14,,5351,DFR,,,
595,Open Qualifier,15,,5346,Alpha Six Gaming,,,
595,Open Qualifier,16,,3315,Mujig 100su,,,
595,Open Qualifier,17,,5339,oFby,,,
595,Open Qualifier,18,,5340,Straight Warfare,,,
595,Open Qualifier,19,,5343,ELNiS Esports,,,
595,Open Qualifier,20,,5344,Tail Nine Esports,,,
595,Open Qualifier,21,,1139,BE INFAMOUS,,,
595,Open Qualifier,22,,5349,Young&Old,,,
595,Open Qualifier,23,,5348,PM,,,
595,Open Qualifier,24,,2556,Gehenna Sweepers,,,
595,Open Qualifier,25,,5338,Rhythm,,,
595,Open Qualifier,26,,5341,Zero Risk,,,
595,Open Qualifier,27,,2555,LFT,,,
595,Open Qualifier,28,,5345,Man Of the Match,,,
595,Open Qualifier,29,,5353,Floma Gaming,,,
595,Open Qualifier,30,,5350,Team Credit,,,
595,Open Qualifier,31,,5347,AGAiN,,,
595,Open Qualifier,32,,5356,Bë přø,,,
540,Main Event,1,1000000.0,5448,ZETA DIVISION,,,Masters Berlin
540,Main Event,2,500000.0,277,Crazy Raccoon,,,Masters Berlin
540,Main Event,3,200000.0,2988,NORTHEPTION,60.0,11.0,
540,Main Event,4,100000.0,2934,FENNEL,50.0,9.17,
540,Main Event,5,50000.0,2987,Feeling,45.0,8.25,
540,Main Event,6,50000.0,5148,Insomnia,45.0,8.25,
540,Main Event,7,50000.0,513,BlackBird Ignis,40.0,7.33,
540,Main Event,8,50000.0,104,REJECT,40.0,7.33,
535,Main Event,1,15000.0,581,Liberty,,,
535,Main Event,2,15000.0,2406,FURIA,,,
535,Main Event,3,10000.0,4894,Keyd Stars,,,
535,Main Event,4,10000.0,4927,Jaguares Esports,,,
535,Main Event,5,,2428,SLICK,,,
535,Main Event,6,,1916,INGAMING Esports,,,
535,Main Event,7,,3290,Extenzy Gaming,,,
535,Main Event,8,,5316,NOORG2.0,,,
625,Main Event,1,35000000.0,466,BOOM Esports,,,
625,Main Event,2,15000000.0,878,Rex Regum Qeon,,,
625,Main Event,3,6500000.0,5960,BEAST,,,
625,Main Event,4,3500000.0,3652,Morph Impact,,,
625,Main Event,5,1000000.0,4893,Cynical,,,
625,Main Event,6,1000000.0,5963,Langit9,,,
625,Main Event,7,1000000.0,5541,NXLG Academy,,,
625,Main Event,8,1000000.0,2814,Bigetron Arctic,,,
625,Qualifier,1,,5960,BEAST,,,
625,Qualifier,2,,878,Rex Regum Qeon,,,
625,Qualifier,3,,5541,NXLG Academy,,,
625,Qualifier,4,,5963,Langit9,,,
625,Qualifier,5,,4893,Cynical,,,
567,Main Event,1,18000.0,623,Sharper Esport,,,
567,Main Event,2,15750.0,5427,Need Sponsor,,,
567,Main Event,3,13500.0,5984,Y10.5,,,
567,Main Event,4,11250.0,5426,The Infinity Esport,,,
567,Main Event,5,9000.0,4278,Intense Gaming,,,
567,Main Event,6,9000.0,2270,Foxy Araikordai,,,
567,Main Event,7,6750.0,4993,FW Esports,,,
567,Main Event,8,6750.0,4994,wicket berg,,,
567,Qualifier,1,,623,Sharper Esport,,,
567,Qualifier,2,,4278,Intense Gaming,,,
567,Qualifier,3,,5427,Need Sponsor,,,
567,Qualifier,4,,5984,Y10.5,,,
567,Qualifier,5,,5426,The Infinity Esport,,,
569,Main Event,1,6400.0,624,Paper Rex,,,
569,Main Event,2,3200.0,1919,Kingsmen,,,
569,Main Event,3,2000.0,2532,Louvre,,,
569,Main Event,4,1000.0,2505,Looking For Org,,,
569,Main Event,5,,5608,Brain And Friends,,,
569,Main Event,6,,5976,Origin Sky,,,
569,Main Event,7,,879,Todak,,,
569,Main Event,8,,3613,UndeRank,,,
569,Qualifier,1,,5608,Brain And Friends,,,
569,Qualifier,2,,2505,Looking For Org,,,
569,Qualifier,3,,879,Todak,,,
569,Qualifier,4,,3613,UndeRank,,,
569,Qualifier,5,,5976,Origin Sky,,,
569,Qualifier,6,,2506,Myschief,,,
569,Qualifier,7,,1948,Running Dogs,,,
569,Qualifier,8,,5980,uhrbtgjmny8,,,
569,Qualifier,9,,5975,Fast L,,,
569,Qualifier,10,,7973,OG Brudders,,,
569,Qualifier,11,,3357,Team Solid,,,
569,Qualifier,12,,1921,Zero Synergy,,,
569,Qualifier,13,,5977,Xzeroyal,,,
569,Qualifier,14,,5978,One Meta Gaming,,,
569,Qualifier,15,,5979,0Zero,,,
569,Qualifier,16,,5607,Team Titan,,,
581,Main Event,1,100000.0,3136,Oasis Gaming,,,
581,Main Event,2,60000.0,3718,Sunsparks,,,
581,Main Event,3,40000.0,4891,SV Empire,,,
581,Main Event,4,20000.0,4251,Alpha Esports Pro,,,
581,Main Event,5,9750.0,5367,RD Esports,,,
581,Main Event,6,9750.0,4150,South Built Esports,,,
581,Main Event,7,9750.0,5491,UCFC Esports,,,
581,Main Event,8,9750.0,5433,Aether Esports,,,
581,Qualifier Day 1,1,,5491,UCFC Esports,,,
581,Qualifier Day 1,2,,5367,RD Esports,,,
581,Qualifier Day 2,1,,5433,Aether Esports,,,
581,Qualifier Day 2,2,,4150,South Built Esports,,,
581,Qualifier Day 3,1,,3718,Sunsparks,,,
604,Main Event,1,100000000.0,4329,EGO,,,
604,Main Event,2,10000000.0,4331,YAMAGAN,,,
604,Main Event,3,10000000.0,4324,FEARUS,,,
604,Main Event,4,10000000.0,4330,Fancy United Esports,,,
604,Main Event,5,5000000.0,5615,HE Gaming,,,
604,Main Event,6,5000000.0,388,DivisionX Gaming,,,
604,Main Event,7,5000000.0,4860,Dominus Esports,,,
604,Main Event,8,5000000.0,5378,Innocent Cats Esports,,,
604,Qualifier,1,,5615,HE Gaming,,,
604,Qualifier,2,,4860,Dominus Esports,,,
604,Qualifier,3,,5378,Innocent Cats Esports,,,
604,Qualifier,4,,4324,FEARUS,,,
604,Qualifier,5,,4329,EGO,,,
574,Main Event,1,2000.0,6397,Five Ace Esports,,,
574,Main Event,2,1000.0,2303,Lightning,,,
574,Main Event,3,800.0,3107,Griffin E-Sports,,,
574,Main Event,4,400.0,3179,Anti Eco Eco Club,,,
574,Main Event,5,200.0,5329,Water,,,
574,Main Event,6,200.0,5333,Clutch Jeans,,,
574,Main Event,7,200.0,5988,Phoenix,,,
574,Main Event,8,200.0,5673,YMG,,,
574,Qualifier,1,,2303,Lightning,,,
574,Qualifier,2,,5329,Water,,,
574,Qualifier,3,,3179,Anti Eco Eco Club,,,
574,Qualifier,4,,5988,Phoenix,,,
574,Qualifier,5,,5673,YMG,,,
517,Main Event: LAN,1,2500.0,3322,Border Monsters,,,
517,Main Event: LAN,2,1000.0,724,E-Xolos LAZER,,,
517,Main Event: LAN,3,500.0,4987,Granjeros,,,
517,Main Event: LAN,4,500.0,2364,Ryze Gaming,,,
517,Main Event: LAS,1,2500.0,2360,Kaos Latin Gamers,,,
517,Main Event: LAS,2,1000.0,367,9z Team,,,
517,Main Event: LAS,3,500.0,2354,Optix,,,
517,Main Event: LAS,4,500.0,4355,Motion Team,,,
576,Main Event,1,20000.0,106,TSM,,,
576,Main Event,2,10000.0,337,FaZe Clan,,,
576,Main Event,3,7000.0,642,Luminosity,,,
576,Main Event,4,5000.0,637,Rise,,,
576,Main Event,5,3000.0,14,T1,,,
576,Main Event,6,3000.0,17,Gen.G,,,
576,Main Event,7,1000.0,4940,Pioneers,,,
576,Main Event,8,1000.0,2815,Version1,,,
544,Main Event,1,15000.0,474,Team Liquid,,,
544,Main Event,2,10000.0,2304,Giants Gaming,,,
544,Main Event,3,6000.0,2593,FNATIC,,,
544,Main Event,4,4000.0,4663,TENSTAR,,,
544,Main Event,5,,3908,Team BDS,,,
544,Main Event,6,,2373,Rix.GG Thunder,,,
544,Main Event,7,,2533,Alliance,,,
544,Main Event,8,,2059,Team Vitality,,,
545,Main Event,1,8000.0,4686,Fire Flux Vatangame,,,
545,Main Event,2,5000.0,4669,Digital Athletics,,,
545,Main Event,3,3000.0,2908,Thunderbolts Gaming,,,
545,Main Event,4,2000.0,2036,Beşiktaş Esports,,,
545,Main Event,5,,1184,FUT Esports,,,
545,Main Event,6,,1913,RARE Esports,,,
545,Main Event,7,,1453,OtherSide,,,
545,Main Event,8,,397,BBL Esports,,,
546,Main Event,1,8000.0,108,forZe,,,
546,Main Event,2,5000.0,6267,One Breath Gaming,,,
546,Main Event,3,3000.0,1341,Team Singularity,,,
546,Main Event,4,2000.0,1342,Axsor,,,
546,Main Event,5,,488,tyeasy,,,
546,Main Event,6,,4518,AG,,,
546,Main Event,7,,10094,GMT Esports,,,
546,Main Event,8,,4621,Crypto Esports,,,
534,Main Event,1,15000.0,7013,Stars Horizon,,,
534,Main Event,2,15000.0,3512,Sharks Esports,,,
534,Main Event,3,10000.0,420,Team Vikings,,,
534,Main Event,4,10000.0,243,Gamelanders Blue,,,
534,Main Event,5,,5316,NOORG2.0,,,
534,Main Event,6,,2428,SLICK,,,
534,Main Event,7,,1916,INGAMING Esports,,,
534,Main Event,8,,2406,FURIA,,,
611,Main Event,1,35000000.0,1110,Alter Ego,,,
611,Main Event,2,15000000.0,466,BOOM Esports,,,
611,Main Event,3,6500000.0,2814,Bigetron Arctic,,,
611,Main Event,4,3500000.0,3652,Morph Impact,,,
611,Main Event,5,1000000.0,878,Rex Regum Qeon,,,
611,Main Event,6,1000000.0,1700,XcN Gaming,,,
611,Main Event,7,1000000.0,2029,WAY Esports,,,
611,Main Event,8,1000000.0,5541,NXLG Academy,,,
611,Qualifier,1,,878,Rex Regum Qeon,,,
611,Qualifier,2,,5541,NXLG Academy,,,
611,Qualifier,3,,1700,XcN Gaming,,,
611,Qualifier,4,,2029,WAY Esports,,,
611,Qualifier,5,,1110,Alter Ego,,,
573,Main Event,1,2000.0,904,CBT Gaming,,,
573,Main Event,2,1000.0,6397,Five Ace Esports,,,
573,Main Event,3,800.0,3107,Griffin E-Sports,,,
573,Main Event,4,400.0,5333,Clutch Jeans,,,
573,Main Event,5,200.0,5673,YMG,,,
573,Main Event,6,200.0,5329,Water,,,
573,Main Event,7,200.0,5332,Horse Victory,,,
573,Main Event,8,200.0,3112,TRAITORS,,,
573,Qualifiers,1,,5673,YMG,,,
573,Qualifiers,2,,904,CBT Gaming,,,
573,Qualifiers,3,,5333,Clutch Jeans,,,
573,Qualifiers,4,,5674,CRX Team,,,
568,Main Event,1,6400.0,5413,UwU,,,
568,Main Event,2,3200.0,624,Paper Rex,,,
568,Main Event,3,2000.0,2532,Louvre,,,
568,Main Event,4,1000.0,1919,Kingsmen,,,
568,Main Event,5,,617,Team SMG,,,
568,Main Event,6,,879,Todak,,,
568,Main Event,7,,3613,UndeRank,,,
568,Main Event,8,,3524,Timing Monster Gaming,,,
568,Qualifiers,1,,617,Team SMG,,,
568,Qualifiers,2,,3524,Timing Monster Gaming,,,
568,Qualifiers,3,,1919,Kingsmen,,,
568,Qualifiers,4,,2532,Louvre,,,
568,Qualifiers,5,,5608,Brain And Friends,,,
568,Qualifiers,6,,5408,Saints,,,
568,Qualifiers,7,,5611,XLC Esports,,,
568,Qualifiers,8,,3616,Team Nasi Lemak,,,
603,Main Event,1,100000000.0,4325,CERBERUS Esports,,,
603,Main Event,2,10000000.0,4330,Fancy United Esports,,,
603,Main Event,3,10000000.0,388,DivisionX Gaming,,,
603,Main Event,4,10000000.0,4331,YAMAGAN,,,
603,Main Event,5,5000000.0,2151,Kantic Gaming,,,
603,Main Event,6,5000000.0,4329,EGO,,,
603,Main Event,7,5000000.0,4322,TiAMAT,,,
603,Main Event,8,5000000.0,4324,FEARUS,,,
603,Qualifiers,1,,5378,Innocent Cats Esports,,,
603,Qualifiers,2,,2151,Kantic Gaming,,,
603,Qualifiers,3,,4331,YAMAGAN,,,
603,Qualifiers,4,,4324,FEARUS,,,
603,Qualifiers,5,,4330,Fancy United Esports,,,
580,Main Event,1,100000.0,3717,Galaxy Racer,,,
580,Main Event,2,60000.0,4891,SV Empire,,,
580,Main Event,3,40000.0,3136,Oasis Gaming,,,
580,Main Event,4,20000.0,4251,Alpha Esports Pro,,,
580,Main Event,5,9750.0,1926,SE ATLAS,,,
580,Main Event,6,9750.0,4150,South Built Esports,,,
580,Main Event,7,9750.0,5491,UCFC Esports,,,
580,Main Event,8,9750.0,4855,Zeal Esports,,,
580,Qualifier Day 1,1,,4251,Alpha Esports Pro,,,
580,Qualifier Day 1,2,,3136,Oasis Gaming,,,
580,Qualifier Day 2,1,,1926,SE ATLAS,,,
580,Qualifier Day 2,2,,5491,UCFC Esports,,,
580,Qualifier Day 3,1,,4150,South Built Esports,,,
566,Main Event,1,18000.0,4050,FULL SENSE,,,
566,Main Event,2,15750.0,4993,FW Esports,,,
566,Main Event,3,13500.0,2270,Foxy Araikordai,,,
566,Main Event,4,11250.0,4994,wicket berg,,,
566,Main Event,5,9000.0,5427,Need Sponsor,,,
566,Main Event,6,9000.0,5419,Z11,,,
566,Main Event,7,6750.0,2741,AboveCloud,,,
566,Main Event,8,6750.0,4875,47 Gaming,,,
566,Qualifiers,1,,2741,AboveCloud,,,
566,Qualifiers,2,,4993,FW Esports,,,
566,Qualifiers,3,,5419,Z11,,,
566,Qualifiers,4,,4875,47 Gaming,,,
566,Qualifiers,5,,4994,wicket berg,,,
539,Main Event,1,,2934,FENNEL,,,
539,Main Event,2,,104,REJECT,,,
539,Main Event,3,,2987,Feeling,,,
539,Main Event,4,,5148,Insomnia,,,
539,Main Event,5,,2983,Gaming Team SELECTOR,,,
539,Main Event,6,,5156,Storks Phalanx,,,
539,Main Event,7,,4019,Icicle Conflict,,,
539,Main Event,8,,2986,SETOUCHI ENLIFE,,,
555,Main Event,1,35000000.0,2032,ONIC G,,,
555,Main Event,2,15000000.0,2814,Bigetron Arctic,,,
555,Main Event,3,6500000.0,466,BOOM Esports,,,
555,Main Event,4,3500000.0,3652,Morph Impact,,,
555,Main Event,5,1000000.0,1695,Somnium Esports,,,
555,Main Event,6,1000000.0,1700,XcN Gaming,,,
555,Main Event,7,1000000.0,5266,Mencari Tempat Berlabuh,,,
555,Main Event,8,1000000.0,3141,VVV,,,
564,Main Event,1,18000.0,2112,X10 Esports,,,
564,Main Event,2,15750.0,4050,FULL SENSE,,,
564,Main Event,3,13500.0,2270,Foxy Araikordai,,,
564,Main Event,4,11250.0,5427,Need Sponsor,,,
564,Main Event,5,9000.0,4537,Renatus Black,,,
564,Main Event,6,9000.0,623,Sharper Esport,,,
564,Main Event,7,6750.0,989,LYNX TH,,,
564,Main Event,8,6750.0,4875,47 Gaming,,,
564,Qualifiers,1,,4537,Renatus Black,,,
564,Qualifiers,2,,2270,Foxy Araikordai,,,
564,Qualifiers,3,,989,LYNX TH,,,
564,Qualifiers,4,,4875,47 Gaming,,,
564,Qualifiers,5,,5427,Need Sponsor,,,
564,Qualifiers,6,,623,Sharper Esport,,,
579,Main Event,1,100000.0,6389,Bren Esports,,,
579,Main Event,2,60000.0,3717,Galaxy Racer,,,
579,Main Event,3,40000.0,4855,Zeal Esports,,,
579,Main Event,4,20000.0,4891,SV Empire,,,
579,Main Event,5,9750.0,3504,DR Esports,,,
579,Main Event,6,9750.0,4150,South Built Esports,,,
579,Main Event,7,9750.0,1929,KADILIMAN,,,
579,Main Event,8,9750.0,1926,SE ATLAS,,,
579,Qualifier Day 1,1,,1926,SE ATLAS,,,
579,Qualifier Day 1,2,,3717,Galaxy Racer,,,
579,Qualifier Day 2,1,,3504,DR Esports,,,
579,Qualifier Day 2,2,,4891,SV Empire,,,
579,Qualifier Day 3,1,,4150,South Built Esports,,,
579,Qualifier Day 3,2,,1929,KADILIMAN,,,
538,Main Event,1,,5448,ZETA DIVISION,,,
538,Main Event,2,,277,Crazy Raccoon,,,
538,Main Event,3,,2988,NORTHEPTION,,,
538,Main Event,4,,513,BlackBird Ignis,,,
538,Main Event,5,,2986,SETOUCHI ENLIFE,,,
538,Main Event,6,,2983,Gaming Team SELECTOR,,,
538,Main Event,7,,4019,Icicle Conflict,,,
538,Main Event,8,,5156,Storks Phalanx,,,
557,Playoffs,1,16500.0,918,Global Esports,,,
557,Playoffs,2,8000.0,799,Velocity Gaming,,,
557,Playoffs,3,3500.0,4809,Team Exploit,,,
557,Playoffs,4,3500.0,2917,Enigma Gaming,,,
557,Group Stage,5,,4808,Salt Esports,,,
557,Group Stage,6,,910,Exceeli Esports,,,
557,Group Stage,7,,5900,Damaru Gaming,,,
557,Group Stage,8,,5902,Crash Landin on You,,,
557,Wildcard,1,,2917,Enigma Gaming,,,
557,Wildcard,2,,6003,Team XO,,,
557,Wildcard,3,,4807,Team Arrow,,,
557,Wildcard,4,,5907,Lexious Gaming,,,
557,Wildcard,5,,5895,Team Legion,,,
557,Wildcard,6,,4806,MAXD Esports,,,
557,Wildcard,7,,5936,Regal E-Sports,,,
557,IN Qualifier #2,1,,918,Global Esports,,,
557,IN Qualifier #2,2,,6003,Team XO,,,
557,PK/AF Qualifier #2,1,,4809,Team Exploit,,,
557,PK/AF Qualifier #2,2,,4807,Team Arrow,,,
557,BD Qualifier,1,,910,Exceeli Esports,,,
557,BD Qualifier,2,,5936,Regal E-Sports,,,
557,LK/MV Qualifier,1,,5902,Crash Landin on You,,,
557,LK/MV Qualifier,2,,5907,Lexious Gaming,,,
557,NP/BT Qualifier,1,,5900,Damaru Gaming,,,
557,NP/BT Qualifier,2,,5895,Team Legion,,,
557,PK/AF Qualifier #1,1,,4808,Salt Esports,,,
557,PK/AF Qualifier #1,2,,4807,Team Arrow,,,
557,IN Qualifier #1,1,,799,Velocity Gaming,,,
557,IN Qualifier #1,2,,918,Global Esports,,,
594,Finals,1,4000.0,1208,ORDER,100.0,11.0,
594,Finals,2,3000.0,4963,PEACE,85.0,9.35,
594,Finals,3,2000.0,1696,Wildcard Gaming,75.0,8.25,
594,Finals,4,1000.0,591,Mindfreak,55.0,6.05,
594,Finals,5,,4036,Team Bliss,30.0,3.3,
594,Finals,6,,1323,Nebula,30.0,3.3,
594,Finals,7,,6047,VERTEX,30.0,3.3,
594,Finals,8,,3279,Straight Outta The Zoo,30.0,3.3,
594,Open Qual #1,1,,1208,ORDER,,,
594,Open Qual #1,2,,1696,Wildcard Gaming,,,
594,Open Qual #1,3,,4036,Team Bliss,,,
594,Open Qual #1,4,,591,Mindfreak,,,
594,Open Qual #1,5,,4963,PEACE,,,
594,Open Qual #1,6,,4693,Villains Esports,,,
594,Open Qual #1,7,,3279,Straight Outta The Zoo,,,
594,Open Qual #1,8,,4074,Orgless,,,
533,Main Event,1,15000.0,420,Team Vikings,,,
533,Main Event,2,15000.0,243,Gamelanders Blue,,,
533,Main Event,3,10000.0,2406,FURIA,,,
533,Main Event,4,10000.0,3512,Sharks Esports,,,
533,Main Event,5,,5316,NOORG2.0,,,
533,Main Event,6,,2428,SLICK,,,
533,Main Event,7,,7013,Stars Horizon,,,
533,Main Event,8,,581,Liberty,,,
516,Main Event: LAN,1,2500.0,4094,Six Karma,,,
516,Main Event: LAN,2,1000.0,363,INFINITY,,,
516,Main Event: LAN,3,500.0,724,E-Xolos LAZER,,,
516,Main Event: LAN,4,500.0,2364,Ryze Gaming,,,
516,Main Event: LAN,5,,1991,Akave Esports,,,
516,Main Event: LAN,6,,4989,Pass Gaming,,,
516,Main Event: LAN,7,,3129,Reven Esports,,,
516,Main Event: LAN,8,,3322,Border Monsters,,,
516,Open Qualifier: LAN,1,,363,INFINITY,,,
516,Open Qualifier: LAN,2,,3322,Border Monsters,,,
516,Open Qualifier: LAN,3,,3129,Reven Esports,,,
516,Open Qualifier: LAN,4,,2364,Ryze Gaming,,,
516,Open Qualifier: LAN,5,,4094,Six Karma,,,
516,Open Qualifier: LAN,6,,1991,Akave Esports,,,
516,Open Qualifier: LAN,7,,724,E-Xolos LAZER,,,
516,Open Qualifier: LAN,8,,4989,Pass Gaming,,,
516,Main Event: LAS,1,2500.0,2355,KRÜ Esports,,,
516,Main Event: LAS,2,1000.0,719,Australs,,,
516,Main Event: LAS,3,500.0,367,9z Team,,,
516,Main Event: LAS,4,500.0,2360,Kaos Latin Gamers,,,
516,Main Event: LAS,5,,4355,Motion Team,,,
516,Main Event: LAS,6,,361,Furious Gaming,,,
516,Main Event: LAS,7,,4982,Velox,,,
516,Main Event: LAS,8,,3942,Meta Gaming,,,
516,Open Qualifier: LAS,1,,2355,KRÜ Esports,,,
516,Open Qualifier: LAS,2,,367,9z Team,,,
516,Open Qualifier: LAS,3,,361,Furious Gaming,,,
516,Open Qualifier: LAS,4,,3942,Meta Gaming,,,
516,Open Qualifier: LAS,5,,719,Australs,,,
516,Open Qualifier: LAS,6,,4982,Velox,,,
516,Open Qualifier: LAS,7,,4355,Motion Team,,,
516,Open Qualifier: LAS,8,,2360,Kaos Latin Gamers,,,
520,Main Event,1,20000.0,2,Sentinels,,,
520,Main Event,2,10000.0,533,XSET,,,
520,Main Event,3,7000.0,120,100 Thieves,,,
520,Main Event,4,5000.0,427,ENVY,,,
520,Main Event,5,3000.0,4940,Pioneers,,,
520,Main Event,6,3000.0,17,Gen.G,,,
520,Main Event,7,1000.0,637,Rise,,,
520,Main Event,8,1000.0,2815,Version1,,,
520,Open Qualifier,1,,2,Sentinels,,,
520,Open Qualifier,2,,533,XSET,,,
520,Open Qualifier,3,,427,ENVY,,,
520,Open Qualifier,4,,120,100 Thieves,,,
520,Open Qualifier,5,,2815,Version1,,,
520,Open Qualifier,6,,17,Gen.G,,,
520,Open Qualifier,7,,637,Rise,,,
520,Open Qualifier,8,,4940,Pioneers,,,
541,Main Event,1,15000.0,3531,Acend,,,
541,Main Event,2,10000.0,257,G2 Esports,,,
541,Main Event,3,6000.0,1209,Guild Esports,,,
541,Main Event,4,4000.0,628,FunPlus Phoenix,,,
541,Main Event,5,,474,Team Liquid,,,
541,Main Event,6,,2593,FNATIC,,,
541,Main Event,7,,3908,Team BDS,,,
541,Main Event,8,,2373,Rix.GG Thunder,,,
600,Main Event,1,100000000.0,4326,Steal Your Glory,,,
600,Main Event,2,10000000.0,388,DivisionX Gaming,,,
600,Main Event,3,10000000.0,4325,CERBERUS Esports,,,
600,Main Event,4,10000000.0,4329,EGO,,,
600,Main Event,5,5000000.0,4324,FEARUS,,,
600,Main Event,6,5000000.0,5334,EGO Media,,,
600,Main Event,7,5000000.0,2151,Kantic Gaming,,,
600,Main Event,8,5000000.0,4330,Fancy United Esports,,,
600,Qualifier,1,,4326,Steal Your Glory,,,
600,Qualifier,2,,388,DivisionX Gaming,,,
600,Qualifier,3,,4329,EGO,,,
600,Qualifier,4,,5334,EGO Media,,,
600,Qualifier,5,,4330,Fancy United Esports,,,
600,Qualifier,6,,2151,Kantic Gaming,,,
469,North Africa,1,2500.0,1594,Team Majesty,,,
469,North Africa,2,1000.0,3382,E9Sports,,,
469,North Africa,3,500.0,4726,Mustang Gaming,,,
469,North Africa,4,,5395,SPL Gaming,,,
469,North Africa,5,,5397,The Academy,,,
469,North Africa,6,,5393,Eternity Esports,,,
469,North Africa,7,,5394,Error404,,,
469,North Africa,8,,5398,FORFUN,,,
469,Levant and Egypt,1,2500.0,1471,Team RA'AD,,,
469,Levant and Egypt,2,1000.0,1466,Anubis Gaming,,,
469,Levant and Egypt,3,500.0,5404,Roh Elbas Gang,,,
469,Levant and Egypt,4,,4685,Team Occupy,,,
469,Levant and Egypt,5,,4338,B13,,,
469,Levant and Egypt,6,,4918,RTG eSports,,,
469,Levant and Egypt,7,,4426,Z-Managa eSports,,,
469,Levant and Egypt,8,,5405,JO Clan,,,
469,GCC and Iraq,1,2500.0,1464,YaLLa Esports,,,
469,GCC and Iraq,2,1000.0,5401,ArchNemesis,,,
469,GCC and Iraq,3,500.0,5399,KINGS Esports,,,
469,GCC and Iraq,4,,3527,Piercer Esports,,,
469,GCC and Iraq,5,,5403,KnockOut Esports,,,
469,GCC and Iraq,6,,3550,Lusail Esports,,,
469,GCC and Iraq,7,,5400,BOOM SHAKA LAKA,,,
469,GCC and Iraq,8,,5402,Mythociast,,,
542,Main Event,1,8000.0,4567,Papara SuperMassive,,,
542,Main Event,2,5000.0,921,Oxygen Esports,,,
542,Main Event,3,3000.0,1184,FUT Esports,,,
542,Main Event,4,2000.0,4686,Fire Flux Vatangame,,,
542,Main Event,5,,1453,OtherSide,,,
542,Main Event,6,,397,BBL Esports,,,
542,Main Event,7,,1675,Zero Zone,,,
542,Main Event,8,,2903,Team Aurora,,,
543,Main Event,1,8000.0,682,Gambit Esports,,,
543,Main Event,2,5000.0,5032,No Pressure,,,
543,Main Event,3,3000.0,108,forZe,,,
543,Main Event,4,2000.0,6267,One Breath Gaming,,,
543,Main Event,5,,1341,Team Singularity,,,
543,Main Event,6,,1342,Axsor,,,
543,Main Event,7,,10094,GMT Esports,,,
543,Main Event,8,,604,Aim.Attack,,,
403,Finals,1,4000.0,1696,Wildcard Gaming,100.0,11.0,
403,Finals,2,3000.0,1208,ORDER,85.0,9.35,
403,Finals,3,2000.0,4468,McBTSMac,70.0,7.7,
403,Finals,4,1000.0,1323,Nebula,55.0,6.05,
403,Finals,5,,591,Mindfreak,30.0,3.3,
403,Finals,6,,4036,Team Bliss,30.0,3.3,
403,Finals,7,,1352,Dire Wolves,30.0,3.3,
403,Finals,8,,3279,Straight Outta The Zoo,30.0,3.3,
403,Closed Qual #2,1,,591,Mindfreak,,,
403,Closed Qual #2,2,,4468,McBTSMac,,,
403,Closed Qual #2,3,,1352,Dire Wolves,,,
403,Closed Qual #2,4,,1323,Nebula,,,
403,Closed Qual #2,5,,865,Paradox Esports,,,
403,Closed Qual #2,6,,4420,Tyrant Esports,,,
403,Closed Qual #2,7,,831,McTeam,,,
403,Closed Qual #2,8,,4073,Bandit ESC,,,
403,Closed Qual #1,1,,1208,ORDER,,,
403,Closed Qual #1,2,,4036,Team Bliss,,,
403,Closed Qual #1,3,,1696,Wildcard Gaming,,,
403,Closed Qual #1,4,,3279,Straight Outta The Zoo,,,
403,Closed Qual #1,5,,591,Mindfreak,,,
403,Closed Qual #1,6,,865,Paradox Esports,,,
403,Closed Qual #1,7,,1352,Dire Wolves,,,
403,Closed Qual #1,8,,2826,Kanga Esports,,,
353,Main Event,1,200000.0,2,Sentinels,400.0,11.0,
353,Main Event,2,100000.0,2593,FNATIC,350.0,9.62,
353,Main Event,3,80000.0,2328,NUTURN,300.0,8.25,
353,Main Event,4,60000.0,474,Team Liquid,250.0,6.88,
353,Main Event,5,40000.0,420,Team Vikings,200.0,5.5,
353,Main Event,6,40000.0,2815,Version1,200.0,5.5,
353,Main Event,7,25000.0,2355,KRÜ Esports,175.0,4.81,
353,Main Event,8,25000.0,2112,X10 Esports,175.0,4.81,
353,Main Event,9,15000.0,3512,Sharks Esports,150.0,4.12,
353,Main Event,10,15000.0,277,Crazy Raccoon,150.0,4.12,
477,Levant and North Africa,1,1750.0,1466,Anubis Gaming,100.0,11.0,
477,Levant and North Africa,2,750.0,1471,Team RA'AD,90.0,9.9,
477,Levant and North Africa,3,500.0,1594,Team Majesty,80.0,8.8,
477,Levant and North Africa,4,,3382,E9Sports,70.0,7.7,
477,Levant and North Africa,5,,4574,La7zag Esports,60.0,6.6,
477,Levant and North Africa,6,,4577,Team Gravity,50.0,5.5,
477,Levant and North Africa,7,,4575,POISON CLAN,40.0,4.4,
477,Levant and North Africa,8,,4332,ONE SHOT Esports,30.0,3.3,
477,GCC and Iraq,1,1750.0,1464,YaLLa Esports,100.0,11.0,
477,GCC and Iraq,2,750.0,3527,Piercer Esports,90.0,9.9,
477,GCC and Iraq,3,500.0,4453,Tuwaiq Esports Club,80.0,8.8,
477,GCC and Iraq,4,,3550,Lusail Esports,70.0,7.7,
477,GCC and Iraq,5,,4569,Fraggerz,60.0,6.6,
477,GCC and Iraq,6,,3554,Digger Esports,50.0,5.5,
477,GCC and Iraq,7,,4452,MENA RATS,40.0,4.4,
477,GCC and Iraq,8,,4570,AlphA,30.0,3.3,
398,Main Event,1,,2355,KRÜ Esports,,,Masters Reykjavik
398,Main Event,2,7000.0,363,INFINITY,75.0,11.0,
398,Main Event,3,3000.0,4094,Six Karma,50.0,7.33,
398,Main Event,4,3000.0,367,9z Team,50.0,7.33,
398,Main Event,5,2000.0,724,E-Xolos LAZER,40.0,5.87,
398,Main Event,6,2000.0,4353,ATROPELADOS,40.0,5.87,
398,Main Event,7,1500.0,3322,Border Monsters,35.0,5.13,
398,Main Event,8,1500.0,3942,Meta Gaming,35.0,5.13,
366,Main Event,1,60000.0,420,Team Vikings,,,Masters Reykjavik
366,Main Event,2,40000.0,3512,Sharks Esports,,,Masters Reykjavik
366,Main Event,3,20000.0,2406,FURIA,40.0,11.0,
366,Main Event,4,15000.0,581,Liberty,35.0,9.62,
366,Main Event,5,10000.0,1916,INGAMING Esports,25.0,6.88,
366,Main Event,6,10000.0,243,Gamelanders Blue,25.0,6.88,
366,Main Event,7,7500.0,203,paiN Gaming,20.0,5.5,
366,Main Event,8,7500.0,2428,SLICK,20.0,5.5,
372,Main Event,1,40000.0,2,Sentinels,,,Masters Reykjavik
372,Main Event,2,20000.0,2815,Version1,,,Masters Reykjavik
372,Main Event,3,15000.0,188,Cloud9,50.0,11.0,
372,Main Event,4,10000.0,427,ENVY,40.0,8.8,
372,Main Event,5,5000.0,120,100 Thieves,30.0,6.6,
372,Main Event,6,5000.0,1034,NRG,30.0,6.6,
372,Main Event,7,2500.0,533,XSET,20.0,4.4,
372,Main Event,8,2500.0,856,Andbox,20.0,4.4,
376,Main Event,1,35000.0,474,Team Liquid,,,Masters Reykjavik
376,Main Event,2,15000.0,2593,FNATIC,,,Masters Reykjavik
376,Main Event,3,9000.0,682,Gambit Esports,45.0,11.0,
376,Main Event,4,9000.0,921,Oxygen Esports,45.0,11.0,
376,Main Event,5,6000.0,628,FunPlus Phoenix,30.0,7.33,
376,Main Event,6,6000.0,1209,Guild Esports,30.0,7.33,
376,Main Event,7,4000.0,1184,FUT Esports,20.0,4.89,
376,Main Event,8,4000.0,397,BBL Esports,20.0,4.89,
429,Main Event,1,15000.0,2112,X10 Esports,,,Masters Reykjavik
429,Main Event,2,10000.0,4050,FULL SENSE,60.0,11.0,
429,Main Event,3,6000.0,624,Paper Rex,50.0,9.17,
429,Main Event,4,5000.0,1915,NXL LIGAGAME,40.0,7.33,
429,Main Event,5,3250.0,6389,Bren Esports,30.0,5.5,
429,Main Event,6,3250.0,2746,6045Pirates,30.0,5.5,
429,Main Event,7,2250.0,904,CBT Gaming,20.0,3.67,
429,Main Event,8,2250.0,466,BOOM Esports,20.0,3.67,
429,Main Event,9,1500.0,4325,CERBERUS Esports,10.0,1.83,
429,Main Event,10,1500.0,4324,FEARUS,10.0,1.83,
426,Playoffs,1,20000000.0,2328,NUTURN,,,Masters Reykjavik
426,Playoffs,2,10000000.0,2542,DAMWON Gaming,60.0,11.0,
426,Playoffs,3,5000000.0,198,Vision Strikers,40.0,7.33,
426,Playoffs,4,5000000.0,3945,Rio Company,40.0,7.33,
426,Playoffs,5,3000000.0,2806,GoNGo Prince,20.0,3.67,
426,Playoffs,6,3000000.0,1970,TNL Esports,20.0,3.67,
426,Playoffs,7,3000000.0,1670,F4Q,20.0,3.67,
426,Playoffs,8,3000000.0,1140,TUBEPLE Gaming,20.0,3.67,
426,Group Stage,1,,1970,TNL Esports,,,
426,Group Stage,2,,2328,NUTURN,,,
426,Group Stage,3,,3945,Rio Company,,,
426,Group Stage,4,,1670,F4Q,,,
426,Group Stage,5,,198,Vision Strikers,,,
426,Group Stage,6,,2542,DAMWON Gaming,,,
426,Group Stage,7,,1140,TUBEPLE Gaming,,,
426,Group Stage,8,,2806,GoNGo Prince,,,
426,Group Stage,9,1000000.0,2559,SPEAR GAMING,,,
426,Group Stage,10,1000000.0,2561,GOMA,,,
426,Group Stage,11,1000000.0,3311,I need Girlfriend,,,
426,Group Stage,12,1000000.0,4030,AUTOCRACY,,,
426,Group Stage,13,1000000.0,2556,Gehenna Sweepers,,,
426,Group Stage,14,1000000.0,1327,Feel So Good,,,
426,Group Stage,15,1000000.0,4025,Food Eat,,,
426,Group Stage,16,1000000.0,2554,World Game Star,,,
426,Preliminary Round,1,,2806,GoNGo Prince,,,
426,Preliminary Round,2,,2561,GOMA,,,
426,Preliminary Round,3,,1670,F4Q,,,
426,Preliminary Round,4,,2554,World Game Star,,,
426,Preliminary Round,5,,1140,TUBEPLE Gaming,,,
426,Preliminary Round,6,,4030,AUTOCRACY,,,
426,Preliminary Round,7,,198,Vision Strikers,,,
426,Preliminary Round,8,,1327,Feel So Good,,,
426,Preliminary Round,9,,2328,NUTURN,,,
426,Preliminary Round,10,,4025,Food Eat,,,
426,Preliminary Round,11,,3945,Rio Company,,,
426,Preliminary Round,12,,2559,SPEAR GAMING,,,
426,Preliminary Round,13,,2542,DAMWON Gaming,,,
426,Preliminary Round,14,,2556,Gehenna Sweepers,,,
426,Preliminary Round,15,,1970,TNL Esports,,,
426,Preliminary Round,16,,3311,I need Girlfriend,,,
441,Main Event,1,1000000.0,277,Crazy Raccoon,,,Masters Reykjavík
441,Main Event,2,500000.0,279,Absolute JUPITER,60.0,11.0,
441,Main Event,3,200000.0,104,REJECT,50.0,9.17,
441,Main Event,4,100000.0,516,FAV gaming,40.0,7.33,
441,Main Event,5,50000.0,2988,NORTHEPTION,30.0,5.5,
441,Main Event,6,50000.0,282,SCARZ,30.0,5.5,
441,Main Event,7,50000.0,2934,FENNEL,20.0,3.67,
441,Main Event,8,50000.0,280,LAG Gaming,20.0,3.67,
423,North Africa,1,2500.0,1592,Fox Gaming,,,
423,North Africa,2,1000.0,1591,Team Lightning,,,
423,North Africa,3,500.0,3635,gucciGANG,,,
423,North Africa,4,,3382,E9Sports,,,
423,North Africa,5,,1742,Exality,,,
423,North Africa,6,,4333,Invaders,,,
423,North Africa,7,,4332,ONE SHOT Esports,,,
423,North Africa,8,,1596,Alterfox Esports,,,
423,Levant and Egypt,1,2500.0,1470,NASR Esports,,,
423,Levant and Egypt,2,1500.0,1466,Anubis Gaming,,,
423,Levant and Egypt,3,500.0,1469,Cairo City G'zzz,,,
423,Levant and Egypt,4,,4334,FreeAgentz,,,
423,Levant and Egypt,5,,4337,HardStuck,,,
423,Levant and Egypt,6,,4338,B13,,,
423,Levant and Egypt,7,,4336,Baited,,,
423,Levant and Egypt,8,,6993,Dark Tempest,,,
423,GCC and Iraq,1,2500.0,1910,Team Duelist,,,
423,GCC and Iraq,2,1500.0,1464,YaLLa Esports,,,
423,GCC and Iraq,3,500.0,4339,Olympus,,,
423,GCC and Iraq,4,,4340,el bdoon,,,
423,GCC and Iraq,5,,4342,the bridge,,,
423,GCC and Iraq,6,,4343,Flashpoint,,,
423,GCC and Iraq,7,,3621,New Genesis Esports,,,
423,GCC and Iraq,8,,4341,ETERNALS,,,
365,Main Event,1,15000.0,2428,SLICK,,,
365,Main Event,2,15000.0,1916,INGAMING Esports,,,
365,Main Event,3,10000.0,203,paiN Gaming,,,
365,Main Event,4,10000.0,581,Liberty,,,
365,Main Event,5,,4049,Kikados da Galaxy Carrots,,,
365,Main Event,6,,417,Black Dragons,,,
365,Main Event,7,,695,HIGHPOWER,,,
365,Main Event,8,,4394,Folouers Esports,,,
365,Open Qual: #3,1,,417,Black Dragons,,,
365,Open Qual: #3,2,,4049,Kikados da Galaxy Carrots,,,
365,Open Qual: #3,3,,695,HIGHPOWER,,,
365,Open Qual: #3,4,,203,paiN Gaming,,,
365,Open Qual: #3,5,,7013,Stars Horizon,,,
365,Open Qual: #3,6,,1830,Vorax,,,
365,Open Qual: #3,7,,4321,EndGame,,,
365,Open Qual: #3,8,,1911,Imperial Esports,,,
371,Main Event,1,20000.0,2,Sentinels,,,
371,Main Event,2,10000.0,188,Cloud9,,,
371,Main Event,3,7000.0,1034,NRG,,,
371,Main Event,4,5000.0,856,Andbox,,,
371,Main Event,5,3000.0,103,Immortals,,,
371,Main Event,6,3000.0,106,TSM,,,
371,Main Event,7,1000.0,14,T1,,,
371,Main Event,8,1000.0,473,Built By Gamers,,,
371,Open Qualifier,1,,2,Sentinels,,,
371,Open Qualifier,2,,14,T1,,,
371,Open Qualifier,3,,1034,NRG,,,
371,Open Qualifier,4,,106,TSM,,,
371,Open Qualifier,5,,17,Gen.G,,,
371,Open Qualifier,6,,3597,Noble,,,
371,Open Qualifier,7,,337,FaZe Clan,,,
371,Open Qualifier,8,,642,Luminosity,,,
397,Main Event: LAN,1,2500.0,3322,Border Monsters,,,
397,Main Event: LAN,2,1000.0,4094,Six Karma,,,
397,Main Event: LAN,3,500.0,4358,PEEK Gaming,,,
397,Main Event: LAN,4,500.0,3125,Funkboings,,,
397,Main Event: LAN,5,,3129,Reven Esports,,,
397,Main Event: LAN,6,,2363,Pro Hub Gaming,,,
397,Main Event: LAN,7,,1991,Akave Esports,,,
397,Main Event: LAN,8,,2362,Skull Cracker,,,
397,Open Qualifier: LAN,1,,4094,Six Karma,,,
397,Open Qualifier: LAN,2,,4358,PEEK Gaming,,,
397,Open Qualifier: LAN,3,,1991,Akave Esports,,,
397,Open Qualifier: LAN,4,,2362,Skull Cracker,,,
397,Open Qualifier: LAN,5,,4361,SALVA eSports,,,
397,Open Qualifier: LAN,6,,1993,Team Warriors,,,
397,Open Qualifier: LAN,7,,4359,Trilogy Esports,,,
397,Open Qualifier: LAN,8,,4006,PARADOX GAMING,,,
397,Main Event: LAS,1,2500.0,4353,ATROPELADOS,,,
397,Main Event: LAS,2,1000.0,3942,Meta Gaming,,,
397,Main Event: LAS,3,500.0,2354,Optix,,,
397,Main Event: LAS,4,500.0,361,Furious Gaming,,,
397,Main Event: LAS,5,,1249,Decent Esports,,,
397,Main Event: LAS,6,,2360,Kaos Latin Gamers,,,
397,Main Event: LAS,7,,2596,Malvinas Gaming,,,
397,Main Event: LAS,8,,4356,Cruzados Esports,,,
397,Open Qualifier: LAS,1,,2354,Optix,,,
397,Open Qualifier: LAS,2,,1249,Decent Esports,,,
397,Open Qualifier: LAS,3,,3942,Meta Gaming,,,
397,Open Qualifier: LAS,4,,4353,ATROPELADOS,,,
397,Open Qualifier: LAS,5,,4356,Cruzados Esports,,,
397,Open Qualifier: LAS,6,,4355,Motion Team,,,
397,Open Qualifier: LAS,7,,4352,Polaris,,,
397,Open Qualifier: LAS,8,,2359,LEVIATÁN,,,
421,Main Event,1,30000000.0,466,BOOM Esports,,,
421,Main Event,2,15000000.0,2814,Bigetron Arctic,,,
421,Main Event,3,10000000.0,3652,Morph Impact,,,
421,Main Event,4,4000000.0,1110,Alter Ego,,,
421,Main Event,5,1000000.0,2029,WAY Esports,,,
421,Main Event,6,1000000.0,1700,XcN Gaming,,,
421,Main Event,7,1000000.0,3141,VVV,,,
421,Main Event,8,1000000.0,4059,Reckless Lads,,,
422,Main Event,1,27000.0,4050,FULL SENSE,,,
422,Main Event,2,20250.0,623,Sharper Esport,,,
422,Main Event,3,16875.0,622,Thailand Attitude,,,
422,Main Event,4,13500.0,2270,Foxy Araikordai,,,
422,Main Event,5,13500.0,4153,JG.JIANG,,,
422,Main Event,6,13500.0,3689,2red,,,
422,Main Event,7,13500.0,4155,GhostFamily E-Sports,,,
422,Main Event,8,13500.0,1485,Aricat Esport Family,,,
422,Qualifier,1,,2270,Foxy Araikordai,,,
422,Qualifier,2,,622,Thailand Attitude,,,
422,Qualifier,3,,4155,GhostFamily E-Sports,,,
422,Qualifier,4,,3689,2red,,,
422,Qualifier,5,,1485,Aricat Esport Family,,,
422,Qualifier,6,,4153,JG.JIANG,,,
395,Main Event,1,200000000.0,4325,CERBERUS Esports,,,
395,Main Event,2,100000000.0,4324,FEARUS,,,
395,Main Event,3,60000000.0,4327,No Hope Gaming,,,
395,Main Event,4,40000000.0,4326,Steal Your Glory,,,
395,Main Event,5,20000000.0,4329,EGO,,,
395,Main Event,6,20000000.0,4331,YAMAGAN,,,
395,Main Event,7,20000000.0,4323,SBTC Esports,,,
395,Main Event,8,20000000.0,388,DivisionX Gaming,,,
395,Main Event,9,10000000.0,4330,Fancy United Esports,,,
395,Main Event,10,10000000.0,4322,TiAMAT,,,
395,Main Event,11,10000000.0,2151,Kantic Gaming,,,
395,Main Event,12,10000000.0,4328,5Ravens,,,
432,Main Event,1,100000.0,2746,6045Pirates,,,
432,Main Event,2,45000.0,1932,Hashira,,,
432,Main Event,3,20000.0,3692,Walküre,,,
432,Main Event,4,20000.0,4251,Alpha Esports Pro,,,
432,Main Event,5,5000.0,3349,Vendetta,,,
432,Main Event,6,5000.0,2952,Fulcrum Esports Catalyst,,,
432,Main Event,7,5000.0,3717,Galaxy Racer,,,
432,Main Event,8,5000.0,4397,Looking For Org,,,
452,Main Event,1,4000.0,904,CBT Gaming,,,
452,Main Event,2,2000.0,3546,KPC Computer Studio,,,
452,Main Event,3,1000.0,3107,Griffin E-Sports,,,
452,Main Event,4,1000.0,3179,Anti Eco Eco Club,,,
452,Main Event,5,500.0,3490,LP33,,,
452,Main Event,6,500.0,2303,Lightning,,,
452,Main Event,7,500.0,3184,All Born to Clutch,,,
452,Main Event,8,500.0,4273,Victory Formula,,,
440,Main Event,1,,104,REJECT,,,
440,Main Event,2,,516,FAV gaming,,,
440,Main Event,3,,2934,FENNEL,,,
440,Main Event,4,,280,LAG Gaming,,,
440,Main Event,5,,2987,Feeling,,,
440,Main Event,6,,4009,Tiimu Sagashitemasu,,,
440,Main Event,7,,2996,ShikouKouketsu,,,
440,Main Event,8,,1734,FIRST Gaming,,,
399,Main Event,1,6400.0,624,Paper Rex,,,
399,Main Event,2,3200.0,617,Team SMG,,,
399,Main Event,3,2000.0,2532,Louvre,,,
399,Main Event,4,1000.0,879,Todak,,,
399,Main Event,5,,3348,Orgless,,,
399,Main Event,6,,1919,Kingsmen,,,
399,Main Event,7,,3524,Timing Monster Gaming,,,
399,Main Event,8,,1942,Team 600,,,
364,Main Event,1,15000.0,243,Gamelanders Blue,,,
364,Main Event,2,15000.0,2406,FURIA,,,
364,Main Event,3,10000.0,420,Team Vikings,,,
364,Main Event,4,10000.0,3512,Sharks Esports,,,
364,Main Event,5,,581,Liberty,,,
364,Main Event,6,,2428,SLICK,,,
364,Main Event,7,,3664,SEMORGAINDA,,,
364,Main Event,8,,1916,INGAMING Esports,,,
364,Open Qual,1,,581,Liberty,,,
364,Open Qual,2,,243,Gamelanders Blue,,,
364,Open Qual,3,,1916,INGAMING Esports,,,
364,Open Qual,4,,3664,SEMORGAINDA,,,
364,Open Qual,5,,4044,Exodia Club,,,
364,Open Qual,6,,4045,Susheria Katojin,,,
364,Open Qual,7,,3560,SEMORGANIZAÇÃO,,,
364,Open Qual,8,,1830,Vorax,,,
375,Main Event,1,15000.0,2593,FNATIC,,,
375,Main Event,2,10000.0,474,Team Liquid,,,
375,Main Event,3,5000.0,3908,Team BDS,,,
375,Main Event,4,5000.0,2059,Team Vitality,,,
375,Main Event,5,,257,G2 Esports,,,
375,Main Event,6,,3531,Acend,,,
375,Main Event,7,,3,Ninjas in Pyjamas,,,
375,Main Event,8,,3604,CE Calling,,,
375,Qualifier Play-In,1,,439,Opportunists,,,
375,Qualifier Play-In,2,,3531,Acend,,,
375,Qualifier Play-In,3,,257,G2 Esports,,,
375,Qualifier Play-In,4,,474,Team Liquid,,,
375,Qualifier Play-In,5,,2059,Team Vitality,,,
375,Qualifier Play-In,6,,3,Ninjas in Pyjamas,,,
375,Qualifier Play-In,7,,2593,FNATIC,,,
375,Qualifier Play-In,8,,3604,CE Calling,,,
392,Main Event,1,8000.0,397,BBL Esports,,,
392,Main Event,2,5000.0,935,Anatolia Esports,,,
392,Main Event,3,2500.0,1913,RARE Esports,,,
392,Main Event,4,2500.0,1453,OtherSide,,,
392,Main Event,5,,3474,Orgless5,,,
392,Main Event,6,,2416,Cyber Skull Esports,,,
392,Main Event,7,,3259,Unity Esports,,,
392,Main Event,8,,5310,Fenerbahçe Esports,,,
392,Qualifier Play-In,1,,397,BBL Esports,,,
392,Qualifier Play-In,2,,1913,RARE Esports,,,
392,Qualifier Play-In,3,,935,Anatolia Esports,,,
392,Qualifier Play-In,4,,3259,Unity Esports,,,
392,Qualifier Play-In,5,,5310,Fenerbahçe Esports,,,
392,Qualifier Play-In,6,,1453,OtherSide,,,
392,Qualifier Play-In,7,,3474,Orgless5,,,
392,Qualifier Play-In,8,,2416,Cyber Skull Esports,,,
420,Main Event,1,30000000.0,1915,NXL LIGAGAME,,,
420,Main Event,2,15000000.0,2814,Bigetron Arctic,,,
420,Main Event,3,10000000.0,1110,Alter Ego,,,
420,Main Event,4,4000000.0,466,BOOM Esports,,,
420,Main Event,5,1000000.0,3141,VVV,,,
420,Main Event,6,1000000.0,3652,Morph Impact,,,
420,Main Event,7,1000000.0,4059,Reckless Lads,,,
420,Main Event,8,1000000.0,1700,XcN Gaming,,,
420,Qualifier,1,,2814,Bigetron Arctic,,,
420,Qualifier,2,,4059,Reckless Lads,,,
420,Qualifier,3,,1700,XcN Gaming,,,
420,Qualifier,4,,3141,VVV,,,
420,Qualifier,5,,2029,WAY Esports,,,
433,Main Event,1,2000.0,904,CBT Gaming,,,
433,Main Event,2,1000.0,3546,KPC Computer Studio,,,
433,Main Event,3,500.0,2303,Lightning,,,
433,Main Event,4,500.0,3179,Anti Eco Eco Club,,,
433,Main Event,5,250.0,4273,Victory Formula,,,
433,Main Event,6,250.0,3490,LP33,,,
433,Main Event,7,250.0,3184,All Born to Clutch,,,
433,Main Event,8,250.0,3107,Griffin E-Sports,,,
433,Qualifier,1,,4273,Victory Formula,,,
433,Qualifier,2,,3490,LP33,,,
433,Qualifier,3,,3184,All Born to Clutch,,,
433,Qualifier,4,,3179,Anti Eco Eco Club,,,
431,Main Event,1,100000.0,6389,Bren Esports,,,
431,Main Event,2,45000.0,2747,ex-SV Empire,,,
431,Main Event,3,20000.0,1932,Hashira,,,
431,Main Event,4,20000.0,4251,Alpha Esports Pro,,,
431,Main Event,5,5000.0,3717,Galaxy Racer,,,
431,Main Event,6,5000.0,2952,Fulcrum Esports Catalyst,,,
431,Main Event,7,5000.0,2746,6045Pirates,,,
431,Main Event,8,5000.0,3692,Walküre,,,
431,Qualifier 1,1,,3717,Galaxy Racer,,,
431,Qualifier 1,2,,3692,Walküre,,,
431,Qualifier 2,1,,4251,Alpha Esports Pro,,,
431,Qualifier 2,2,,2952,Fulcrum Esports Catalyst,,,
431,Qualifier 2,3,,3349,Vendetta,,,
383,Qualifiers Day 1,1,,3348,Orgless,,,
383,Qualifiers Day 1,2,,2532,Louvre,,,
383,Qualifiers Day 1,3,,879,Todak,,,
383,Qualifiers Day 1,4,,3524,Timing Monster Gaming,,,
383,Qualifiers Day 2,1,,3524,Timing Monster Gaming,,,
383,Qualifiers Day 2,2,,879,Todak,,,
383,Qualifiers Day 2,3,,627,Team LZ,,,
383,Qualifiers Day 2,4,,2505,Looking For Org,,,
383,Main Event,1,6400.0,624,Paper Rex,,,
383,Main Event,2,3200.0,2532,Louvre,,,
383,Main Event,3,2000.0,617,Team SMG,,,
383,Main Event,4,1000.0,879,Todak,,,
383,Main Event,5,,3348,Orgless,,,
383,Main Event,6,,1942,Team 600,,,
383,Main Event,7,,1919,Kingsmen,,,
383,Main Event,8,,3524,Timing Monster Gaming,,,
370,Main Event,1,20000.0,120,100 Thieves,,,
370,Main Event,2,10000.0,533,XSET,,,
370,Main Event,3,7000.0,427,ENVY,,,
370,Main Event,4,5000.0,2815,Version1,,,
370,Main Event,5,3000.0,188,Cloud9,,,
370,Main Event,6,3000.0,103,Immortals,,,
370,Main Event,7,1000.0,473,Built By Gamers,,,
370,Main Event,8,1000.0,856,Andbox,,,
370,Open Qualifier,1,,473,Built By Gamers,,,
370,Open Qualifier,2,,533,XSET,,,
370,Open Qualifier,3,,427,ENVY,,,
370,Open Qualifier,4,,120,100 Thieves,,,
370,Open Qualifier,5,,2815,Version1,,,
370,Open Qualifier,6,,188,Cloud9,,,
370,Open Qualifier,7,,103,Immortals,,,
370,Open Qualifier,8,,856,Andbox,,,
396,Main Event: LAN,1,2500.0,363,INFINITY,,,
396,Main Event: LAN,2,1000.0,724,E-Xolos LAZER,,,
396,Main Event: LAN,3,500.0,3125,Funkboings,,,
396,Main Event: LAN,4,500.0,2363,Pro Hub Gaming,,,
396,Main Event: LAN,5,,3129,Reven Esports,,,
396,Main Event: LAN,6,,3322,Border Monsters,,,
396,Main Event: LAN,7,,3127,CNG Esports,,,
396,Main Event: LAN,8,,1831,LDM Esports,,,
396,Open Qualifier: LAN,1,,3322,Border Monsters,,,
396,Open Qualifier: LAN,2,,2363,Pro Hub Gaming,,,
396,Open Qualifier: LAN,3,,724,E-Xolos LAZER,,,
396,Open Qualifier: LAN,4,,363,INFINITY,,,
396,Main Event: LAS,1,2500.0,2355,KRÜ Esports,,,
396,Main Event: LAS,2,1000.0,367,9z Team,,,
396,Main Event: LAS,3,500.0,2360,Kaos Latin Gamers,,,
396,Main Event: LAS,4,500.0,644,Wygers Argentina,,,
396,Main Event: LAS,5,,2596,Malvinas Gaming,,,
396,Main Event: LAS,6,,361,Furious Gaming,,,
396,Main Event: LAS,7,,721,DKS Esports,,,
396,Main Event: LAS,8,,3942,Meta Gaming,,,
396,Open Qualifier: LAS,1,,367,9z Team,,,
396,Open Qualifier: LAS,2,,644,Wygers Argentina,,,
396,Open Qualifier: LAS,3,,721,DKS Esports,,,
396,Open Qualifier: LAS,4,,2355,KRÜ Esports,,,
396,Open Qualifier: LAS,5,,2596,Malvinas Gaming,,,
396,Open Qualifier: LAS,6,,2360,Kaos Latin Gamers,,,
396,Open Qualifier: LAS,7,,3942,Meta Gaming,,,
396,Open Qualifier: LAS,8,,361,Furious Gaming,,,
377,Main Event,1,,2988,NORTHEPTION,,,
377,Main Event,2,,279,Absolute JUPITER,,,
377,Main Event,3,,282,SCARZ,,,
377,Main Event,4,,277,Crazy Raccoon,,,
377,Main Event,5,,280,LAG Gaming,,,
377,Main Event,6,,2987,Feeling,,,
377,Main Event,7,,2996,ShikouKouketsu,,,
377,Main Event,8,,4009,Tiimu Sagashitemasu,,,
374,Main Event,1,15000.0,628,FunPlus Phoenix,,,
374,Main Event,2,10000.0,1209,Guild Esports,,,
374,Main Event,3,5000.0,439,Opportunists,,,
374,Main Event,4,5000.0,3,Ninjas in Pyjamas,,,
374,Main Event,5,,2059,Team Vitality,,,
374,Main Event,6,,1001,Team Heretics,,,
374,Main Event,7,,2533,Alliance,,,
374,Main Event,8,,3531,Acend,,,
374,Qualifier Play-In,1,,3531,Acend,,,
374,Qualifier Play-In,2,,439,Opportunists,,,
374,Qualifier Play-In,3,,2533,Alliance,,,
374,Qualifier Play-In,4,,628,FunPlus Phoenix,,,
374,Qualifier Play-In,5,,3,Ninjas in Pyjamas,,,
374,Qualifier Play-In,6,,1001,Team Heretics,,,
374,Qualifier Play-In,7,,1209,Guild Esports,,,
374,Qualifier Play-In,8,,2059,Team Vitality,,,
374,Qualifier Play-In,9,,3541,KLATWA,,,
374,Qualifier Play-In,10,,2304,Giants Gaming,,,
374,Qualifier Play-In,11,,3082,Lasagna Beam,,,
374,Qualifier Play-In,12,,474,Team Liquid,,,
374,Qualifier Play-In,13,,3303,volvo peek,,,
374,Qualifier Play-In,14,,324,Wave Esports,,,
374,Qualifier Play-In,15,,2593,FNATIC,,,
374,Qualifier Play-In,16,,2373,Rix.GG Thunder,,,
387,Main Event,1,8000.0,108,forZe,,,
387,Main Event,2,5000.0,1020,CrowСrowd,,,
387,Main Event,3,2500.0,10094,GMT Esports,,,
387,Main Event,4,2500.0,1341,Team Singularity,,,
387,Main Event,5,,2049,Team Divinity,,,
387,Main Event,6,,604,Aim.Attack,,,
387,Main Event,7,,6267,One Breath Gaming,,,
387,Main Event,8,,682,Gambit Esports,,,
387,Qualifier Play-In,1,,108,forZe,,,
387,Qualifier Play-In,2,,1341,Team Singularity,,,
387,Qualifier Play-In,3,,682,Gambit Esports,,,
387,Qualifier Play-In,4,,10094,GMT Esports,,,
387,Qualifier Play-In,5,,6267,One Breath Gaming,,,
387,Qualifier Play-In,6,,604,Aim.Attack,,,
387,Qualifier Play-In,7,,1020,CrowСrowd,,,
387,Qualifier Play-In,8,,2049,Team Divinity,,,
388,Main Event,1,8000.0,1184,FUT Esports,,,
388,Main Event,2,5000.0,921,Oxygen Esports,,,
388,Main Event,3,2500.0,397,BBL Esports,,,
388,Main Event,4,2500.0,3261,Kafalar eSports,,,
388,Main Event,5,,3725,MORE Esports,,,
388,Main Event,6,,5310,Fenerbahçe Esports,,,
388,Main Event,7,,1453,OtherSide,,,
388,Main Event,8,,935,Anatolia Esports,,,
388,Qualifier Play-In,1,,1184,FUT Esports,,,
388,Qualifier Play-In,2,,921,Oxygen Esports,,,
388,Qualifier Play-In,3,,5310,Fenerbahçe Esports,,,
388,Qualifier Play-In,4,,3261,Kafalar eSports,,,
388,Qualifier Play-In,5,,397,BBL Esports,,,
388,Qualifier Play-In,6,,3725,MORE Esports,,,
388,Qualifier Play-In,7,,935,Anatolia Esports,,,
388,Qualifier Play-In,8,,1453,OtherSide,,,
385,Main Event,1,60000.0,1932,Hashira,,,
385,Main Event,2,30000.0,6389,Bren Esports,,,
385,Main Event,3,15000.0,2747,ex-SV Empire,,,
385,Main Event,4,15000.0,2746,6045Pirates,,,
385,Main Event,5,5000.0,1926,SE ATLAS,,,
385,Main Event,6,5000.0,3692,Walküre,,,
385,Main Event,7,5000.0,1929,KADILIMAN,,,
385,Main Event,8,5000.0,3717,Galaxy Racer,,,
385,Qualifier 1,1,,2747,ex-SV Empire,,,
385,Qualifier 1,2,,1932,Hashira,,,
385,Qualifier 1,3,,1929,KADILIMAN,,,
385,Qualifier 1,4,,1926,SE ATLAS,,,
385,Qualifier 2,1,,3717,Galaxy Racer,,,
385,Qualifier 2,2,,3692,Walküre,,,
385,Qualifier 2,3,,2746,6045Pirates,,,
384,Main Event,1,2000.0,904,CBT Gaming,,,
384,Main Event,2,1000.0,3546,KPC Computer Studio,,,
384,Main Event,3,500.0,2303,Lightning,,,
384,Main Event,4,500.0,3107,Griffin E-Sports,,,
384,Main Event,5,250.0,3179,Anti Eco Eco Club,,,
384,Main Event,6,250.0,3490,LP33,,,
384,Main Event,7,250.0,3700,Shi Shui Wen,,,
384,Main Event,8,250.0,6397,Five Ace Esports,,,
384,Qualifier,1,,3546,KPC Computer Studio,,,
384,Qualifier,2,,3179,Anti Eco Eco Club,,,
384,Qualifier,3,,3107,Griffin E-Sports,,,
384,Qualifier,4,,3490,LP33,,,
384,Qualifier,5,,904,CBT Gaming,,,
384,Qualifier,6,,3700,Shi Shui Wen,,,
384,Qualifier,7,,6397,Five Ace Esports,,,
384,Qualifier,8,,2303,Lightning,,,
386,Main Event,1,27000.0,2112,X10 Esports,,,
386,Main Event,2,20250.0,623,Sharper Esport,,,
386,Main Event,3,16875.0,4050,FULL SENSE,,,
386,Main Event,4,16875.0,1481,NG.Black,,,
386,Main Event,5,13500.0,3691,Suradech Gaming,,,
386,Main Event,6,13500.0,2270,Foxy Araikordai,,,
386,Main Event,7,13500.0,3689,2red,,,
386,Main Event,8,13500.0,1485,Aricat Esport Family,,,
386,Qualifier,1,,623,Sharper Esport,,,
386,Qualifier,2,,2270,Foxy Araikordai,,,
386,Qualifier,3,,4050,FULL SENSE,,,
386,Qualifier,4,,3689,2red,,,
386,Qualifier,5,,3691,Suradech Gaming,,,
386,Qualifier,6,,1485,Aricat Esport Family,,,
379,Main Event,1,10000000.0,466,BOOM Esports,,,
379,Main Event,2,5000000.0,1110,Alter Ego,,,
379,Main Event,3,3000000.0,1915,NXL LIGAGAME,,,
379,Main Event,4,2000000.0,3652,Morph Impact,,,
379,Main Event,5,1000000.0,2031,KINGSLAYERS,,,
379,Main Event,6,1000000.0,2814,Bigetron Arctic,,,
379,Main Event,7,1000000.0,2568,Ethereal,,,
379,Main Event,8,1000000.0,1700,XcN Gaming,,,
379,Qualifier,1,,1110,Alter Ego,,,
379,Qualifier,2,,1700,XcN Gaming,,,
379,Qualifier,3,,2814,Bigetron Arctic,,,
379,Qualifier,4,,3652,Morph Impact,,,
379,Qualifier,5,,2031,KINGSLAYERS,,,
379,Qualifier,6,,2568,Ethereal,,,
373,Main Event,1,6400.0,1919,Kingsmen,,,
373,Main Event,2,3200.0,624,Paper Rex,,,
373,Main Event,3,2000.0,1942,Team 600,,,
373,Main Event,4,1000.0,617,Team SMG,,,
373,Main Event,5,,627,Team LZ,,,
373,Main Event,6,,3348,Orgless,,,
373,Main Event,7,,1951,Wulf Esports,,,
373,Main Event,8,,1921,Zero Synergy,,,
373,Last Chance Qualifiers,1,,1942,Team 600,,,
373,Last Chance Qualifiers,2,,1951,Wulf Esports,,,
373,Last Chance Qualifiers,3,,1921,Zero Synergy,,,
373,Last Chance Qualifiers,4,,3615,noGAMESENSE,,,
373,Qualifiers,1,,627,Team LZ,,,
373,Qualifiers,2,,3348,Orgless,,,
373,Qualifiers,3,,624,Paper Rex,,,
373,Qualifiers,4,,1919,Kingsmen,,,
373,Qualifiers,5,,3615,noGAMESENSE,,,
373,Qualifiers,6,,1946,Zero Synergy White,,,
373,Qualifiers,7,,1942,Team 600,,,
373,Qualifiers,8,,1951,Wulf Esports,,,
391,Main Event,1,8000.0,682,Gambit Esports,,,
391,Main Event,2,5000.0,6267,One Breath Gaming,,,
391,Main Event,3,2500.0,1020,CrowСrowd,,,
391,Main Event,4,2500.0,108,forZe,,,
391,Main Event,5,,10094,GMT Esports,,,
391,Main Event,6,,604,Aim.Attack,,,
391,Main Event,7,,1341,Team Singularity,,,
391,Main Event,8,,3808,1280x960,,,
391,Qualifier Play-In,1,,682,Gambit Esports,,,
391,Qualifier Play-In,2,,6267,One Breath Gaming,,,
391,Qualifier Play-In,3,,604,Aim.Attack,,,
391,Qualifier Play-In,4,,3808,1280x960,,,
391,Qualifier Play-In,5,,3997,EZclap,,,
391,Qualifier Play-In,6,,3952,DAT,,,
391,Qualifier Play-In,7,,2118,TooManyQuestions,,,
391,Qualifier Play-In,8,,488,tyeasy,,,
363,Main Event,1,15000.0,420,Team Vikings,,,
363,Main Event,2,15000.0,2406,FURIA,,,
363,Main Event,3,10000.0,2428,SLICK,,,
363,Main Event,4,10000.0,3512,Sharks Esports,,,
363,Main Event,5,,243,Gamelanders Blue,,,
363,Main Event,6,,1830,Vorax,,,
363,Main Event,7,,2343,Rise Gaming,,,
363,Main Event,8,,3222,FREEAGENTS,,,
363,Open Qual,1,,1830,Vorax,,,
363,Open Qual,2,,2343,Rise Gaming,,,
363,Open Qual,3,,3512,Sharks Esports,,,
363,Open Qual,4,,420,Team Vikings,,,
363,Open Qual,5,,2406,FURIA,,,
363,Open Qual,6,,3222,FREEAGENTS,,,
363,Open Qual,7,,2428,SLICK,,,
363,Open Qual,8,,243,Gamelanders Blue,,,
340,Main Event: LAN,1,15000.0,4094,Six Karma,100.0,11.0,
340,Main Event: LAN,2,7500.0,724,E-Xolos LAZER,70.0,7.7,
340,Main Event: LAN,3,3750.0,3322,Border Monsters,45.0,4.95,
340,Main Event: LAN,4,3750.0,363,INFINITY,45.0,4.95,
340,Main Event: LAN,5,,1991,Akave Esports,20.0,2.2,
340,Main Event: LAN,6,,3129,Reven Esports,20.0,2.2,
340,Main Event: LAN,7,,3125,Funkboings,10.0,1.1,
340,Main Event: LAN,8,,777,Kaizen Esports,10.0,1.1,
340,Main Event: LAS,1,15000.0,719,Australs,100.0,11.0,
340,Main Event: LAS,2,7500.0,644,Wygers Argentina,70.0,7.7,
340,Main Event: LAS,3,3750.0,361,Furious Gaming,45.0,4.95,
340,Main Event: LAS,4,3750.0,2355,KRÜ Esports,45.0,4.95,
340,Main Event: LAS,5,,2358,Stampede Gaming,20.0,2.2,
340,Main Event: LAS,6,,367,9z Team,20.0,2.2,
340,Main Event: LAS,7,,3942,Meta Gaming,10.0,1.1,
340,Main Event: LAS,8,,2354,Optix,10.0,1.1,
338,Tournament,1,90000.0,420,Team Vikings,100.0,11.0,
338,Tournament,2,60000.0,243,Gamelanders Blue,70.0,7.7,
338,Tournament,3,30000.0,203,paiN Gaming,45.0,4.95,
338,Tournament,4,30000.0,2406,FURIA,45.0,4.95,
338,Tournament,5,10000.0,3512,Sharks Esports,20.0,2.2,
338,Tournament,6,10000.0,1830,Vorax,20.0,2.2,
338,Tournament,7,10000.0,1911,Imperial Esports,20.0,2.2,
338,Tournament,8,10000.0,2428,SLICK,20.0,2.2,
333,Main Event,1,60000.0,2,Sentinels,100.0,11.0,
333,Main Event,2,30000.0,337,FaZe Clan,70.0,7.7,
333,Main Event,3,15000.0,17,Gen.G,50.0,5.5,
333,Main Event,4,15000.0,427,ENVY,35.0,3.85,
333,Main Event,5,7500.0,642,Luminosity,20.0,2.2,
333,Main Event,6,7500.0,120,100 Thieves,20.0,2.2,
333,Main Event,7,7500.0,103,Immortals,10.0,1.1,
333,Main Event,8,7500.0,533,XSET,10.0,1.1,
334,Main Event,1,60000.0,3531,Acend,100.0,11.0,
334,Main Event,2,30000.0,1001,Team Heretics,70.0,7.7,
334,Main Event,3,15000.0,628,FunPlus Phoenix,45.0,4.95,
334,Main Event,4,15000.0,1209,Guild Esports,45.0,4.95,
334,Main Event,5,10000.0,3908,Team BDS,20.0,2.2,
334,Main Event,6,10000.0,3,Ninjas in Pyjamas,20.0,2.2,
334,Main Event,7,5000.0,2533,Alliance,10.0,1.1,
334,Main Event,8,5000.0,2566,Ballista,10.0,1.1,
342,Main Event,1,30000.0,1184,FUT Esports,100.0,11.0,
342,Main Event,2,15000.0,397,BBL Esports,70.0,7.7,
342,Main Event,3,7500.0,1913,RARE Esports,45.0,4.95,
342,Main Event,4,7500.0,921,Oxygen Esports,45.0,4.95,
342,Main Event,5,5000.0,2416,Cyber Skull Esports,20.0,2.2,
342,Main Event,6,5000.0,6132,İstanbul Wildcats,20.0,2.2,
342,Main Event,7,2500.0,1453,OtherSide,10.0,1.1,
342,Main Event,8,2500.0,1675,Zero Zone,10.0,1.1,
344,Main Event,1,30000.0,682,Gambit Esports,100.0,11.0,
344,Main Event,2,15000.0,108,forZe,70.0,7.7,
344,Main Event,3,7500.0,1020,CrowСrowd,45.0,4.95,
344,Main Event,4,7500.0,10094,GMT Esports,45.0,4.95,
344,Main Event,5,5000.0,6267,One Breath Gaming,20.0,2.2,
344,Main Event,6,5000.0,1341,Team Singularity,20.0,2.2,
344,Main Event,7,2500.0,2049,Team Divinity,10.0,1.1,
344,Main Event,8,2500.0,488,tyeasy,10.0,1.1,
351,Playoffs,1,40000.0,198,Vision Strikers,100.0,11.0,
351,Playoffs,2,20000.0,2328,NUTURN,70.0,7.7,
351,Playoffs,3,10000.0,2933,MUYAHO,45.0,4.95,
351,Playoffs,4,10000.0,2542,DAMWON Gaming,45.0,4.95,
351,Group Stage,5,6000.0,1970,TNL Esports,20.0,11.0,
351,Group Stage,6,6000.0,2806,GoNGo Prince,20.0,11.0,
351,Group Stage,7,4000.0,2548,APEX PEOPLE,10.0,5.5,
351,Group Stage,8,4000.0,1670,F4Q,10.0,5.5,
347,Main Event,1,25000.0,2112,X10 Esports,100.0,11.0,
347,Main Event,2,10000.0,617,Team SMG,70.0,7.7,
347,Main Event,3,5000.0,3546,KPC Computer Studio,45.0,4.95,
347,Main Event,4,5000.0,466,BOOM Esports,45.0,4.95,
347,Main Event,5,1250.0,4050,FULL SENSE,20.0,2.2,
347,Main Event,6,1250.0,6389,Bren Esports,20.0,2.2,
347,Main Event,7,1250.0,3717,Galaxy Racer,20.0,2.2,
347,Main Event,8,1250.0,1915,NXL LIGAGAME,20.0,2.2,
352,Main Event,1,3000000.0,277,Crazy Raccoon,100.0,11.0,
352,Main Event,2,1000000.0,279,Absolute JUPITER,70.0,7.7,
352,Main Event,3,400000.0,104,REJECT,50.0,5.5,
352,Main Event,4,200000.0,516,FAV gaming,35.0,3.85,
352,Main Event,5,100000.0,280,LAG Gaming,20.0,2.2,
352,Main Event,6,100000.0,1734,FIRST Gaming,20.0,2.2,
352,Main Event,7,100000.0,2108,BLUE BEES.ESP,10.0,1.1,
352,Main Event,8,100000.0,2934,FENNEL,10.0,1.1,
297,Finals,1,4000.0,1208,ORDER,100.0,11.0,
297,Finals,2,3000.0,591,Mindfreak,85.0,9.35,
297,Finals,3,2000.0,3279,Straight Outta The Zoo,70.0,7.7,
297,Finals,4,1000.0,1319,Funcrew,55.0,6.05,
297,Finals,5,,1696,Wildcard Gaming,30.0,3.3,
297,Finals,6,,1352,Dire Wolves,30.0,3.3,
297,Finals,7,,2826,Kanga Esports,30.0,3.3,
297,Finals,8,,435,OverPalaStrike,30.0,3.3,
297,Last Chance,1,,3279,Straight Outta The Zoo,,,
297,Last Chance,2,,435,OverPalaStrike,,,
297,Last Chance,3,,865,Paradox Esports,,,
297,Closed Qual #2,1,,2286,ex-EXO Clan,,,
297,Closed Qual #2,2,,1319,Funcrew,,,
297,Closed Qual #2,3,,2826,Kanga Esports,,,
297,Closed Qual #2,4,,591,Mindfreak,,,
297,Closed Qual #2,5,,27,Shidiots,,,
297,Closed Qual #2,6,,865,Paradox Esports,,,
297,Closed Qual #2,7,,435,OverPalaStrike,,,
297,Closed Qual #2,8,,3279,Straight Outta The Zoo,,,
297,Closed Qual #1,1,,1208,ORDER,,,
297,Closed Qual #1,2,,2900,Demon,,,
297,Closed Qual #1,3,,1696,Wildcard Gaming,,,
297,Closed Qual #1,4,,1352,Dire Wolves,,,
297,Closed Qual #1,5,,865,Paradox Esports,,,
297,Closed Qual #1,6,,2826,Kanga Esports,,,
297,Closed Qual #1,7,,591,Mindfreak,,,
297,Closed Qual #1,8,,435,OverPalaStrike,,,
348,Main Event,1,4000.0,3106,Looking For Sponsor,,,
348,Main Event,2,2000.0,6397,Five Ace Esports,,,
348,Main Event,5,500.0,3184,All Born to Clutch,,,
348,Main Event,6,500.0,3112,TRAITORS,,,
348,Main Event,7,500.0,3490,LP33,,,
348,Main Event,8,500.0,3107,Griffin E-Sports,,,
348,Qualifier,1,,3184,All Born to Clutch,,,
348,Qualifier,2,,3490,LP33,,,
348,Qualifier,3,,3112,TRAITORS,,,
348,Qualifier,4,,3107,Griffin E-Sports,,,
349,Main Event,1,18000.0,2112,X10 Esports,,,
349,Main Event,2,13500.0,4210,Made in Thailand,,,
349,Main Event,3,11250.0,623,Sharper Esport,,,
349,Main Event,4,11250.0,4050,FULL SENSE,,,
349,Main Event,5,9000.0,3164,Not Ready,,,
349,Main Event,6,9000.0,2270,Foxy Araikordai,,,
349,Main Event,7,9000.0,989,LYNX TH,,,
349,Main Event,8,9000.0,1106,Overtime Esports,,,
349,Qualifier,1,,4210,Made in Thailand,,,
349,Qualifier,2,,3164,Not Ready,,,
349,Qualifier,3,,989,LYNX TH,,,
349,Qualifier,4,,2270,Foxy Araikordai,,,
349,Qualifier,5,,1106,Overtime Esports,,,
296,Main Event,1,30000000.0,466,BOOM Esports,,,
296,Main Event,2,20000000.0,1110,Alter Ego,,,
296,Main Event,3,15000000.0,2032,ONIC G,,,
296,Main Event,4,10000000.0,2814,Bigetron Arctic,,,
296,Main Event,5,1000000.0,3132,ANARCHY,,,
296,Main Event,6,1000000.0,2569,Seniman Grooming,,,
296,Main Event,7,1000000.0,1700,XcN Gaming,,,
296,Main Event,8,1000000.0,1698,ex-AING MAUNG Esports,,,
296,Qualifier,1,,2032,ONIC G,,,
296,Qualifier,2,,1698,ex-AING MAUNG Esports,,,
296,Qualifier,3,,2569,Seniman Grooming,,,
296,Qualifier,4,,3132,ANARCHY,,,
296,Qualifier,5,,2814,Bigetron Arctic,,,
294,Playoffs,1,6400.0,617,Team SMG,,,
294,Playoffs,2,3200.0,3524,Timing Monster Gaming,,,
294,Playoffs,3,2000.0,3348,Orgless,,,
294,Playoffs,4,1000.0,624,Paper Rex,,,
294,Playoffs,5,,1942,Team 600,,,
294,Playoffs,6,,1919,Kingsmen,,,
294,Playoffs,7,,2532,Louvre,,,
294,Playoffs,8,,3505,Tengkorak,,,
294,Qualifiers,1,,617,Team SMG,,,
294,Qualifiers,2,,3505,Tengkorak,,,
294,Qualifiers,3,,2532,Louvre,,,
294,Qualifiers,4,,1942,Team 600,,,
294,Qualifiers,5,,3353,Chicken Rice Sedap,,,
294,Qualifiers,6,,2821,Team Coxlong,,,
294,Qualifiers,7,,2921,Mantou,,,
294,Qualifiers,8,,3355,ALLG,,,
324,Main Event,1,20000.0,337,FaZe Clan,,,
324,Main Event,2,10000.0,120,100 Thieves,,,
324,Main Event,3,7000.0,642,Luminosity,,,
324,Main Event,4,5000.0,17,Gen.G,,,
324,Main Event,5,3000.0,1034,NRG,,,
324,Main Event,6,3000.0,106,TSM,,,
324,Main Event,7,1000.0,14,T1,,,
324,Main Event,8,1000.0,3187,Kooky Koalas,,,
324,Qualifier,1,,106,TSM,,,
324,Qualifier,2,,1034,NRG,,,
324,Qualifier,3,,14,T1,,,
324,Qualifier,4,,3187,Kooky Koalas,,,
324,Qualifier,5,,631,beastcoast,,,
324,Qualifier,6,,188,Cloud9,,,
324,Qualifier,7,,382,Demon Time,,,
324,Qualifier,8,,2815,Version1,,,
326,Main Event,1,15000.0,1911,Imperial Esports,,,
326,Main Event,2,15000.0,3512,Sharks Esports,,,
326,Main Event,3,10000.0,203,paiN Gaming,,,
326,Main Event,4,10000.0,2428,SLICK,,,
326,Main Event,5,,889,DELIRAWOW,,,
326,Main Event,6,,2343,Rise Gaming,,,
326,Main Event,7,,3222,FREEAGENTS,,,
326,Main Event,8,,7309,B4 Esports,,,
326,Open Qual,1,,2440,Squad5,,,
326,Open Qual,2,,3222,FREEAGENTS,,,
326,Open Qual,3,,203,paiN Gaming,,,
326,Open Qual,4,,889,DELIRAWOW,,,
339,Main Event,1,4375.0,2416,Cyber Skull Esports,,,
339,Main Event,2,4375.0,1913,RARE Esports,,,
339,Main Event,3,4375.0,1184,FUT Esports,,,
339,Main Event,4,4375.0,1675,Zero Zone,,,
339,Main Event,5,,6132,İstanbul Wildcats,,,
339,Main Event,6,,935,Anatolia Esports,,,
339,Main Event,7,,3261,Kafalar eSports,,,
339,Main Event,8,,2036,Beşiktaş Esports,,,
328,Main Event,1,8750.0,1209,Guild Esports,,,
328,Main Event,2,8750.0,1982,DfuseTeam,,,
328,Main Event,3,8750.0,2566,Ballista,,,
328,Main Event,4,8750.0,2577,Raise Your Edge,,,
328,Main Event,5,,2965,OG,,,
328,Main Event,6,,2593,FNATIC,,,
328,Main Event,7,,257,G2 Esports,,,
328,Main Event,8,,324,Wave Esports,,,
328,Qualifier Play-in,1,,1209,Guild Esports,,,
328,Qualifier Play-in,2,,1982,DfuseTeam,,,
328,Qualifier Play-in,3,,2566,Ballista,,,
328,Qualifier Play-in,4,,2577,Raise Your Edge,,,
328,Qualifier Play-in,5,,2819,Entropiq,,,
328,Qualifier Play-in,6,,2304,Giants Gaming,,,
328,Qualifier Play-in,7,,2562,HONK,,,
328,Qualifier Play-in,8,,2373,Rix.GG Thunder,,,
343,Main Event,1,4375.0,488,tyeasy,,,
343,Main Event,2,4375.0,10094,GMT Esports,,,
343,Main Event,3,4375.0,108,forZe,,,
343,Main Event,4,4375.0,1341,Team Singularity,,,
343,Main Event,5,,3371,Deja Vu,,,
343,Main Event,6,,3250,Shingeki No Kyojin,,,
343,Main Event,7,,2118,TooManyQuestions,,,
343,Main Event,8,,1266,Jeremiah,,,
350,Main Event,1,60000.0,1934,ArkAngel,,,
350,Main Event,2,30000.0,2957,The First Order,,,
350,Main Event,3,20000.0,3136,Oasis Gaming,,,
350,Main Event,4,20000.0,3504,DR Esports,,,
350,Main Event,5,,1926,SE ATLAS,,,
350,Main Event,6,,2747,ex-SV Empire,,,
350,Main Event,7,,2749,DreamFyre,,,
350,Main Event,8,,1932,Hashira,,,
350,Qualifier 1,1,,1926,SE ATLAS,,,
350,Qualifier 1,2,,2956,Org Not Found,,,
350,Qualifier 1,3,,2749,DreamFyre,,,
350,Qualifier 2,1,,2747,ex-SV Empire,,,
350,Qualifier 2,2,,2957,The First Order,,,
336,Main Event,1,4000000.0,2548,APEX PEOPLE,,,
336,Main Event,2,4000000.0,2542,DAMWON Gaming,,,
336,Main Event,3,3000000.0,1970,TNL Esports,,,
336,Main Event,4,3000000.0,1670,F4Q,,,
336,Main Event,5,2000000.0,1140,TUBEPLE Gaming,,,
336,Main Event,6,2000000.0,1025,ZFGaming,,,
336,Main Event,7,1000000.0,2554,World Game Star,,,
336,Main Event,8,1000000.0,3314,Hamtories,,,
336,Open Qualifier,1,,1670,F4Q,,,
336,Open Qualifier,2,,3314,Hamtories,,,
336,Open Qualifier,3,,2548,APEX PEOPLE,,,
336,Open Qualifier,4,,1140,TUBEPLE Gaming,,,
336,Open Qualifier,5,,3311,I need Girlfriend,,,
336,Open Qualifier,6,,2765,v0rteX 5,,,
336,Open Qualifier,7,,2549,GCA A TEAM,,,
336,Open Qualifier,6,,3315,Mujig 100su,,,
345,Main Event,1,,104,REJECT,,,
345,Main Event,2,,2934,FENNEL,,,
345,Main Event,3,,280,LAG Gaming,,,
345,Main Event,4,,2108,BLUE BEES.ESP,,,
345,Main Event,5,,1732,Novagis Gaming,,,
345,Main Event,6,,283,Sengoku Gaming,,,
345,Main Event,7,,282,SCARZ,,,
345,Main Event,8,,3275,Hexad,,,
323,Main Event: LAN,1,2500.0,1991,Akave Esports,,,
323,Main Event: LAN,2,1500.0,777,Kaizen Esports,,,
323,Main Event: LAN,3,500.0,3129,Reven Esports,,,
323,Main Event: LAN,4,500.0,3125,Funkboings,,,
323,Main Event: LAN,5,,2606,PÊEK Gaming,,,
323,Main Event: LAN,6,,2363,Pro Hub Gaming,,,
323,Main Event: LAN,7,,374,Arctic Gaming Mexico,,,
323,Main Event: LAN,8,,2602,WALTEM Gaming,,,
323,Open Qual: LAN,1,,3125,Funkboings,,,
323,Open Qual: LAN,2,,3129,Reven Esports,,,
323,Open Qual: LAN,3,,2606,PÊEK Gaming,,,
323,Open Qual: LAN,4,,1991,Akave Esports,,,
323,Main Event: LAS,1,2500.0,2358,Stampede Gaming,,,
323,Main Event: LAS,2,1500.0,367,9z Team,,,
323,Main Event: LAS,3,500.0,676,Meta Gaming,,,
323,Main Event: LAS,4,500.0,2354,Optix,,,
323,Main Event: LAS,5,,2359,LEVIATÁN,,,
323,Main Event: LAS,6,,645,Procyon Team,,,
323,Main Event: LAS,7,,2431,Typhoon,,,
323,Main Event: LAS,8,,1988,Aracne Esports,,,
323,Open Qual: LAS,1,,1988,Aracne Esports,,,
323,Open Qual: LAS,2,,2359,LEVIATÁN,,,
323,Open Qual: LAS,3,,2431,Typhoon,,,
323,Open Qual: LAS,4,,645,Procyon Team,,,
327,Main Event,1,4375.0,2909,No Org Found,,,
327,Main Event,2,4375.0,397,BBL Esports,,,
327,Main Event,3,4375.0,1453,OtherSide,,,
327,Main Event,4,4375.0,921,Oxygen Esports,,,
327,Main Event,5,,6132,İstanbul Wildcats,,,
327,Main Event,6,,1184,FUT Esports,,,
327,Main Event,7,,1913,RARE Esports,,,
327,Main Event,8,,2416,Cyber Skull Esports,,,
327,Open Qualifier,1,,2909,No Org Found,,,
327,Open Qualifier,2,,1913,RARE Esports,,,
327,Open Qualifier,3,,1453,OtherSide,,,
327,Open Qualifier,4,,6132,İstanbul Wildcats,,,
327,Open Qualifier,5,,1675,Zero Zone,,,
327,Open Qualifier,6,,3265,Elektronik Denetleme Sistem,,,
327,Open Qualifier,7,,1238,Designated,,,
327,Open Qualifier,8,,2908,Thunderbolts Gaming,,,
330,Main Event,1,4375.0,6267,One Breath Gaming,,,
330,Main Event,2,4375.0,682,Gambit Esports,,,
330,Main Event,3,4375.0,1020,CrowСrowd,,,
330,Main Event,4,4375.0,2049,Team Divinity,,,
330,Main Event,5,,1341,Team Singularity,,,
330,Main Event,6,,108,forZe,,,
330,Main Event,7,,10094,GMT Esports,,,
330,Main Event,8,,488,tyeasy,,,
330,Qualifier Play-in,1,,10094,GMT Esports,,,
330,Qualifier Play-in,2,,488,tyeasy,,,
330,Qualifier Play-in,3,,2049,Team Divinity,,,
330,Qualifier Play-in,4,,108,forZe,,,
330,Qualifier Play-in,5,,2317,5up,,,
330,Qualifier Play-in,6,,2398,Project X,,,
330,Qualifier Play-in,7,,2891,Trident Clan,,,
330,Qualifier Play-in,8,,2835,Ksenox,,,
330,Open Qualifier,1,,488,tyeasy,,,
330,Open Qualifier,2,,2891,Trident Clan,,,
330,Open Qualifier,3,,2835,Ksenox,,,
330,Open Qualifier,4,,10094,GMT Esports,,,
330,Open Qualifier,5,,108,forZe,,,
330,Open Qualifier,6,,2317,5up,,,
330,Open Qualifier,7,,2049,Team Divinity,,,
330,Open Qualifier,8,,2398,Project X,,,
325,Main Event,1,2000.0,3179,Anti Eco Eco Club,,,
325,Main Event,2,1000.0,3106,Looking For Sponsor,,,
325,Main Event,3,500.0,904,CBT Gaming,,,
325,Main Event,4,500.0,6397,Five Ace Esports,,,
325,Main Event,5,250.0,3112,TRAITORS,,,
325,Main Event,6,250.0,3182,Wolfpack,,,
325,Main Event,7,250.0,3184,All Born to Clutch,,,
325,Main Event,8,250.0,3107,Griffin E-Sports,,,
295,Main Event,1,30000000.0,1915,NXL LIGAGAME,,,
295,Main Event,2,20000000.0,466,BOOM Esports,,,
295,Main Event,3,15000000.0,1700,XcN Gaming,,,
295,Main Event,4,10000000.0,1110,Alter Ego,,,
295,Main Event,5,1000000.0,2569,Seniman Grooming,,,
295,Main Event,6,1000000.0,3155,WOLFPACK,,,
295,Main Event,7,1000000.0,2030,ex-Reckless Lads,,,
295,Main Event,8,1000000.0,2814,Bigetron Arctic,,,
295,Qualifier,1,,1700,XcN Gaming,,,
295,Qualifier,2,,2030,ex-Reckless Lads,,,
295,Qualifier,3,,3155,WOLFPACK,,,
295,Qualifier,4,,1915,NXL LIGAGAME,,,
331,Main Event,1,,279,Absolute JUPITER,,,
331,Main Event,2,,277,Crazy Raccoon,,,
331,Main Event,3,,1734,FIRST Gaming,,,
331,Main Event,4,,516,FAV gaming,,,
331,Main Event,5,,3275,Hexad,,,
331,Main Event,6,,104,REJECT,,,
331,Main Event,7,,1732,Novagis Gaming,,,
331,Main Event,8,,2108,BLUE BEES.ESP,,,
293,Playoffs,1,6400.0,2150,JustLose,,,
293,Playoffs,2,3200.0,958,Reality Rift,,,
293,Playoffs,3,2000.0,1919,Kingsmen,,,
293,Playoffs,4,1000.0,624,Paper Rex,,,
293,Playoffs,5,,617,Team SMG,,,
293,Playoffs,6,,2505,Looking For Org,,,
293,Playoffs,7,,2509,XIAO,,,
293,Playoffs,8,,2532,Louvre,,,
293,Qualifiers,1,,624,Paper Rex,,,
293,Qualifiers,2,,2150,JustLose,,,
293,Qualifiers,3,,2505,Looking For Org,,,
293,Qualifiers,4,,2532,Louvre,,,
293,Qualifiers,5,,2921,Mantou,,,
293,Qualifiers,6,,1978,XenoFrost,,,
293,Qualifiers,7,,1942,Team 600,,,
293,Qualifiers,8,,879,Todak,,,
318,Main Event,1,18000.0,1481,NG.Black,,,
318,Main Event,2,13500.0,2112,X10 Esports,,,
318,Main Event,3,11250.0,4050,FULL SENSE,,,
318,Main Event,4,11250.0,623,Sharper Esport,,,
318,Main Event,5,9000.0,1106,Overtime Esports,,,
318,Main Event,6,9000.0,2742,OhMyGirl,,,
318,Main Event,7,9000.0,1485,Aricat Esport Family,,,
318,Main Event,8,9000.0,2270,Foxy Araikordai,,,
306,Main Event,1,20000.0,427,ENVY,,,
306,Main Event,2,10000.0,2,Sentinels,,,
306,Main Event,3,7000.0,103,Immortals,,,
306,Main Event,4,5000.0,533,XSET,,,
306,Main Event,5,3000.0,642,Luminosity,,,
306,Main Event,6,3000.0,120,100 Thieves,,,
306,Main Event,7,1000.0,17,Gen.G,,,
306,Main Event,8,1000.0,337,FaZe Clan,,,
306,Qualifier,1,,120,100 Thieves,,,
306,Qualifier,2,,337,FaZe Clan,,,
306,Qualifier,3,,17,Gen.G,,,
306,Qualifier,4,,427,ENVY,,,
306,Qualifier,5,,468,Renegades,,,
306,Qualifier,6,,106,TSM,,,
306,Qualifier,7,,473,Built By Gamers,,,
306,Qualifier,8,,856,Andbox,,,
302,Main Event: LAN,1,2500.0,1831,LDM Esports,,,
302,Main Event: LAN,2,1000.0,724,E-Xolos LAZER,,,
302,Main Event: LAN,3,500.0,363,INFINITY,,,
302,Main Event: LAN,4,500.0,2365,Buscando Org,,,
302,Main Event: LAN,5,,374,Arctic Gaming Mexico,,,
302,Main Event: LAN,6,,2363,Pro Hub Gaming,,,
302,Main Event: LAN,7,,777,Kaizen Esports,,,
302,Main Event: LAN,8,,2602,WALTEM Gaming,,,
302,Main Event: LAS,1,2500.0,719,Australs,,,
302,Main Event: LAS,2,1000.0,644,Wygers Argentina,,,
302,Main Event: LAS,3,500.0,2355,KRÜ Esports,,,
302,Main Event: LAS,4,500.0,361,Furious Gaming,,,
302,Main Event: LAS,5,,2358,Stampede Gaming,,,
302,Main Event: LAS,6,,2354,Optix,,,
302,Main Event: LAS,7,,676,Meta Gaming,,,
302,Main Event: LAS,8,,367,9z Team,,,
301,Main Event,1,15000.0,243,Gamelanders Blue,,,
301,Main Event,2,15000.0,1830,Vorax,,,
301,Main Event,3,10000.0,2406,FURIA,,,
301,Main Event,4,10000.0,420,Team Vikings,,,
301,Main Event,5,,2343,Rise Gaming,,,
301,Main Event,6,,2428,SLICK,,,
301,Main Event,7,,1911,Imperial Esports,,,
301,Main Event,8,,7309,B4 Esports,,,
301,Open Qual,1,,7309,B4 Esports,,,
301,Open Qual,2,,1830,Vorax,,,
301,Open Qual,3,,2343,Rise Gaming,,,
301,Open Qual,4,,243,Gamelanders Blue,,,
320,Main Event,1,8750.0,2533,Alliance,,,
320,Main Event,2,8750.0,3,Ninjas in Pyjamas,,,
320,Main Event,3,8750.0,628,FunPlus Phoenix,,,
320,Main Event,4,8750.0,1001,Team Heretics,,,
320,Main Event,5,,2965,OG,,,
320,Main Event,6,,2593,FNATIC,,,
320,Main Event,7,,257,G2 Esports,,,
320,Main Event,8,,324,Wave Esports,,,
307,Main Event,1,4000000.0,198,Vision Strikers,,,
307,Main Event,2,4000000.0,2933,MUYAHO,,,
307,Main Event,3,3000000.0,2328,NUTURN,,,
307,Main Event,4,3000000.0,2806,GoNGo Prince,,,
307,Main Event,5,2000000.0,1025,ZFGaming,,,
307,Main Event,6,2000000.0,1970,TNL Esports,,,
307,Main Event,7,1000000.0,2554,World Game Star,,,
307,Main Event,8,1000000.0,2542,DAMWON Gaming,,,
316,Main Event,1,,104,REJECT,,,
316,Main Event,2,,279,Absolute JUPITER,,,
316,Main Event,3,,1734,FIRST Gaming,,,
316,Main Event,4,,516,FAV gaming,,,
316,Main Event,5,,282,SCARZ,,,
316,Main Event,6,,280,LAG Gaming,,,
316,Main Event,7,,513,BlackBird Ignis,,,
316,Main Event,8,,278,DetonatioN FocusMe,,,
316,Qualifier,1,,516,FAV gaming,,,
316,Qualifier,2,,282,SCARZ,,,
316,Qualifier,3,,1734,FIRST Gaming,,,
316,Qualifier,4,,280,LAG Gaming,,,
317,Main Event,1,120000.0,6389,Bren Esports,,,
317,Main Event,2,50000.0,1934,ArkAngel,,,
317,Main Event,3,20000.0,3136,Oasis Gaming,,,
317,Main Event,4,20000.0,1932,Hashira,,,
317,Main Event,5,,2956,Org Not Found,,,
317,Main Event,6,,2957,The First Order,,,
317,Main Event,7,,2749,DreamFyre,,,
317,Main Event,8,,2747,ex-SV Empire,,,
311,Main Event,1,2500.0,2416,Cyber Skull Esports,,,
311,Main Event,2,2500.0,397,BBL Esports,,,
311,Main Event,3,2500.0,921,Oxygen Esports,,,
311,Main Event,4,2500.0,1184,FUT Esports,,,
311,Main Event,5,,6132,İstanbul Wildcats,,,
311,Main Event,6,,2909,No Org Found,,,
311,Main Event,7,,4762,Galakticos,,,
311,Main Event,8,,5310,Fenerbahçe Esports,,,
311,Qualifier,1,,5310,Fenerbahçe Esports,,,
311,Qualifier,2,,2416,Cyber Skull Esports,,,
311,Qualifier,3,,4762,Galakticos,,,
311,Qualifier,4,,397,BBL Esports,,,
311,Qualifier,5,,1184,FUT Esports,,,
311,Qualifier,6,,6132,İstanbul Wildcats,,,
311,Qualifier,7,,2909,No Org Found,,,
311,Qualifier,8,,921,Oxygen Esports,,,
300,Main Event,1,2500.0,6267,One Breath Gaming,,,
300,Main Event,2,2500.0,682,Gambit Esports,,,
300,Main Event,3,2500.0,1020,CrowСrowd,,,
300,Main Event,4,2500.0,1341,Team Singularity,,,
300,Main Event,5,,488,tyeasy,,,
300,Main Event,6,,2391,Mangal,,,
300,Main Event,7,,10094,GMT Esports,,,
300,Main Event,8,,2307,CISFAITH,,,
291,Main Event,1,20000.0,2,Sentinels,,,
291,Main Event,2,10000.0,103,Immortals,,,
291,Main Event,3,7000.0,642,Luminosity,,,
291,Main Event,4,5000.0,533,XSET,,,
291,Main Event,5,3000.0,17,Gen.G,,,
291,Main Event,6,3000.0,427,ENVY,,,
291,Main Event,7,1000.0,856,Andbox,,,
291,Main Event,8,1000.0,1034,NRG,,,
291,Qualifier,1,,103,Immortals,,,
291,Qualifier,2,,427,ENVY,,,
291,Qualifier,3,,2,Sentinels,,,
291,Qualifier,4,,1034,NRG,,,
291,Qualifier,5,,17,Gen.G,,,
291,Qualifier,6,,642,Luminosity,,,
291,Qualifier,7,,533,XSET,,,
291,Qualifier,8,,856,Andbox,,,
292,Main Event,1,15000.0,2406,FURIA,,,
292,Main Event,2,15000.0,420,Team Vikings,,,
292,Main Event,3,10000.0,2428,SLICK,,,
292,Main Event,4,10000.0,1911,Imperial Esports,,,
292,Main Event,5,,1830,Vorax,,,
292,Main Event,6,,2440,Squad5,,,
292,Main Event,7,,889,DELIRAWOW,,,
292,Main Event,8,,1911,Imperial Esports,,,
292,Open Qual,1,,2406,FURIA,,,
292,Open Qual,2,,1311,Galaxy Carrots,,,
292,Open Qual,3,,2428,SLICK,,,
292,Open Qual,4,,889,DELIRAWOW,,,
292,Open Qual,5,,420,Team Vikings,,,
292,Open Qual,6,,2440,Squad5,,,
292,Open Qual,7,,1830,Vorax,,,
292,Open Qual,8,,1911,Imperial Esports,,,
290,Main Event,1,4375.0,628,FunPlus Phoenix,,,
290,Main Event,2,4375.0,324,Wave Esports,,,
290,Main Event,3,4375.0,2567,Monkey Business,,,
290,Main Event,4,4375.0,3,Ninjas in Pyjamas,,,
290,Main Event,5,,257,G2 Esports,,,
290,Main Event,6,,1209,Guild Esports,,,
290,Main Event,7,,2593,FNATIC,,,
290,Main Event,8,,474,Team Liquid,,,
290,Qualifier Playoffs,1,,324,Wave Esports,,,
290,Qualifier Playoffs,2,,2593,FNATIC,,,
290,Qualifier Playoffs,3,,257,G2 Esports,,,
290,Qualifier Playoffs,4,,628,FunPlus Phoenix,,,
290,Qualifier Playoffs,5,,474,Team Liquid,,,
290,Qualifier Playoffs,6,,2567,Monkey Business,,,
290,Qualifier Playoffs,7,,1209,Guild Esports,,,
290,Qualifier Playoffs,8,,3,Ninjas in Pyjamas,,,
290,Qualifier Playoffs,9,,2351,Warriors,,,
290,Qualifier Playoffs,10,,2059,Team Vitality,,,
290,Qualifier Playoffs,11,,2408,HEET,,,
290,Qualifier Playoffs,12,,2533,Alliance,,,
290,Qualifier Playoffs,13,,1071,unsigned,,,
290,Qualifier Playoffs,14,,2319,NoNamers,,,
290,Qualifier Playoffs,15,,2304,Giants Gaming,,,
290,Qualifier Playoffs,16,,6139,19esports,,,
321,Main Event,1,2000.0,619,Only One Word,,,
321,Main Event,2,1500.0,3106,Looking For Sponsor,,,
321,Main Event,3,500.0,904,CBT Gaming,,,
321,Main Event,4,500.0,6397,Five Ace Esports,,,
321,Main Event,5,250.0,3103,色狗幫,,,
321,Main Event,6,250.0,3107,Griffin E-Sports,,,
321,Main Event,7,250.0,2042,LJG,,,
321,Main Event,8,250.0,3112,TRAITORS,,,
298,Main Event,1,4000000.0,2542,DAMWON Gaming,,,
298,Main Event,2,4000000.0,198,Vision Strikers,,,
298,Main Event,3,3000000.0,2554,World Game Star,,,
298,Main Event,4,3000000.0,1331,BearClaw Gaming,,,
298,Main Event,5,2000000.0,1970,TNL Esports,,,
298,Main Event,6,2000000.0,2546,Hamtori ZunDeZinx,,,
298,Main Event,7,1000000.0,1025,ZFGaming,,,
298,Main Event,8,1000000.0,2561,GOMA,,,
287,Main Event,1,15000000.0,466,BOOM Esports,,,
287,Main Event,2,10000000.0,1110,Alter Ego,,,
287,Main Event,3,7000000.0,2569,Seniman Grooming,,,
287,Main Event,4,6000000.0,3652,Morph Impact,,,
287,Main Event,5,1000000.0,1915,NXL LIGAGAME,,,
287,Main Event,6,1000000.0,2030,ex-Reckless Lads,,,
287,Main Event,7,1000000.0,2573,Noir,,,
287,Main Event,8,1000000.0,2576,Surabaya Esports,,,
287,Qualifier,1,,466,BOOM Esports,,,
287,Qualifier,2,,2569,Seniman Grooming,,,
287,Qualifier,3,,1110,Alter Ego,,,
287,Qualifier,4,,2573,Noir,,,
287,Qualifier,5,,1915,NXL LIGAGAME,,,
287,Qualifier,6,,2030,ex-Reckless Lads,,,
287,Qualifier,7,,3652,Morph Impact,,,
287,Qualifier,8,,2576,Surabaya Esports,,,
304,Main Event,1,20000.0,6389,Bren Esports,,,
304,Main Event,2,10000.0,2747,ex-SV Empire,,,
304,Main Event,3,2500.0,1931,Chimaera,,,
304,Main Event,4,2500.0,2749,DreamFyre,,,
304,Main Event,5,,1934,ArkAngel,,,
304,Main Event,6,,2746,6045Pirates,,,
304,Main Event,7,,1926,SE ATLAS,,,
304,Main Event,8,,1935,Affinity Esports,,,
277,Main Event,1,6400.0,958,Reality Rift,,,
277,Main Event,2,3200.0,617,Team SMG,,,
277,Main Event,3,2000.0,1919,Kingsmen,,,
277,Main Event,4,1000.0,2509,XIAO,,,
277,Main Event,5,,2505,Looking For Org,,,
277,Main Event,6,,879,Todak,,,
277,Main Event,7,,2504,ex-Timing Monster Gaming,,,
277,Main Event,8,,2532,Louvre,,,
277,Qualifier,1,,617,Team SMG,,,
277,Qualifier,2,,2504,ex-Timing Monster Gaming,,,
277,Qualifier,3,,1919,Kingsmen,,,
277,Qualifier,4,,879,Todak,,,
277,Qualifier,5,,2505,Looking For Org,,,
277,Qualifier,6,,2509,XIAO,,,
277,Qualifier,7,,2532,Louvre,,,
277,Qualifier,8,,958,Reality Rift,,,
303,Main Event,1,18000.0,2112,X10 Esports,,,
303,Main Event,2,13500.0,2270,Foxy Araikordai,,,
303,Main Event,3,11250.0,1481,NG.Black,,,
303,Main Event,4,11250.0,2742,OhMyGirl,,,
303,Main Event,5,,2743,Terminate Esports,,,
303,Main Event,6,,623,Sharper Esport,,,
303,Main Event,7,,2741,AboveCloud,,,
303,Main Event,8,,1485,Aricat Esport Family,,,
285,Main Event: LAS,1,2500.0,644,Wygers Argentina,,,
285,Main Event: LAS,2,1000.0,2355,KRÜ Esports,,,
285,Main Event: LAS,3,500.0,361,Furious Gaming,,,
285,Main Event: LAS,4,500.0,367,9z Team,,,
285,Main Event: LAN,1,2500.0,724,E-Xolos LAZER,,,
285,Main Event: LAN,2,1000.0,1831,LDM Esports,,,
285,Main Event: LAN,3,500.0,363,INFINITY,,,
285,Main Event: LAN,4,500.0,2363,Pro Hub Gaming,,,
572,Main Event,1,2000.0,3107,Griffin E-Sports,,,
572,Main Event,3,800.0,6397,Five Ace Esports,,,
572,Main Event,4,400.0,5328,TYPHOONS,,,
572,Main Event,5,200.0,5327,Team GMM,,,
572,Main Event,6,200.0,5329,Water,,,
572,Main Event,7,200.0,3488,TGPA,,,
572,Main Event,8,200.0,5332,Horse Victory,,,
572,Qualifier,1,,5327,Team GMM,,,
572,Qualifier,2,,5328,TYPHOONS,,,
572,Qualifier,3,,5329,Water,,,
572,Qualifier,4,,6397,Five Ace Esports,,,
572,Qualifier,5,,3488,TGPA,,,
572,Qualifier,6,,3107,Griffin E-Sports,,,
572,Qualifier,7,,5332,Horse Victory,,,
572,Qualifier,8,,4868,No Name,,,
572,Qualifier,9,,4273,Victory Formula,,,
572,Qualifier,10,,3112,TRAITORS,,,
572,Qualifier,11,,5333,Clutch Jeans,,,
572,Qualifier,12,,5330,XTREME,,,
572,Qualifier,13,,5331,ZZZ,,,
572,Qualifier,14,,2303,Lightning,,,
565,Main Event,1,6400.0,624,Paper Rex,,,
565,Main Event,2,3200.0,5413,UwU,,,
565,Main Event,3,2000.0,879,Todak,,,
565,Main Event,4,1000.0,3613,UndeRank,,,
565,Main Event,5,,617,Team SMG,,,
565,Main Event,6,,1919,Kingsmen,,,
565,Main Event,7,,5408,Saints,,,
565,Main Event,8,,1921,Zero Synergy,,,
565,Last Chance Qualifiers,1,,3613,UndeRank,,,
565,Last Chance Qualifiers,2,,5408,Saints,,,
565,Last Chance Qualifiers,3,,1921,Zero Synergy,,,
565,Last Chance Qualifiers,4,,2506,Myschief,,,
565,Qualifiers,1,,617,Team SMG,,,
565,Qualifiers,2,,879,Todak,,,
565,Qualifiers,3,,1919,Kingsmen,,,
565,Qualifiers,4,,5413,UwU,,,
565,Qualifiers,4,,5408,Saints,,,
565,Qualifiers,5,,3613,UndeRank,,,
565,Qualifiers,6,,1921,Zero Synergy,,,
565,Qualifiers,7,,2506,Myschief,,,
565,Qualifiers,9,,1948,Running Dogs,,,
565,Qualifiers,10,,5407,Full Zen,,,
565,Qualifiers,11,,5409,APLOE,,,
565,Qualifiers,12,,7973,OG Brudders,,,
565,Qualifiers,13,,5411,DRM Esports,,,
565,Qualifiers,14,,5412,Mjestic Clan,,,
565,Qualifiers,15,,2532,Louvre,,,
565,Qualifiers,16,,1951,Wulf Esports,,,
